id,name,harmful_trash_ton,harmful_trash_boundary,harmless_trash_ton,harmless_trash_boundary,trash_ton,trash_boundary,intensity_trash,intensity_trash_unit,trash_ISO
1101,台泥,0,台泥台灣個體公司 (涵蓋營運集團總部、研究室、2座水泥廠、25座製品廠),2883.55,台泥台灣個體公司 (涵蓋營運集團總部、研究室、2座水泥廠、25座製品廠),2883.55,台泥台灣個體公司 (涵蓋營運集團總部、研究室、2座水泥廠、25座製品廠),0,產品,ISO 14001
1102,亞泥,N/A,亞泥個體公司,N/A,亞泥個體公司,3816,亞泥個體公司,0,產品,ISO14001、ISO9001
1103,嘉泥,N/A,合併報表之母子公司但不包含台灣地區營收佔比相較微小之資產出租公司藍鈞及嘉昇建設，及日本區，大陸區所有轉投資公司。,N/A,合併報表之母子公司但不包含台灣地區營收佔比相較微小之資產出租公司藍鈞及嘉昇建設，及日本區，大陸區所有轉投資公司。,239.98,合併報表之母子公司但不包含台灣地區營收佔比相較微小之資產出租公司藍鈞及嘉昇建設，及日本區，大陸區所有轉投資公司。,0,"營業額 2,042,623 (仟元)",N
1104,環泥,0,母公司之阿蓮水泥廠、海湖石膏板廠、直屬七座預拌混凝土場,656.4,母公司之阿蓮水泥廠、海湖石膏板廠、直屬七座預拌混凝土場,656.4,母公司之阿蓮水泥廠、海湖石膏板廠、直屬七座預拌混凝土場,0,產值(新台幣千元),N
1108,幸福,N/A,N/A,N/A,N/A,N/A,N/A,N/A,N/A,N
1109,信大,N/A,僅信大母公司南聖湖工廠,N/A,僅信大母公司南聖湖工廠,116.96,僅信大母公司南聖湖工廠,N/A,N/A,N
1110,東泥,0,工廠,84.79,工廠,84.79,工廠,0,產品,N
1201,味全,1.32,"1.母公司(含總公司、中央研究所、營業所、台中廠、斗六廠、高雄廠)。
2.110年廢棄物重量為4385.55公噸，包含非有害廢棄物4384.23公噸及有廢棄物1.32公噸。
  廢棄物處理方式：有害廢棄物採焚燒及化學處理、非有害廢棄物則以回收再利用(含回收及堆肥自行處理為主、焚化處理次之)。
3.110年廢棄物回收再利用及堆肥量等共計4225.51公噸，資源回收再利用率為 96.4%。",4384.23,"1.母公司(含總公司、中央研究所、營業所、台中廠、斗六廠、高雄廠)。
2.110年廢棄物重量為4385.55公噸，包含非有害廢棄物4384.23公噸及有廢棄物1.32公噸。
  廢棄物處理方式：有害廢棄物採焚燒及化學處理、非有害廢棄物則以回收再利用(含回收及堆肥自行處理為主、焚化處理次之)。
3.110年廢棄物回收再利用及堆肥量等共計4225.51公噸，資源回收再利用率為 96.4%。",4385.55,"1.母公司(含總公司、中央研究所、營業所、台中廠、斗六廠、高雄廠)。
2.110年廢棄物重量為4385.55公噸，包含非有害廢棄物4384.23公噸及有廢棄物1.32公噸。
  廢棄物處理方式：有害廢棄物採焚燒及化學處理、非有害廢棄物則以回收再利用(含回收及堆肥自行處理為主、焚化處理次之)。
3.110年廢棄物回收再利用及堆肥量等共計4225.51公噸，資源回收再利用率為 96.4%。",0.03,產品,ISO 14001
1203,味王,3.2,一般廢棄物+實驗廢液,974.6,一般廢棄物+實驗廢液,977.8,一般廢棄物+實驗廢液,0.44,營業額,N
1210,大成,N/A,N/A,N/A,N/A,N/A,N/A,N/A,N/A,N
1213,大飲,72.13,僅母公司,12.16,僅母公司,84.29,僅母公司,N/A,N/A,NA
1215,卜蜂,0,南投肉食品加工廠、台中飼料廠、高雄飼料廠,30071.6,南投肉食品加工廠、台中飼料廠、高雄飼料廠,30071.6,南投肉食品加工廠、台中飼料廠、高雄飼料廠,N/A,N/A,N
1216,統一,3,僅母公司,35751,僅母公司,35754,僅母公司,8.39,營業收入千萬元,ISO 14001
1217,愛之味,0,母公司之污泥、廢食用油、菜渣、生活垃圾、資源回收,2665.5,母公司之污泥、廢食用油、菜渣、生活垃圾、資源回收,2665.5,母公司之污泥、廢食用油、菜渣、生活垃圾、資源回收,0.38,產品,N
1218,泰山,0,泰山公司所屬田中食品廠、田中油脂廠、水產飼料廠、北斗牧場,1452.99,泰山公司所屬田中食品廠、田中油脂廠、水產飼料廠、北斗牧場,1452.99,泰山公司所屬田中食品廠、田中油脂廠、水產飼料廠、北斗牧場,0.38,營業額,N
1219,福壽,0.11,母公司、子公司,459.94,母公司、子公司,460.05,母公司、子公司,0,營業額,N
1220,台榮,0,本公司雲林廠及高雄飼料廠,2015.87,本公司雲林廠及高雄飼料廠,2015.87,本公司雲林廠及高雄飼料廠,76.43,營業額(億元),N
1225,福懋油,0.26,涵蓋範圍:僅母公司,627.25,涵蓋範圍:僅母公司,627.51,涵蓋範圍:僅母公司,N/A,N/A,N
1227,佳格,3.31,佳格母公司,5344,佳格母公司,5347.31,佳格母公司,0,萬元營業額,ISO 14001
1229,聯華,0,"母公司-聯華實業投資控股(股)公司以及
子公司-聯華製粉食品(股)公司、聯華置產(股)公司",282.99,"母公司-聯華實業投資控股(股)公司以及
子公司-聯華製粉食品(股)公司、聯華置產(股)公司",282.99,"母公司-聯華實業投資控股(股)公司以及
子公司-聯華製粉食品(股)公司、聯華置產(股)公司",0.05,營業額;單位為新台幣佰萬元,N
1231,聯華食,0,臺灣地區的總公司及各工廠之所有營運相關之活動,7104.78,臺灣地區的總公司及各工廠之所有營運相關之活動,7104.78,臺灣地區的總公司及各工廠之所有營運相關之活動,0.75,百萬營業額,N
1232,大統益,0,僅母公司,1951,僅母公司,1951,僅母公司,0,黃豆總加工量,ISO 14001
1233,天仁,N/A,本公司天仁茶業股份有限公司直營單位,N/A,本公司天仁茶業股份有限公司直營單位,1350,本公司天仁茶業股份有限公司直營單位,1.52,分母以營業額為百萬元之計算,N
1234,黑松,0.8,中壢廠,2614,中壢廠,2614.8,中壢廠,0.01,產品,N
1235,興泰,N/A,N/A,N/A,N/A,N/A,N/A,N/A,N/A,N
1236,宏亞,0,母公司,424.72,母公司,424.72,母公司,0,營業額,N
1256,鮮活果汁-KY,1.02,集團主要營運主體，子公司蘇州鮮活飲品股份有限公司,1962.61,集團主要營運主體，子公司蘇州鮮活飲品股份有限公司,1963.63,集團主要營運主體，子公司蘇州鮮活飲品股份有限公司,0,營業額,N
1301,台塑,2928,母公司,235519,母公司,238447,母公司,113.18,廢棄物總量/當年度個體財報營收(億元)，請參閱本公司2021年永續報告書P.81,N
1303,南亞,6023.3,母公司,122868,母公司,128891.3,母公司,0,單位:公噸/110年個體營業額(千元)。,ISO 14001
1304,台聚,22.23,台聚高雄廠,868.59,台聚高雄廠,890.82,台聚高雄廠,0,產品,ISO 14001
1305,華夏,38.31,華夏頭份廠、華聚林園廠、台氯林園廠。,3401.9,華夏頭份廠、華聚林園廠、台氯林園廠。,3440.21,華夏頭份廠、華聚林園廠、台氯林園廠。,0,產品,ISO 14001
1307,三芳,N/A,母公司,N/A,母公司,2153,母公司,2.85,百萬營業額,N
1308,亞聚,0,亞聚林園廠,395.56,亞聚林園廠,395.56,亞聚林園廠,0,產品,ISO 14001
1309,台達化,0,前鎮廠、林園廠、頭份廠、中山廠,3587,前鎮廠、林園廠、頭份廠、中山廠,3587,前鎮廠、林園廠、頭份廠、中山廠,0.01,產品,ISO 14001
1310,台苯,5.13,台苯高雄廠,14367.38,台苯高雄廠,14372.51,台苯高雄廠,0.04,產品,N
1312,國喬,N/A,國喬石油化學股份有限公司高雄廠,N/A,國喬石油化學股份有限公司高雄廠,30077.09,國喬石油化學股份有限公司高雄廠,1.66,營業額,N
1313,聯成,311,聯成林園廠,1702,聯成林園廠,2013,聯成林園廠,N/A,N/A,N
1314,中石化,37654,僅母公司,49540,僅母公司,87194,僅母公司,0,"廢棄物總量:87194公噸，營業收入:35,163,380仟元",ISO 14001
1315,達新,0,母公司,133,母公司,133,母公司,N/A,N/A,N
1316,上曜,N/A,N/A,N/A,N/A,N/A,N/A,N/A,N/A,N
1319,東陽,392,母公司,3047,母公司,3439,母公司,0.25,百萬營業額,N
1321,大洋,11.95,母公司,655.36,母公司,667.31,母公司,0,產品,N
1323,永裕,0,"台灣永裕:
一般垃圾 80.185噸
非有害事業廢棄物10.095公噸
上海永裕:
311.363噸
威瑪:1.5噸",91.78,"台灣永裕:
一般垃圾 80.185噸
非有害事業廢棄物10.095公噸
上海永裕:
311.363噸
威瑪:1.5噸",91.78,"台灣永裕:
一般垃圾 80.185噸
非有害事業廢棄物10.095公噸
上海永裕:
311.363噸
威瑪:1.5噸",0,台灣永裕+上海永裕 (90.28+311.363)/(1907428千元+1281058千元)=0.000125,N
1324,地球,97.98,母公司(幼一二廠),89.25,母公司(幼一二廠),187.23,母公司(幼一二廠),0,營業額,ISO 14001
1325,恆大,N/A,N/A,N/A,N/A,N/A,N/A,N/A,N/A,N
1326,台化,61,110年母公司及台醋公司之台灣廠區,286944,110年母公司及台醋公司之台灣廠區,287005,110年母公司及台醋公司之台灣廠區,118,營業額億元,ISO 14001
1337,再生-KY,N/A,N/A,N/A,N/A,N/A,N/A,N/A,N/A,N
1338,廣華-KY,144.4,僅重要子公司東莞廣澤汽車飾件有限公司,325.36,僅重要子公司東莞廣澤汽車飾件有限公司,469.76,僅重要子公司東莞廣澤汽車飾件有限公司,0,平方米(建築面積),N
1339,昭輝,128.28,母公司,9.4,母公司,137.68,母公司,N/A,N/A,N
1340,勝悅-KY,N/A,N/A,N/A,N/A,N/A,N/A,N/A,N/A,N
1341,富林-KY,356.26,僅子公司同奈廠,2833.2,僅子公司同奈廠,3189.46,僅子公司同奈廠,0.21,產品,ISO 14001
1342,八貫,N/A,N/A,N/A,N/A,N/A,N/A,N/A,N/A,N
1402,遠東新,17480,統計範疇共21個生產據點,191108,統計範疇共21個生產據點,208588,統計範疇共21個生產據點,0.03,產品,ISO 14001
1409,新纖,0,新光合纖中壢廠,1743.2,新光合纖中壢廠,1743.2,新光合纖中壢廠,N/A,N/A,N
1410,南染,N/A,N/A,N/A,N/A,N/A,N/A,N/A,N/A,N
1413,宏洲,N/A,僅母公司,N/A,僅母公司,71.51,僅母公司,0,產品,N
1414,東和,0,本公司,129,本公司,129,本公司,N/A,N/A,N
1416,廣豐,N/A,N/A,N/A,N/A,N/A,N/A,N/A,N/A,N
1417,嘉裕,N/A,N/A,N/A,N/A,N/A,N/A,N/A,N/A,N
1418,東華,0,本公司新竹廠,9,本公司新竹廠,9,本公司新竹廠,N/A,N/A,N
1419,新紡,0,母公司生產區域,36.11,母公司生產區域,36.11,母公司生產區域,0,產品,N
1423,利華,0,母公司,5.58,母公司,5.58,母公司,0,元營業額,N
1432,大魯閣,N/A,N/A,N/A,N/A,N/A,N/A,N/A,N/A,N
1434,福懋,20324,台灣廠區,2532,台灣廠區,22856,台灣廠區,0.93,營業額 百萬元(新台幣),N
1435,中福,0,僅母公司,0.32,僅母公司,0.32,僅母公司,0.03,無生產活動，以平均每月生活廢棄物量計算,N
1436,華友聯,N/A,僅母公司,N/A,僅母公司,3782,僅母公司,N/A,N/A,N
1437,勤益控,N/A,N/A,N/A,N/A,N/A,N/A,N/A,N/A,N
1438,三地開發,N/A,N/A,N/A,N/A,N/A,N/A,N/A,N/A,N
1439,雋揚,N/A,N/A,N/A,N/A,N/A,N/A,N/A,N/A,N
1440,南紡,36.31,仁德廠+太子廠,564,仁德廠+太子廠,600.31,仁德廠+太子廠,0,產量公噸,ISO 14001
1441,大東,N/A,N/A,N/A,N/A,N/A,N/A,N/A,N/A,N
1442,名軒,N/A,N/A,N/A,N/A,N/A,N/A,N/A,N/A,N
1443,立益物流,N/A,N/A,N/A,N/A,N/A,N/A,N/A,N/A,N
1444,力麗,0,母公司各廠區,3934,母公司各廠區,3934,母公司各廠區,N/A,N/A,N
1445,大宇,N/A,N/A,N/A,N/A,N/A,N/A,N/A,N/A,N
1446,宏和,0,母公司,8.58,母公司,8.58,母公司,8.4,噸,N
1447,力鵬,429,母公司各廠區,8156,母公司各廠區,8585,母公司各廠區,N/A,N/A,N
1449,佳和,0,母公司,310,母公司,310,母公司,0.02,產品,N
1451,年興,0,2021年,1841,2021年,1841,2021年,0,仟元營業額,N
1452,宏益,0,包含合併財務報表之母子公司,6.8,包含合併財務報表之母子公司,6.8,包含合併財務報表之母子公司,0,產品,N
1453,大將,N/A,N/A,N/A,N/A,N/A,N/A,N/A,N/A,N
1454,台富,N/A,N/A,N/A,N/A,N/A,N/A,N/A,N/A,N
1455,集盛,0,母公司之5個紡織製品製造廠區,1762.73,母公司之5個紡織製品製造廠區,1762.73,母公司之5個紡織製品製造廠區,0.01,產品,N
1456,怡華,0,台南官田廠,132,台南官田廠,132,台南官田廠,0.01,一般廢棄物,N
1457,宜進,N/A,N/A,N/A,N/A,N/A,N/A,N/A,N/A,N
1459,聯發,0,工廠,56.14,工廠,56.14,工廠,0,產品,N
1460,宏遠,0,母公司,10770.24,母公司,10770.24,母公司,N/A,N/A,N
1463,強盛,N/A,N/A,N/A,N/A,N/A,N/A,N/A,N/A,N
1464,得力,0,僅母公司,3627.3,僅母公司,3627.3,僅母公司,3627.3,產品,ISO 14001
1465,偉全,N/A,N/A,N/A,N/A,N/A,N/A,N/A,N/A,N
1466,聚隆,0,母公司,313.3,母公司,313.3,母公司,0.01,產品,N
1467,南緯,0.04,母公司,26.16,母公司,26.2,母公司,N/A,N/A,N
1468,昶和,N/A,N/A,N/A,N/A,N/A,N/A,N/A,N/A,N
1470,大統新創,0,合併財務報表之母子公司之桃園廠區,2415,合併財務報表之母子公司之桃園廠區,2415,合併財務報表之母子公司之桃園廠區,0.33,產量,N
1471,首利,N/A,N/A,N/A,N/A,N/A,N/A,N/A,N/A,N
1472,三洋實業,N/A,N/A,N/A,N/A,N/A,N/A,N/A,N/A,N
1473,台南,1019.37,包含合併財務報表之母子公司,651.27,包含合併財務報表之母子公司,1670.64,包含合併財務報表之母子公司,0.08,產品,N
1474,弘裕,0,母公司,786,母公司,786,母公司,N/A,N/A,N
1475,業旺,N/A,N/A,N/A,N/A,N/A,N/A,N/A,N/A,N
1476,儒鴻,N/A,包含合併財務報表之母子公司,N/A,包含合併財務報表之母子公司,9682.66,包含合併財務報表之母子公司,0,營業額,N
1477,聚陽,N/A,台北總公司,N/A,台北總公司,22.91,台北總公司,0,營業額(百萬元),N
1503,士電,1.9,"環境面資訊以母公司之電裝廠、新豐廠、重電廠為主，
不包含台北總公司。",738.84,"環境面資訊以母公司之電裝廠、新豐廠、重電廠為主，
不包含台北總公司。",740.74,"環境面資訊以母公司之電裝廠、新豐廠、重電廠為主，
不包含台北總公司。",N/A,N/A,N
1504,東元,10.35,台灣所有廠區,3015.22,台灣所有廠區,3025.57,台灣所有廠區,13.2,營業額,N
1506,正道,N/A,N/A,N/A,N/A,N/A,N/A,N/A,N/A,N
1512,瑞利,N/A,N/A,N/A,N/A,N/A,N/A,N/A,N/A,N
1513,中興電,0.05,母公司110年度,435.57,母公司110年度,435.62,母公司110年度,0.02,營業額,ISO 14001
1514,亞力,0,母公司,70.6,母公司,70.6,母公司,N/A,N/A,N
1515,力山,N/A,N/A,N/A,N/A,N/A,N/A,N/A,N/A,N
1516,川飛,N/A,N/A,N/A,N/A,N/A,N/A,N/A,N/A,N
1517,利奇,N/A,母公司,N/A,母公司,50.73,母公司,N/A,N/A,N
1519,華城,N/A,僅母公司,N/A,僅母公司,918.52,僅母公司,0.15,產品,ISO 14001
1521,大億,N/A,N/A,N/A,N/A,N/A,N/A,N/A,N/A,N
1522,堤維西,0,110年,585.51,110年,585.51,110年,5.16,營業額,N
1524,耿鼎,0,母子公司,209.83,母子公司,209.83,母子公司,0.02,產能總重,N
1525,江申,0,母公司,222.9,母公司,222.9,母公司,0.18,公噸/百萬元營業額,N
1526,日馳,N/A,母公司,N/A,母公司,61.84,母公司,N/A,N/A,N
1527,鑽全,0,110年,41.88,110年,41.88,110年,0.93,營業額,ISO 14001
1528,恩德,N/A,N/A,N/A,N/A,N/A,N/A,N/A,N/A,N
1529,樂事綠能,N/A,N/A,N/A,N/A,N/A,N/A,N/A,N/A,N
1530,亞崴,N/A,N/A,N/A,N/A,N/A,N/A,N/A,N/A,N
1531,高林股,N/A,N/A,N/A,N/A,N/A,N/A,N/A,N/A,N
1532,勤美,0,勤美金屬成型事業處,7447.4,勤美金屬成型事業處,7447.4,勤美金屬成型事業處,0.33,產品,ISO 14001
1533,車王電,2.35,母公司,32,母公司,34.35,母公司,34.35,產值,ISO 14001
1535,中宇,N/A,N/A,N/A,N/A,N/A,N/A,N/A,N/A,N
1536,和大,N/A,僅母公司,N/A,僅母公司,242.24,僅母公司,27.6,百萬營業額,ISO 14001
1537,廣隆,1949,包含合併財務報表之母子公司,867,包含合併財務報表之母子公司,2816,包含合併財務報表之母子公司,2058.86,仟元營業額/噸,N
1538,正峰,0,母公司,11.9,母公司,11.9,母公司,N/A,N/A,N
1539,巨庭,N/A,N/A,N/A,N/A,N/A,N/A,N/A,N/A,N
1540,喬福,N/A,個體公司,N/A,個體公司,0,個體公司,N/A,N/A,N
1541,錩泰,14,僅母公司,41,僅母公司,55,僅母公司,0.01,百萬營業額,N
1558,伸興,81,合併財務報表之母子公司,992,合併財務報表之母子公司,1073,合併財務報表之母子公司,0,產品,ISO 14001
1560,中砂,25.19,母公司,1544.32,母公司,1569.51,母公司,0.29,百萬元營業額,ISO 14001
1568,倉佑,8.55,僅母公司,398.93,僅母公司,407.48,僅母公司,0.37,百萬營業額,ISO 14001
1582,信錦,N/A,N/A,N/A,N/A,N/A,N/A,N/A,N/A,ISO 9001
1583,程泰,N/A,N/A,N/A,N/A,N/A,N/A,N/A,N/A,N
1587,吉茂,12250,110年,61360,110年,73610,110年,N/A,N/A,N
1589,永冠-KY,355.66,合併財務報表之子公司,36469.55,合併財務報表之子公司,36825.21,合併財務報表之子公司,0.18,產品,ISO 14001
1590,亞德客-KY,5019.9,包含三個生產工廠，已涵蓋集團90%以上的排放量,15376.8,包含三個生產工廠，已涵蓋集團90%以上的排放量,20396.7,包含三個生產工廠，已涵蓋集團90%以上的排放量,1.29,每百萬元產值,N
1597,直得,0,母公司,281.54,母公司,281.54,母公司,0.2,每百萬營業額,ISO 14001
1598,岱宇,0,本公司彰化一廠、二廠與五廠,183.72,本公司彰化一廠、二廠與五廠,183.72,本公司彰化一廠、二廠與五廠,0,營業額仟元,N
1603,華電,N/A,N/A,N/A,N/A,N/A,N/A,N/A,N/A,N
1604,聲寶,N/A,N/A,N/A,N/A,N/A,N/A,N/A,N/A,N
1605,華新,64359.05,楊梅廠、新莊廠、鹽水廠、臺中廠。東莞華新、江陰華新、江陰合金、上海華新、煙台華新、常熟華新、華新精密,93310.23,楊梅廠、新莊廠、鹽水廠、臺中廠。東莞華新、江陰華新、江陰合金、上海華新、煙台華新、常熟華新、華新精密,157669.28,楊梅廠、新莊廠、鹽水廠、臺中廠。東莞華新、江陰華新、江陰合金、上海華新、煙台華新、常熟華新、華新精密,0.12,產品,ISO 14001
1608,華榮,5.86,涵蓋範圍僅限華榮電線電纜股份有限公司高楠工廠廠區,661.63,涵蓋範圍僅限華榮電線電纜股份有限公司高楠工廠廠區,667.49,涵蓋範圍僅限華榮電線電纜股份有限公司高楠工廠廠區,0.09,百萬營業額,ISO 14001
1609,大亞,38.84,大亞,478.75,大亞,517.59,大亞,0.04,營業額,N
1611,中電,0,工廠,31.88,工廠,31.88,工廠,N/A,N/A,N
1612,宏泰,174.69,僅母公司,342.35,僅母公司,517.04,僅母公司,N/A,N/A,ISO 14001
1614,三洋電,0,母子公司,120,母子公司,120,母子公司,0.02,噸/百萬元,N
1615,大山,0,母公司,108.46,母公司,108.46,母公司,0.02,產品,N
1616,億泰,0,母公司,197,母公司,197,母公司,0.07,營業額,N
1617,榮星,N/A,N/A,N/A,N/A,N/A,N/A,N/A,N/A,N
1618,合機,N/A,110年1-12月(全年),N/A,110年1-12月(全年),55.29,110年1-12月(全年),N/A,N/A,ISO 14001
1626,艾美特-KY,169.44,營運地深圳艾美特+九江艾美特,24.84,營運地深圳艾美特+九江艾美特,194.28,營運地深圳艾美特+九江艾美特,194.28,營業額,N
1701,中化,N/A,僅母公司,N/A,僅母公司,129.6,僅母公司,26447,營業額,N
1702,南僑,30,資訊涵蓋台灣、中國大陸、泰國地區之製造單位及台灣、中國大陸餐飲事業,13912,資訊涵蓋台灣、中國大陸、泰國地區之製造單位及台灣、中國大陸餐飲事業,13942,資訊涵蓋台灣、中國大陸、泰國地區之製造單位及台灣、中國大陸餐飲事業,0.7,營業額,N
1707,葡萄王,7.02,葡萄王生技,1962.54,葡萄王生技,1969.56,葡萄王生技,0.2,每百萬營收,ISO 14001
1708,東鹼,0,僅母公司,934.96,僅母公司,934.96,僅母公司,5.74,百萬營業額,ISO 14001
1709,和益,0.02,僅母公司林園工廠,201.2,僅母公司林園工廠,201.22,僅母公司林園工廠,0.03,百萬營業額,N
1710,東聯,0.03,母公司,708.36,母公司,708.39,母公司,0,營業額；單位：公噸/仟元,N
1711,永光,2029.9,合併財務報表之母子公司生產型廠區,9515.5,合併財務報表之母子公司生產型廠區,11545.4,合併財務報表之母子公司生產型廠區,1.2,百萬元產值,ISO 14001
1712,興農,1.77,母公司王田廠區(王田廠、王田二廠、生物工廠),1773.53,母公司王田廠區(王田廠、王田二廠、生物工廠),1775.3,母公司王田廠區(王田廠、王田二廠、生物工廠),0.16,植物保護產品佰萬元銷售額,ISO 14001
1713,國化,N/A,屏南分公司,N/A,屏南分公司,198.51,屏南分公司,198.51,產品,N
1714,和桐,0,高雄仁武廠,94.97,高雄仁武廠,94.97,高雄仁武廠,0,產品,N
1717,長興,4400,母公司(台灣三廠區),6164,母公司(台灣三廠區),10564,母公司(台灣三廠區),0.05,產品,N
1718,中纖,0.07,110年度申報量,21477,110年度申報量,21477.07,110年度申報量,0.04,營業額573445.0898萬元,N
1720,生達,178.87,生達一廠+生達二廠,245,生達一廠+生達二廠,423.87,生達一廠+生達二廠,14.9,營業額,N
1721,三晃,209.4,母公司,2169.1,母公司,2378.5,母公司,0.1,產品,確信準則公報第一號
1722,台肥,191,母公司台中廠、苗栗廠、花蓮廠,324.74,母公司台中廠、苗栗廠、花蓮廠,515.74,母公司台中廠、苗栗廠、花蓮廠,0,產品,ISO 14001
1723,中碳,N/A,小港廠+屏南廠,N/A,小港廠+屏南廠,193.42,小港廠+屏南廠,193.42,營業額,N
1725,元禎,N/A,母公司,N/A,母公司,18.12,母公司,0,百萬元營業額,N
1726,永記,448.71,20210101-20211231,676.01,20210101-20211231,1124.72,20210101-20211231,N/A,N/A,ISO9001及ISO14001
1727,中華化,215.99,桃園一廠、桃園二廠,554.31,桃園一廠、桃園二廠,770.3,桃園一廠、桃園二廠,0.01,產品,N
1730,花仙子,0.19,母公司,68.23,母公司,68.42,母公司,21.8,營業額,N
1731,美吾華,N/A,台北總公司、台中及高雄服務中心、楊梅工廠及物流中心,N/A,台北總公司、台中及高雄服務中心、楊梅工廠及物流中心,24.03,台北總公司、台中及高雄服務中心、楊梅工廠及物流中心,N/A,N/A,N
1732,毛寶,0,母公司,527.08,母公司,527.08,母公司,0.85,噸CO2e/百萬營收,N
1733,五鼎,1.5,母公司,163.17,母公司,164.67,母公司,0,營業額,N
1734,杏輝,11,母公司,236.39,母公司,247.39,母公司,0,營業額仟元,ISO 14001
1735,日勝化,1.99,母公司(未包含再利用廢棄物44.117公噸),563.85,母公司(未包含再利用廢棄物44.117公噸),565.84,母公司(未包含再利用廢棄物44.117公噸),0.03,產品,N
1736,喬山,N/A,N/A,N/A,N/A,N/A,N/A,N/A,N/A,N
1737,臺鹽,N/A,生活垃圾、其他廢玻璃、陶瓷、磚、瓦及黏土等混合物、無機性污泥、滅菌後之非感染性事業廢棄物、毒性化合物-汞、廢紙、廢潤滑油、廢塑膠、廢鐵,N/A,生活垃圾、其他廢玻璃、陶瓷、磚、瓦及黏土等混合物、無機性污泥、滅菌後之非感染性事業廢棄物、毒性化合物-汞、廢紙、廢潤滑油、廢塑膠、廢鐵,623.48,生活垃圾、其他廢玻璃、陶瓷、磚、瓦及黏土等混合物、無機性污泥、滅菌後之非感染性事業廢棄物、毒性化合物-汞、廢紙、廢潤滑油、廢塑膠、廢鐵,N/A,N/A,N
1752,南光,9.7,母公司,203.8,母公司,213.5,母公司,11.99,營業額,N
1760,寶齡富錦,N/A,寶齡富錦生技股份有限公司平鎮廠,N/A,寶齡富錦生技股份有限公司平鎮廠,32.72,寶齡富錦生技股份有限公司平鎮廠,0,每仟元產值,N
1762,中化生,1368,母公司,386,母公司,1754,母公司,0.01,產品,N
1773,勝一,0,母公司,864.35,母公司,864.35,母公司,0,產品,N
1776,展宇,13.07,範圍為母公司(第一廠及第二廠),401.58,範圍為母公司(第一廠及第二廠),414.65,範圍為母公司(第一廠及第二廠),0.55,以佰萬元營業額為單位,N
1783,和康生,N/A,母公司,N/A,母公司,29.8,母公司,N/A,N/A,N
1786,科妍,0.04,母公司,61,母公司,61.04,母公司,N/A,N/A,N
1789,神隆,2382,僅母公司，2021年1月~12月,549,僅母公司，2021年1月~12月,2931,僅母公司，2021年1月~12月,N/A,N/A,N
1795,美時,58.38,母公司及重要子公司生產基地及研發中心,177.18,母公司及重要子公司生產基地及研發中心,235.56,母公司及重要子公司生產基地及研發中心,0.19,千萬元營業額,N
1802,台玻,56.76,2021ESG報告書,22474,2021ESG報告書,22530.76,2021ESG報告書,N/A,N/A,ISO 14001
1805,寶徠,N/A,N/A,N/A,N/A,N/A,N/A,N/A,N/A,N
1806,冠軍,0,工廠,18045.56,工廠,18045.56,工廠,0,產品,ISO 14001
1808,潤隆,0,僅本公司基隆德安A區建案,559.5,僅本公司基隆德安A區建案,559.5,僅本公司基隆德安A區建案,N/A,N/A,N
1809,中釉,0,僅母公司,169.69,僅母公司,169.69,僅母公司,0.01,產品,N
1810,和成,3.05,母公司,4747.82,母公司,4750.87,母公司,1.31,營業額,ISO 14001
1817,凱撒衛,0,母公司,62.27,母公司,62.27,母公司,0.38,百萬營業額,N
1903,士紙,N/A,N/A,N/A,N/A,N/A,N/A,N/A,N/A,N
1904,正隆,0,母公司,339915,母公司,339915,母公司,0.2,"噸/噸(工紙、家品、紙與紙板) ；339,915/1,664,365 (造紙廠)",N
1905,華紙,0,華紙合併財報之台灣、大陸生產據點,239843,華紙合併財報之台灣、大陸生產據點,239843,華紙合併財報之台灣、大陸生產據點,N/A,N/A,N
1906,寶隆,N/A,N/A,N/A,N/A,N/A,N/A,N/A,N/A,N
1907,永豐餘,249,永豐餘年報所稱三大事業群（林漿紙事業群、工紙紙器事業群、消費品事業群）之台灣、大陸、越南三地共合計共35個生產據點。,571600,永豐餘年報所稱三大事業群（林漿紙事業群、工紙紙器事業群、消費品事業群）之台灣、大陸、越南三地共合計共35個生產據點。,571849,永豐餘年報所稱三大事業群（林漿紙事業群、工紙紙器事業群、消費品事業群）之台灣、大陸、越南三地共合計共35個生產據點。,0.04,產品,N
1909,榮成,25.75,僅母公司,56549.62,僅母公司,56575.37,僅母公司,N/A,N/A,N
2002,中鋼,46.3,母公司,567880.8,母公司,567927.1,母公司,58.6,廢棄物量(公斤)/鋼胚(公噸),ISO 14001
2006,東和鋼鐵,35733,母公司生產廠區 (桃園廠、苗栗廠、高雄廠),350135,母公司生產廠區 (桃園廠、苗栗廠、高雄廠),385868,母公司生產廠區 (桃園廠、苗栗廠、高雄廠),0.18,鋼胚產量,ISO 14001
2007,燁興,710.75,本公司,9130.94,本公司,9841.69,本公司,N/A,N/A,N
2008,高興昌,0,110年屏南廠區,509.18,110年屏南廠區,509.18,110年屏南廠區,0.01,產品,ISO 14001
2009,第一銅,870.08,僅計算第一伸銅科技股份有限公司臨海廠,370.78,僅計算第一伸銅科技股份有限公司臨海廠,1240.86,僅計算第一伸銅科技股份有限公司臨海廠,0.09,產品,ISO 14001
2010,春源,0,台灣總公司及北中南各生產營運據點。,13879,台灣總公司及北中南各生產營運據點。,13879,台灣總公司及北中南各生產營運據點。,0.03,產品,ISO 14001
2012,春雨,9224,母公司,1956.63,母公司,11180.63,母公司,18.7,百萬營業額,ISO 14001
2013,中鋼構,0,高雄廠區、官田廠區,1229.6,高雄廠區、官田廠區,1229.6,高雄廠區、官田廠區,N/A,N/A,N
2014,中鴻,22617.49,母公司,100452.56,母公司,123070.04,母公司,0.04,產品,ISO 14001
2015,豐興,34962,僅母公司,385803,僅母公司,420765,僅母公司,0.23,產品,ISO 14001
2017,官田鋼,0,永康廠、麻豆廠、官田廠,2714.49,永康廠、麻豆廠、官田廠,2714.49,永康廠、麻豆廠、官田廠,0.04,產品,N
2020,美亞,N/A,N/A,N/A,N/A,N/A,N/A,N/A,N/A,ISO14000
2022,聚亨,0,母公司,2141.44,母公司,2141.44,母公司,N/A,N/A,N
2023,燁輝,214,2021全年度,2484,2021全年度,2698,2021全年度,0,產量(公噸),ISO 14001
2024,志聯,N/A,廢酸+生活垃圾+廢塑膠+鐵粉+製程污泥+廢水污泥+廢潤滑油,N/A,廢酸+生活垃圾+廢塑膠+鐵粉+製程污泥+廢水污泥+廢潤滑油,1285,廢酸+生活垃圾+廢塑膠+鐵粉+製程污泥+廢水污泥+廢潤滑油,N/A,N/A,N
2025,千興,N/A,僅母公司,N/A,僅母公司,900.51,僅母公司,0,營業額,N
2027,大成鋼,0,僅母公司,1583.34,僅母公司,1583.34,僅母公司,0.03,產品,中華民國確信準則公報第一號「非屬歷史性財務資訊查核或核閱之確信案件」標準
2028,威致,20974,個別公司,64261,個別公司,85235,個別公司,N/A,N/A,N
2029,盛餘,17.59,統計2021年有害/一般污泥產出量,1490,統計2021年有害/一般污泥產出量,1507.59,統計2021年有害/一般污泥產出量,1.19,產品,N
2030,彰源,N/A,一廠、二廠、三廠、大連廠,N/A,一廠、二廠、三廠、大連廠,983.75,一廠、二廠、三廠、大連廠,983.75,營業額,ISO 14001
2031,新光鋼,0,事業廢棄物(含生活垃圾),37.54,事業廢棄物(含生活垃圾),37.54,事業廢棄物(含生活垃圾),0.3,億元營業額,N
2032,新鋼,N/A,N/A,N/A,N/A,N/A,N/A,N/A,N/A,N
2033,佳大,1000,,332,,1332,,N/A,N/A,N
2034,允強,350.38,僅母公司所有廠區,1096.89,僅母公司所有廠區,1447.27,僅母公司所有廠區,0.01,產品,ISO 14001
2038,海光,4870.18,爐渣、生活垃圾,36945.24,爐渣、生活垃圾,41815.42,爐渣、生活垃圾,N/A,N/A,N
2049,上銀,16.07,涵蓋營運據點13廠區，100%營運控制權,11102.36,涵蓋營運據點13廠區，100%營運控制權,11118.43,涵蓋營運據點13廠區，100%營運控制權,0.48,百萬營業額,ISO 14001
2059,川湖,35.89,母公司及子公司川益科技(股)公司兩個廠區,241.7,母公司及子公司川益科技(股)公司兩個廠區,277.59,母公司及子公司川益科技(股)公司兩個廠區,0.02,千組產品,ISO 14001
2062,橋椿,113.6,母公司,407.17,母公司,520.77,母公司,N/A,N/A,N
2069,運錩,0,僅母公司所有廠區,37,僅母公司所有廠區,37,僅母公司所有廠區,N/A,N/A,ISO 14001
2101,南港,N/A,企業永續報告書(110年總量),N/A,企業永續報告書(110年總量),2927.32,企業永續報告書(110年總量),0.09,產品,ISO 14001
2102,泰豐,0,僅母公司,858.51,僅母公司,858.51,僅母公司,0.12,每噸產品,N
2103,台橡,1344.68,合併財務報表之生產營運母子公司,2591.77,合併財務報表之生產營運母子公司,3936.45,合併財務報表之生產營運母子公司,7,每千噸產品量,ISO 14001
2104,國際中橡,0,國際中橡100%持有之子公司林園先進。,1262.2,國際中橡100%持有之子公司林園先進。,1262.2,國際中橡100%持有之子公司林園先進。,0.01,產品,ISO 14001
2105,正新,3.69,母公司,3930.09,母公司,3933.78,母公司,0.03,產品,N
2106,建大,N/A,台灣地區,N/A,台灣地區,2284.06,台灣地區,0.05,產品,ISO 14001
2107,厚生,0,2021/01~2021/12,40,2021/01~2021/12,40,2021/01~2021/12,N/A,N/A,N
2108,南帝,9.17,母公司,2068.27,母公司,2077.44,母公司,N/A,N/A,N
2109,華豐,N/A,N/A,N/A,N/A,N/A,N/A,N/A,N/A,N
2114,鑫永銓,N/A,母公司,N/A,母公司,767.24,母公司,0.4,營業額以百萬元為單位,N
2115,六暉-KY,N/A,N/A,N/A,N/A,N/A,N/A,N/A,N/A,N
2201,裕隆,5.98,裕隆汽車製造(股)公司三義廠區,2927.31,裕隆汽車製造(股)公司三義廠區,2933.29,裕隆汽車製造(股)公司三義廠區,0.1,產品,N
2204,中華,77.23,楊梅廠+新竹廠,1193.28,楊梅廠+新竹廠,1270.51,楊梅廠+新竹廠,0.02,產品為楊梅廠+新竹廠年車輛生產台數總量,ISO 14001
2206,三陽工業,0,三陽工業股份有限公司新竹廠,8161.09,三陽工業股份有限公司新竹廠,8161.09,三陽工業股份有限公司新竹廠,3357.79,產品,N
2207,和泰車,0,母公司,71,母公司,71,母公司,0.13,人,N
2208,台船,496.74,台船高雄廠,3724.96,台船高雄廠,4221.7,台船高雄廠,4221.7,"營業額15,875,982仟元",N
2211,長榮鋼,0,僅母公司,9191.65,僅母公司,9191.65,僅母公司,0.79,百萬營業額,N
2227,裕日車,N/A,母公司,N/A,母公司,65.4,母公司,0.18,人均生活廢棄物產出量(公噸/年-人),ISO 14001
2228,劍麟,9.4,2021全年度,152.99,2021全年度,162.39,2021全年度,0.46,人,ISO 14001
2231,為升,5.47,為升電裝工業(股)公司2021/01~2022/05,53.16,為升電裝工業(股)公司2021/01~2022/05,58.63,為升電裝工業(股)公司2021/01~2022/05,N/A,N/A,ISO 14001
2233,宇隆,38.67,110/1/1-110/12/31,254,110/1/1-110/12/31,292.67,110/1/1-110/12/31,N/A,N/A,N
2236,百達-KY,N/A,N/A,N/A,N/A,N/A,N/A,N/A,N/A,N
2239,英利-KY,N/A,N/A,N/A,N/A,N/A,N/A,N/A,N/A,N
2241,艾姆勒,87.6,母公司,323.16,母公司,410.76,母公司,0,產品,N
2243,宏旭-KY,N/A,N/A,N/A,N/A,N/A,N/A,N/A,N/A,N
2247,汎德永業,N/A,N/A,N/A,N/A,N/A,N/A,N/A,N/A,N
2250,IKKA-KY,N/A,N/A,N/A,N/A,N/A,N/A,N/A,N/A,N
2301,光寶科,2392,"包含母公司與合併財報之部分子公司
光寶科技股份有限公司、光林智能科技股份有限公司、光寶電子(天津)有限公司、光寶網絡通訊(東莞)有限公司、光寶光電(常州)有限公司、光寶科技(常州)有限公司、光寶電子(東莞)有限公司、旭麗電子(東莞)有限公司、惠州市力信電子有限公司、光寶電子(廣州)有限公司、建興光電科技(北海)有限公司、敦揚(廣州)汽車電子有限公司、LITE-ON VIETNAM CO., LTD.、Lite-On Electronics (Thailand) Co., Ltd.、LITE-ON POWER ELECTRONIC INDIA PRIVATE LIMITED",3679,"包含母公司與合併財報之部分子公司
光寶科技股份有限公司、光林智能科技股份有限公司、光寶電子(天津)有限公司、光寶網絡通訊(東莞)有限公司、光寶光電(常州)有限公司、光寶科技(常州)有限公司、光寶電子(東莞)有限公司、旭麗電子(東莞)有限公司、惠州市力信電子有限公司、光寶電子(廣州)有限公司、建興光電科技(北海)有限公司、敦揚(廣州)汽車電子有限公司、LITE-ON VIETNAM CO., LTD.、Lite-On Electronics (Thailand) Co., Ltd.、LITE-ON POWER ELECTRONIC INDIA PRIVATE LIMITED",6071,"包含母公司與合併財報之部分子公司
光寶科技股份有限公司、光林智能科技股份有限公司、光寶電子(天津)有限公司、光寶網絡通訊(東莞)有限公司、光寶光電(常州)有限公司、光寶科技(常州)有限公司、光寶電子(東莞)有限公司、旭麗電子(東莞)有限公司、惠州市力信電子有限公司、光寶電子(廣州)有限公司、建興光電科技(北海)有限公司、敦揚(廣州)汽車電子有限公司、LITE-ON VIETNAM CO., LTD.、Lite-On Electronics (Thailand) Co., Ltd.、LITE-ON POWER ELECTRONIC INDIA PRIVATE LIMITED",0.13,百萬營收,ISO 14001
2302,麗正,40.71,母子公司,1.9,母子公司,42.61,母子公司,42.61,產品,ISO 14001
2303,聯電,25091,僅母公司(含新加坡分公司),18963,僅母公司(含新加坡分公司),44054,僅母公司(含新加坡分公司),0.18,wafer-m2,ISO 14001
2305,全友,0,母公司,2.4,母公司,2.4,母公司,N/A,N/A,N
2308,台達電,4018.67,母公司及子公司之生產廠區,46042.24,母公司及子公司之生產廠區,50060.91,母公司及子公司之生產廠區,5,產值(單位：百萬美金),ISO 14001
2312,金寶,0,母公司,84,母公司,84,母公司,0.02,營業額,N
2313,華通,N/A,110年度,N/A,110年度,13327,110年度,0.99,產品,N
2314,台揚,5.8,母公司,51.9,母公司,57.7,母公司,0.09,員工人數,ISO 14001
2316,楠梓電,2781.65,僅母公司,1189.52,僅母公司,3971.17,僅母公司,0,產品,N
2317,鴻海,453443,依2021年永續報告書邊界,548328,依2021年永續報告書邊界,1001771,依2021年永續報告書邊界,0.17,百萬新台幣營業額,UL2799
2321,東訊,N/A,110年生活垃圾+一般事業廢棄物,N/A,110年生活垃圾+一般事業廢棄物,5.55,110年生活垃圾+一般事業廢棄物,46,110年每人合計產生46KG廢棄物,N
2323,中環,39.08,110/01/01~110/12/31,177.56,110/01/01~110/12/31,216.64,110/01/01~110/12/31,0.06,百萬元營業額,N
2324,仁寶,1482.9,母公司、仁寶(越南)、仁寶電腦(重慶)、仁寶電腦(成都)及仁寶視訊電子(昆山)、仁寶電子科技(昆山)、仁寶資訊工業(昆山)、仁寶信息技術(昆山)、仁寶數碼科技（昆山）、吉寶通訊（南京）、重慶翊寶智慧電子裝置及Compalead Eletr&#244;nica do Brasil Ind&#250;stria e Com&#233;rcio,6046.5,母公司、仁寶(越南)、仁寶電腦(重慶)、仁寶電腦(成都)及仁寶視訊電子(昆山)、仁寶電子科技(昆山)、仁寶資訊工業(昆山)、仁寶信息技術(昆山)、仁寶數碼科技（昆山）、吉寶通訊（南京）、重慶翊寶智慧電子裝置及Compalead Eletr&#244;nica do Brasil Ind&#250;stria e Com&#233;rcio,7529.4,母公司、仁寶(越南)、仁寶電腦(重慶)、仁寶電腦(成都)及仁寶視訊電子(昆山)、仁寶電子科技(昆山)、仁寶資訊工業(昆山)、仁寶信息技術(昆山)、仁寶數碼科技（昆山）、吉寶通訊（南京）、重慶翊寶智慧電子裝置及Compalead Eletr&#244;nica do Brasil Ind&#250;stria e Com&#233;rcio,0.01,營業額;單位為新台幣百萬元,UL 2799 (昆山2廠已取得UL 2799白金級認證，重慶(CQA)、南京廠、昆山1廠、昆山3廠持續執行符合UL 2799白金級管理標準。)
2327,國巨,2125,母公司,3090.16,母公司,5215.16,母公司,0.13,百萬營業額,ISO 14001
2328,廣宇,0,母公司,11.26,母公司,11.26,母公司,0,百萬營業額,N
2329,華泰,145,2021.01.01-2021.12.31,2813.07,2021.01.01-2021.12.31,2958.07,2021.01.01-2021.12.31,0,營業額,ISO 14001
2330,台積電,339623,台灣廠區及子公司,335080,台灣廠區及子公司,674703,台灣廠區及子公司,0.99,單位晶圓委外廢棄物處理量（公斤／十二吋晶圓當量－光罩數）,UL 2799
2331,精英,0,精英電腦股份有限公司企業總部，總部為辦公大樓，無生產製造場所，故廢棄物來源為一班生活廢棄物，無有害事業廢棄物。,100.86,精英電腦股份有限公司企業總部，總部為辦公大樓，無生產製造場所，故廢棄物來源為一班生活廢棄物，無有害事業廢棄物。,100.86,精英電腦股份有限公司企業總部，總部為辦公大樓，無生產製造場所，故廢棄物來源為一班生活廢棄物，無有害事業廢棄物。,0.13,"100.863公噸/761人；精英總部大樓2021年人均生活廢棄物產生量為0.1325公噸/人.年；精英總部大樓總垃圾量100.863公噸, 資源回收量23.983公噸",N
2332,友訊,N/A,僅母公司大樓,N/A,僅母公司大樓,12.19,僅母公司大樓,0.02,員工人數,N
2337,旺宏,7169,僅母公司,4259,僅母公司,11428,僅母公司,0.22,年度總營收(百萬元),N
2338,光罩,3.8,僅母公司,68.4,僅母公司,72.2,僅母公司,0,產品,N
2340,台亞,N/A,創新廠及力行廠,N/A,創新廠及力行廠,974.82,創新廠及力行廠,0.19,佰萬元營業額,ISO 14001
2342,茂矽,298,僅母公司,197,僅母公司,495,僅母公司,0.04,產品,N
2344,華邦電,3509,母公司,4218,母公司,7727,母公司,N/A,N/A,ISO 14001
2345,智邦,4.4,僅母公司,1106.1,僅母公司,1110.5,僅母公司,0.02,百萬元營業額,N
2347,聯強,0,聯強台灣與合併財務報表之子公司通達智能運籌,140,聯強台灣與合併財務報表之子公司通達智能運籌,140,聯強台灣與合併財務報表之子公司通達智能運籌,0.13,員工人數,N
2348,海悅,N/A,N/A,N/A,N/A,N/A,N/A,N/A,N/A,N
2349,錸德,N/A,僅母公司,N/A,僅母公司,143.13,僅母公司,N/A,N/A,N
2351,順德,1065.01,母公司,562.32,母公司,1627.33,母公司,N/A,N/A,ISO 14001
2352,佳世達,627.06,佳世達台灣/蘇州/越南廠區,3003.31,佳世達台灣/蘇州/越南廠區,3630.37,佳世達台灣/蘇州/越南廠區,0.75,營業額,ISO 14001
2353,宏,N/A,包含合併財務報表之母子公司,N/A,包含合併財務報表之母子公司,1795.84,包含合併財務報表之母子公司,0.01,百萬營業額,N
2354,鴻準,3204.57,鴻準集團主要廠區,3547.55,鴻準集團主要廠區,6752.12,鴻準集團主要廠區,0,營業額,ISO9001；ISO14001
2355,敬鵬,N/A,母公司+ 子公司 敬鵬(常熟)電子有限公司,N/A,母公司+ 子公司 敬鵬(常熟)電子有限公司,52336.43,母公司+ 子公司 敬鵬(常熟)電子有限公司,0.01,公噸/ M2,ISO 14001
2356,英業達,723.17,"英業達股份有限公司Inventec Corporation
(士林廠 Shilin site(IET)、桃園廠 Taoyuan site(TAO)、桃園廠 Taoyuan site(ITO))、
英業達(重慶)有限公司Inventec (Chongqing) Corporation (ICC)、
英業達科技有限公司Inventec (Pudong) Technology Corporation (IPT)、
上海順詮科技有限公司SQ Technology (Shanghai) Corporation (SQT)、
Inventec (Czech) S.R.O. (ICZ)、
IEC Technologies, S . de R. L. de C. V. (IMX)",25043.44,"英業達股份有限公司Inventec Corporation
(士林廠 Shilin site(IET)、桃園廠 Taoyuan site(TAO)、桃園廠 Taoyuan site(ITO))、
英業達(重慶)有限公司Inventec (Chongqing) Corporation (ICC)、
英業達科技有限公司Inventec (Pudong) Technology Corporation (IPT)、
上海順詮科技有限公司SQ Technology (Shanghai) Corporation (SQT)、
Inventec (Czech) S.R.O. (ICZ)、
IEC Technologies, S . de R. L. de C. V. (IMX)",25766.61,"英業達股份有限公司Inventec Corporation
(士林廠 Shilin site(IET)、桃園廠 Taoyuan site(TAO)、桃園廠 Taoyuan site(ITO))、
英業達(重慶)有限公司Inventec (Chongqing) Corporation (ICC)、
英業達科技有限公司Inventec (Pudong) Technology Corporation (IPT)、
上海順詮科技有限公司SQ Technology (Shanghai) Corporation (SQT)、
Inventec (Czech) S.R.O. (ICZ)、
IEC Technologies, S . de R. L. de C. V. (IMX)",5843.12,千億營業額,ISO 14001
2357,華碩,N/A,華碩HQ,N/A,華碩HQ,330.49,華碩HQ,330.49,營業額,ISO 14001
2358,廷鑫,0,母公司,2452,母公司,2452,母公司,N/A,N/A,N
2359,所羅門,N/A,N/A,N/A,N/A,N/A,N/A,N/A,N/A,N
2360,致茂,16.66,僅母公司,606.1,僅母公司,622.76,僅母公司,N/A,N/A,ISO 14001
2362,藍天,0,母公司,250,母公司,250,母公司,N/A,N/A,N
2363,矽統,N/A,廢棄物申報三聯單,N/A,廢棄物申報三聯單,88.81,廢棄物申報三聯單,N/A,N/A,N
2364,倫飛,0,僅本公司高雄工廠資料,15.6,僅本公司高雄工廠資料,15.6,僅本公司高雄工廠資料,N/A,N/A,N
2365,昆盈,0,"危廢：廢有機溶劑、廢膠空瓶、活性炭
固廢：生活垃圾、廢紙皮",0.02,"危廢：廢有機溶劑、廢膠空瓶、活性炭
固廢：生活垃圾、廢紙皮",0.02,"危廢：廢有機溶劑、廢膠空瓶、活性炭
固廢：生活垃圾、廢紙皮",0.02,營業額,ISO 14001
2367,燿華,6782,僅母公司,2468,僅母公司,9250,僅母公司,0,產量,N
2368,金像電,N/A,母子公司,N/A,母子公司,67852,母子公司,2.55,百萬元營業額,ISO 14001
2369,菱生,76.28,110年1月~12月,994.22,110年1月~12月,1070.5,110年1月~12月,0.19,產品,ISO 14001
2371,大同,7.47,母公司,2937.31,母公司,2944.78,母公司,N/A,N/A,ISO 14001
2373,震旦行,0,僅母公司,37.59,僅母公司,37.59,僅母公司,0,營業額,N
2374,佳能,0.06,110年度,48,110年度,48.06,110年度,0.01,營業額,ISO 14001
2375,凱美,N/A,N/A,N/A,N/A,N/A,N/A,N/A,N/A,N
2376,技嘉,233.41,"技嘉科技營運總部、
桃園南平廠、中國東莞廠和寧波廠。",2244.59,"技嘉科技營運總部、
桃園南平廠、中國東莞廠和寧波廠。",2478,"技嘉科技營運總部、
桃園南平廠、中國東莞廠和寧波廠。",0.02,百萬營業額,ISO 14064-1：2018類別4營運廢棄物
2377,微星,N/A,母公司,N/A,母公司,562.75,母公司,0,營業額,ISO 14001
2379,瑞昱,8.8,僅包含瑞昱新竹營運總部,29.1,僅包含瑞昱新竹營運總部,37.9,僅包含瑞昱新竹營運總部,27.58,營業額,N
2380,虹光,16.61,母公司,60.89,母公司,77.5,母公司,0,產品,ISO 14001
2382,廣達,2015.61,資料邊界： 廣達電腦(股)公司臺灣總部QRDC及廣達台灣製造城QTMC、廣達上海製造城QSMC、廣達重慶製造城QCMC、廣達泰國廠QMB,56866.81,資料邊界： 廣達電腦(股)公司臺灣總部QRDC及廣達台灣製造城QTMC、廣達上海製造城QSMC、廣達重慶製造城QCMC、廣達泰國廠QMB,58882.41,資料邊界： 廣達電腦(股)公司臺灣總部QRDC及廣達台灣製造城QTMC、廣達上海製造城QSMC、廣達重慶製造城QCMC、廣達泰國廠QMB,N/A,N/A,ISO 14001
2383,台光電,1824.63,母公司,6769.89,母公司,8594.52,母公司,N/A,N/A,ISO 14001
2385,群光,N/A,群光電子(含海外各廠區，不含子公司),N/A,群光電子(含海外各廠區，不含子公司),3986.07,群光電子(含海外各廠區，不含子公司),3986.07,營業額,ISO 14001
2387,精元,N/A,N/A,N/A,N/A,N/A,N/A,N/A,N/A,N
2388,威盛,N/A,威盛電子台北總公司,N/A,威盛電子台北總公司,36.95,威盛電子台北總公司,N/A,N/A,N
2390,云辰,N/A,N/A,N/A,N/A,N/A,N/A,N/A,N/A,N
2392,正崴,93.65,合併財務報表之母子公司,160.12,合併財務報表之母子公司,253.77,合併財務報表之母子公司,N/A,N/A,N
2393,億光,177.52,億光電子台灣地區,330.34,億光電子台灣地區,507.86,億光電子台灣地區,N/A,N/A,N
2395,研華,4.75,研華台灣、研華昆山廠區、研華日本,1877.69,研華台灣、研華昆山廠區、研華日本,1882.44,研華台灣、研華昆山廠區、研華日本,33.08,營業額百萬,AA1000
2397,友通,0.46,2021年汐止工廠不可回收再利用廢棄物總量,25.75,2021年汐止工廠不可回收再利用廢棄物總量,26.21,2021年汐止工廠不可回收再利用廢棄物總量,N/A,N/A,N
2399,映泰,N/A,N/A,N/A,N/A,N/A,N/A,N/A,N/A,N
2401,凌陽,N/A,母公司及廠內承租戶,N/A,母公司及廠內承租戶,91.07,母公司及廠內承租戶,0.26,人-年 (91.07噸/345人-年),ISO 14001
2402,毅嘉,76.31,僅母公司,79.22,僅母公司,155.53,僅母公司,N/A,N/A,ISO 14001
2404,漢唐,N/A,N/A,N/A,N/A,N/A,N/A,N/A,N/A,N
2405,輔信,N/A,母公司,N/A,母公司,0.06,母公司,N/A,N/A,N
2406,國碩,1.14,國碩二廠和國碩新豐廠,285.64,國碩二廠和國碩新豐廠,286.78,國碩二廠和國碩新豐廠,0,"835,000萬元",N
2408,南亞科,17473,母公司,7113,母公司,24586,母公司,0.02,千顆晶粒,ISO 14001
2409,友達,18099.85,友達全球營運據點,64554.67,友達全球營運據點,82654.52,友達全球營運據點,0,產品(米平方),ISO9001及 ISO14001
2412,中華電,N/A,中華電信母公司,N/A,中華電信母公司,8869.93,中華電信母公司,0.04,百萬營業額,本公司於2021年導入BS 8001循環經濟指引，委託經環保機關認許的公民營廢棄物處理機構處理，並成為全台首家取得BS 8001循環經濟查核之電信業者。
2413,環科,5,母公司,17,母公司,22,母公司,N/A,N/A,ISO 14001
2414,精技,N/A,僅母公司之文件(紙張)銷毀量,N/A,僅母公司之文件(紙張)銷毀量,3.5,僅母公司之文件(紙張)銷毀量,0.02,億營業額,N
2415,錩新,2004,110年度,57.7,110年度,2061.7,110年度,N/A,N/A,N
2417,圓剛,N/A,資料涵蓋範圍為總公司,N/A,資料涵蓋範圍為總公司,12.01,資料涵蓋範圍為總公司,0,營業額,N
2419,仲琦,163.3,總部+海外據點(越南),442.4,總部+海外據點(越南),605.7,總部+海外據點(越南),1.75,營業額,ISO9001/ISO14001
2420,新巨,0.01,母公司,0.07,母公司,0.08,母公司,0,百萬營業額,N
2421,建準,N/A,N/A,N/A,N/A,N/A,N/A,N/A,N/A,N
2423,固緯,0.04,母公司,0.06,母公司,0.1,母公司,N/A,N/A,N
2424,隴華,N/A,N/A,N/A,N/A,N/A,N/A,N/A,N/A,N
2425,承啟,N/A,N/A,N/A,N/A,N/A,N/A,N/A,N/A,N
2426,鼎元,364.02,母公司,174.57,母公司,538.59,母公司,0.18,百萬營業額,N
2427,三商電,0,桃園倉庫,50.31,桃園倉庫,50.31,桃園倉庫,0.07,百萬營業額,N
2428,興勤,20.05,母公司金屬廢棄物產生量,30.15,母公司金屬廢棄物產生量,50.2,母公司金屬廢棄物產生量,11.47,產品,N
2429,銘旺科,0,母公司+子公司(嵩達),98.47,母公司+子公司(嵩達),98.47,母公司+子公司(嵩達),0.1,百萬營收,N
2430,燦坤,N/A,N/A,N/A,N/A,N/A,N/A,N/A,N/A,N
2431,聯昌,N/A,N/A,N/A,N/A,N/A,N/A,N/A,N/A,N
2433,互盛電,0,僅母公司,0,僅母公司,0,僅母公司,0,營業額,N
2434,統懋,0.55,母公司,13.33,母公司,13.88,母公司,0.14,百萬營業額,N
2436,偉詮電,N/A,新竹廠區,N/A,新竹廠區,2.9,新竹廠區,0,營業額單位為佰萬元,ISO 9001
2438,翔耀,N/A,N/A,N/A,N/A,N/A,N/A,N/A,N/A,N
2439,美律,22.67,母公司與部分合併財務報表之子公司,617.58,母公司與部分合併財務報表之子公司,640.25,母公司與部分合併財務報表之子公司,0.02,營業額單位為百萬元,ISO 14001
2440,太空梭,N/A,N/A,N/A,N/A,N/A,N/A,N/A,N/A,N
2441,超豐,360.3,超豐電子股份有限公司營運範圍,1487.22,超豐電子股份有限公司營運範圍,1847.52,超豐電子股份有限公司營運範圍,N/A,N/A,N
2442,新美齊,N/A,110年新美齊新建工程建案,N/A,110年新美齊新建工程建案,268,110年新美齊新建工程建案,N/A,N/A,N
2443,昶虹,N/A,N/A,N/A,N/A,N/A,N/A,N/A,N/A,N
2444,兆勁,1.5,僅本公司,10,僅本公司,11.5,僅本公司,0.01,百萬營業額,ISO 14001
2449,京元電子,364.17,母子公司,2604.92,母子公司,2969.09,母子公司,8652,營業額,ISO 14001
2450,神腦,N/A,母公司新店總公司共11處辦公室,N/A,母公司新店總公司共11處辦公室,20.8,母公司新店總公司共11處辦公室,0.06,單位：噸/人,按ISO 14064-1:2018進行溫室氣體盤查，並通過SGS-Taiwan查證
2451,創見,N/A,僅母公司,N/A,僅母公司,232.1,僅母公司,0.02,百萬營業額,N
2453,凌群,N/A,母公司,N/A,母公司,32.16,母公司,0.01,百萬營業額,N
2454,聯發科,N/A,僅母公司,N/A,僅母公司,184.23,僅母公司,0.02,母公司員工人數,N
2455,全新,203.32,平鎮廠、平鎮二廠,38.75,平鎮廠、平鎮二廠,242.07,平鎮廠、平鎮二廠,242.07,產品,N
2457,飛宏,354.1,合併財務報表之母子公司,1199.33,合併財務報表之母子公司,1553.43,合併財務報表之母子公司,0.59,人,ISO 14001
2458,義隆,N/A,義隆電子、義隆香港、義晶、義碩、義傳,N/A,義隆電子、義隆香港、義晶、義碩、義傳,58.31,義隆電子、義隆香港、義晶、義碩、義傳,0.05,年-人,AA1000
2459,敦吉,N/A,母公司及子公司敦吉檢測科技股份有限公司台北商辦大樓,N/A,母公司及子公司敦吉檢測科技股份有限公司台北商辦大樓,5.36,母公司及子公司敦吉檢測科技股份有限公司台北商辦大樓,N/A,N/A,N
2460,建通,N/A,N/A,N/A,N/A,N/A,N/A,N/A,N/A,N
2461,光群雷,N/A,僅母公司,N/A,僅母公司,85.06,僅母公司,0.06,百萬營業額,N
2462,良得電,N/A,N/A,N/A,N/A,N/A,N/A,N/A,N/A,N
2464,盟立,N/A,N/A,N/A,N/A,N/A,N/A,N/A,N/A,N
2465,麗臺,0.02,工廠,0.02,工廠,0.05,工廠,N/A,N/A,N
2466,冠西電,N/A,母公司宜蘭廠,N/A,母公司宜蘭廠,47.23,母公司宜蘭廠,0,營業額,N
2467,志聖,0,僅母公司,109,僅母公司,109,僅母公司,N/A,N/A,N
2468,華經,N/A,包含合併財務報表之母子公司,N/A,包含合併財務報表之母子公司,16.9,包含合併財務報表之母子公司,N/A,N/A,N
2471,資通,N/A,主要來源為辦公室廢紙。,N/A,主要來源為辦公室廢紙。,0.04,主要來源為辦公室廢紙。,N/A,N/A,N
2472,立隆電,N/A,N/A,N/A,N/A,N/A,N/A,N/A,N/A,N
2474,可成,47.23,僅母公司台南廠區各產品製程產生的廢棄物,10976.88,僅母公司台南廠區各產品製程產生的廢棄物,11024.11,僅母公司台南廠區各產品製程產生的廢棄物,0,產品,ISO 14001
2476,鉅祥,N/A,N/A,N/A,N/A,N/A,N/A,N/A,N/A,N
2477,美隆電,1.02,110/01/01~110/12/31,15.94,110/01/01~110/12/31,16.96,110/01/01~110/12/31,0.01,營業額,ISO 14001
2478,大毅,1958.39,母公司,336.13,母公司,2294.52,母公司,0,營業額,ISO 14001
2480,敦陽科,0,新竹總公司,3.16,新竹總公司,3.16,新竹總公司,3.16,營業額,N
2481,強茂,68.42,岡山廠,326.68,岡山廠,395.1,岡山廠,0.05,營業額,ISO 14001
2482,連宇,0,母公司,0.85,母公司,0.85,母公司,N/A,N/A,ISO 14001
2483,百容,0.2,僅母公司,43,僅母公司,43.2,僅母公司,N/A,N/A,N
2484,希華,98.47,母公司,210.16,母公司,308.63,母公司,0.11,百萬營業額,N
2485,兆赫,37342,僅母公司,75119.7,僅母公司,112461.7,僅母公司,0,營業額,ISO 9001 、ISO 14001
2486,一詮,320.83,母公司,184.18,母公司,505.01,母公司,0,千元營業額,ISO 14001
2488,漢平,0.93,2021年委託公民營處理許可機構清除處理數量與回收業者處理之數量。,10.77,2021年委託公民營處理許可機構清除處理數量與回收業者處理之數量。,11.7,2021年委託公民營處理許可機構清除處理數量與回收業者處理之數量。,0,有害0.93公噸 + 10.7695公噸 = 11.6995公噸,N
2489,瑞軒,43.73,"1.範疇涵蓋母公司(含總公司/越南廠)及子公司(蘇州樂軒科技有限公司)
2.110年瑞軒廢棄物總重量為4181.32公噸,包含非有害廢棄物4137.60公噸及有害廢棄物43.73公噸.廢棄物處理方式,有害廢棄物採焚化及物理處理,非有害廢棄物則以委託合格廠廠處理為主,焚化及回收處理次之.",4137.6,"1.範疇涵蓋母公司(含總公司/越南廠)及子公司(蘇州樂軒科技有限公司)
2.110年瑞軒廢棄物總重量為4181.32公噸,包含非有害廢棄物4137.60公噸及有害廢棄物43.73公噸.廢棄物處理方式,有害廢棄物採焚化及物理處理,非有害廢棄物則以委託合格廠廠處理為主,焚化及回收處理次之.",4181.33,"1.範疇涵蓋母公司(含總公司/越南廠)及子公司(蘇州樂軒科技有限公司)
2.110年瑞軒廢棄物總重量為4181.32公噸,包含非有害廢棄物4137.60公噸及有害廢棄物43.73公噸.廢棄物處理方式,有害廢棄物採焚化及物理處理,非有害廢棄物則以委託合格廠廠處理為主,焚化及回收處理次之.",0.19,營業額,ISO 14001
2491,吉祥全,0,母子公司,23,母子公司,23,母子公司,N/A,N/A,N
2492,華新科,5201.06,華新科技及子公司(東莞華科電子有限公司 / 蘇州華科電子有限公司 / 廣州匯僑電子有限公司),7776.82,華新科技及子公司(東莞華科電子有限公司 / 蘇州華科電子有限公司 / 廣州匯僑電子有限公司),12977.88,華新科技及子公司(東莞華科電子有限公司 / 蘇州華科電子有限公司 / 廣州匯僑電子有限公司),0.01,產品,ISO 14001
2493,揚博,N/A,N/A,N/A,N/A,N/A,N/A,N/A,N/A,N
2495,普安,0.25,僅母公司,15.53,僅母公司,15.78,僅母公司,N/A,N/A,N
2496,卓越,N/A,N/A,N/A,N/A,N/A,N/A,N/A,N/A,N
2497,怡利電,N/A,有害+非有害,N/A,有害+非有害,42.8,有害+非有害,N/A,N/A,ISO 14001
2498,宏達電,8.19,範圍以HTC台灣區域為主，涵蓋所有HTC在台灣執行營運的母子公司組織範疇,500.21,範圍以HTC台灣區域為主，涵蓋所有HTC在台灣執行營運的母子公司組織範疇,508.39,範圍以HTC台灣區域為主，涵蓋所有HTC在台灣執行營運的母子公司組織範疇,86.9,廢棄物回收率,AA1000
2501,國建,N/A,僅母公司,N/A,僅母公司,5351,僅母公司,535,工地數量,N
2504,國產,N/A,母公司各廠,N/A,母公司各廠,19129,母公司各廠,N/A,N/A,N
2505,國揚,N/A,N/A,N/A,N/A,N/A,N/A,N/A,N/A,N
2506,太設,N/A,N/A,N/A,N/A,N/A,N/A,N/A,N/A,N
2509,全坤建,N/A,N/A,N/A,N/A,N/A,N/A,N/A,N/A,N
2511,太子,N/A,"其中1356.26噸為營建廢棄物占總量98.0%，26.48噸為一般廢棄物占總量
1.91%。",N/A,"其中1356.26噸為營建廢棄物占總量98.0%，26.48噸為一般廢棄物占總量
1.91%。",1382.73,"其中1356.26噸為營建廢棄物占總量98.0%，26.48噸為一般廢棄物占總量
1.91%。",N/A,N/A,N
2514,龍邦,N/A,N/A,N/A,N/A,N/A,N/A,N/A,N/A,N
2515,中工,N/A,N/A,N/A,N/A,N/A,N/A,N/A,N/A,ISO 14001
2516,新建,N/A,N/A,N/A,N/A,N/A,N/A,N/A,N/A,N
2520,冠德,N/A,N/A,N/A,N/A,N/A,N/A,N/A,N/A,N
2524,京城,N/A,N/A,N/A,N/A,N/A,N/A,N/A,N/A,N
2527,宏璟,N/A,N/A,N/A,N/A,N/A,N/A,N/A,N/A,N
2528,皇普,N/A,N/A,N/A,N/A,N/A,N/A,N/A,N/A,N
2530,華建,N/A,母公司,N/A,母公司,398.89,母公司,N/A,N/A,N
2534,宏盛,0,在建工案(新店斯馨、汐止智興、北投石牌),258,在建工案(新店斯馨、汐止智興、北投石牌),258,在建工案(新店斯馨、汐止智興、北投石牌),N/A,N/A,N
2535,達欣工,N/A,母公司總部,N/A,母公司總部,14.56,母公司總部,0,營業額( /百萬 ),N
2536,宏普,N/A,N/A,N/A,N/A,N/A,N/A,N/A,N/A,N
2537,聯上發,N/A,N/A,N/A,N/A,N/A,N/A,N/A,N/A,N
2538,基泰,N/A,N/A,N/A,N/A,N/A,N/A,N/A,N/A,N
2539,櫻花建,N/A,母公司,N/A,母公司,4262.62,母公司,0.01,總樓地板面積㎡,N
2540,愛山林,N/A,N/A,N/A,N/A,N/A,N/A,N/A,N/A,N
2542,興富發,N/A,N/A,N/A,N/A,N/A,N/A,N/A,N/A,N
2543,皇昌,N/A,N/A,N/A,N/A,N/A,N/A,N/A,N/A,N
2545,皇翔,N/A,N/A,N/A,N/A,N/A,N/A,N/A,N/A,N
2546,根基,N/A,根基2021年施工中工地,N/A,根基2021年施工中工地,26241.77,根基2021年施工中工地,N/A,N/A,N
2547,日勝生,N/A,日勝生/日鼎水務/萬達通,N/A,日勝生/日鼎水務/萬達通,5371.12,日勝生/日鼎水務/萬達通,0.09,日勝生: 噸/人,ISO 14001
2548,華固,N/A,僅母公司辦公室,N/A,僅母公司辦公室,2.3,僅母公司辦公室,0.01,母公司樓地板面積(坪),N
2597,潤弘,0,冬山廠冷卻用水,120,冬山廠冷卻用水,120,冬山廠冷卻用水,N/A,N/A,N
2601,益航,N/A,N/A,N/A,N/A,N/A,N/A,179769.62,海運廢棄物總量,N
2603,長榮,N/A,海上船舶及陸上營運,N/A,海上船舶及陸上營運,231.7,海上船舶及陸上營運,N/A,N/A,N
2605,新興,N/A,統計船隊產出之廢棄物，包含塑膠類(一般廢棄物)、食物廢棄物(廚房廢油)及有害廢棄物(汙油水/ Sludge)。,N/A,統計船隊產出之廢棄物，包含塑膠類(一般廢棄物)、食物廢棄物(廚房廢油)及有害廢棄物(汙油水/ Sludge)。,1.05,統計船隊產出之廢棄物，包含塑膠類(一般廢棄物)、食物廢棄物(廚房廢油)及有害廢棄物(汙油水/ Sludge)。,N/A,N/A,N
2606,裕民,N/A,"船上食物廢棄物、紙、玻璃、金屬、
塑膠及食用油",N/A,"船上食物廢棄物、紙、玻璃、金屬、
塑膠及食用油",0.38,"船上食物廢棄物、紙、玻璃、金屬、
塑膠及食用油",N/A,N/A,DNV VeriSustain 中度保證等級
2607,榮運,N/A,N/A,N/A,N/A,N/A,N/A,N/A,N/A,N
2608,嘉里大榮,N/A,嘉里大榮物流組織全部(母公司),N/A,嘉里大榮物流組織全部(母公司),1618.8,嘉里大榮物流組織全部(母公司),0.15,營業額,N
2609,陽明,N/A,七堵總公司、台灣營業部、基隆分公司(含基隆陽明貨櫃場)。,N/A,七堵總公司、台灣營業部、基隆分公司(含基隆陽明貨櫃場)。,311.66,七堵總公司、台灣營業部、基隆分公司(含基隆陽明貨櫃場)。,N/A,N/A,ISO14064
2610,華航,N/A,一般生活，資源回收，廚餘/廢料，事業廢棄物。,N/A,一般生活，資源回收，廚餘/廢料，事業廢棄物。,1570,一般生活，資源回收，廚餘/廢料，事業廢棄物。,0.14,廢棄物總重量/總員工數,ISO 14001
2611,志信,N/A,N/A,N/A,N/A,N/A,N/A,N/A,N/A,N
2612,中航,N/A,"合併公司楊梅,台中,高雄場區之般廢棄物",N/A,"合併公司楊梅,台中,高雄場區之般廢棄物",128,"合併公司楊梅,台中,高雄場區之般廢棄物",0.04,佰萬營業額,N
2613,中櫃,N/A,本公司,N/A,本公司,685.23,本公司,N/A,N/A,ISO 14001
2614,東森,N/A,N/A,N/A,N/A,N/A,N/A,N/A,N/A,N
2615,萬海,N/A,台中高雄專用碼頭+台北辦公室,N/A,台中高雄專用碼頭+台北辦公室,732.99,台中高雄專用碼頭+台北辦公室,0.62,噸/人，分母為台灣員工總人數,ISO 14001
2616,山隆,N/A,N/A,N/A,N/A,N/A,N/A,N/A,N/A,N
2617,台航,N/A,N/A,N/A,N/A,N/A,N/A,N/A,N/A,N
2618,長榮航,N/A,僅母公司,N/A,僅母公司,191.67,僅母公司,0,每人每日廢棄物產出量(以24小時計算),ISO 14001
2630,亞航,N/A,本公司廠區(松山、台中、台南(含歸仁)、屏東)所產生之廢棄物量。,N/A,本公司廠區(松山、台中、台南(含歸仁)、屏東)所產生之廢棄物量。,116.27,本公司廠區(松山、台中、台南(含歸仁)、屏東)所產生之廢棄物量。,0.03,百萬營業額,N
2633,台灣高鐵,N/A,車站及基地,N/A,車站及基地,5947.35,車站及基地,N/A,N/A,N
2634,漢翔,456.48,僅母公司,1660.16,僅母公司,2116.64,僅母公司,0.09,百萬營業額,ISO 14001
2636,台驊投控,N/A,N/A,N/A,N/A,N/A,N/A,N/A,N/A,N
2637,慧洋-KY,N/A,N/A,N/A,N/A,N/A,N/A,0,廢棄物量/船隊總噸位數,N
2642,宅配通,0,台灣宅配通股份有限公司,703,台灣宅配通股份有限公司,703,台灣宅配通股份有限公司,N/A,N/A,N
2701,萬企,N/A,N/A,N/A,N/A,N/A,N/A,N/A,N/A,N
2702,華園,N/A,僅為母公司,N/A,僅為母公司,54,僅為母公司,43665,千元營業額,N
2704,國賓,0,"2021/1/1~2021/12/31以國賓大飯店為主體，包
含台北、新竹、高雄三館",198.9,"2021/1/1~2021/12/31以國賓大飯店為主體，包
含台北、新竹、高雄三館",198.9,"2021/1/1~2021/12/31以國賓大飯店為主體，包
含台北、新竹、高雄三館",0,千元營業額,N
2705,六福,N/A,母公司之主要營運地，包含總公司及南港分公司,N/A,母公司之主要營運地，包含總公司及南港分公司,688.72,母公司之主要營運地，包含總公司及南港分公司,0,營業額-千元,N
2706,第一店,N/A,N/A,N/A,N/A,N/A,N/A,N/A,N/A,N
2707,晶華,N/A,台北晶華,N/A,台北晶華,1228.75,台北晶華,0.52,百萬營業額,N
2712,遠雄來,N/A,母公司,N/A,母公司,81122,母公司,0,營業額,N
2722,夏都,0,僅為母公司,137.3,僅為母公司,137.3,僅為母公司,N/A,N/A,N
2723,美食-KY,N/A,N/A,N/A,N/A,N/A,N/A,N/A,N/A,N
2727,王品,N/A,含王品、王莆(子公司)、群品(子公司),N/A,含王品、王莆(子公司)、群品(子公司),13296,含王品、王莆(子公司)、群品(子公司),4,一門店,N
2731,雄獅,N/A,N/A,N/A,N/A,N/A,N/A,N/A,N/A,N
2739,寒舍,N/A,母公司,N/A,母公司,2033.22,母公司,0,仟元營業額,N
2748,雲品,N/A,合併財務報表母子公司,N/A,合併財務報表母子公司,297.34,合併財務報表母子公司,0.2,營業額,N
2753,八方雲集,0,母公司淡水廠、西螺廠、高雄廠,3709.8,母公司淡水廠、西螺廠、高雄廠,3709.8,母公司淡水廠、西螺廠、高雄廠,0.92,百萬營業額,N
2801,彰銀,N/A,總行(臺北大樓),N/A,總行(臺北大樓),118.63,總行(臺北大樓),N/A,N/A,N
2809,京城銀,0,母公司總行大樓,11.87,母公司總行大樓,11.87,母公司總行大樓,3.71,垃圾總量/員工人數(單位：公斤/人),N
2812,台中銀,N/A,總行民權及民族大樓、南台中分行及太平員訓中心,N/A,總行民權及民族大樓、南台中分行及太平員訓中心,211.07,總行民權及民族大樓、南台中分行及太平員訓中心,N/A,N/A,N
2816,旺旺保,N/A,N/A,N/A,N/A,N/A,N/A,N/A,N/A,N
2820,華票,N/A,總公司與5家分公司,N/A,總公司與5家分公司,0.08,總公司與5家分公司,0,廢棄辦公傢俱,N
2832,台產,N/A,N/A,N/A,N/A,N/A,N/A,N/A,N/A,N
2834,臺企銀,N/A,總行大樓110年10-12月,N/A,總行大樓110年10-12月,15.03,總行大樓110年10-12月,0.02,總行大樓702人,ISO 14001
2836,高雄銀,N/A,N/A,N/A,N/A,N/A,N/A,N/A,N/A,ISO 14001
2838,聯邦銀,0,全行各單位,173.7,全行各單位,173.7,全行各單位,N/A,N/A,N
2845,遠東銀,N/A,母公司國內據點,N/A,母公司國內據點,239.56,母公司國內據點,0.09,人,N
2849,安泰銀,0,110年度資訊設備及廢紙銷毀,31.92,110年度資訊設備及廢紙銷毀,31.92,110年度資訊設備及廢紙銷毀,N/A,N/A,N
2850,新產,N/A,總公司,N/A,總公司,44.88,總公司,0.1,服務,N
2851,中再保,N/A,母公司,N/A,母公司,3.96,母公司,N/A,N/A,N
2852,第一保,N/A,全公司,N/A,全公司,72.42,全公司,N/A,N/A,N
2855,統一證,N/A,總部大樓,N/A,總部大樓,75.14,總部大樓,0.11,人均,N
2867,三商壽,N/A,信義總公司,N/A,信義總公司,9.62,信義總公司,N/A,N/A,N
2880,華南金,N/A,國內各子公司營運總部,N/A,國內各子公司營運總部,268.6,國內各子公司營運總部,N/A,N/A,N
2881,富邦金,N/A,富邦金控、富邦人壽、台北富邦銀行、富邦產物及富邦證券。,N/A,富邦金控、富邦人壽、台北富邦銀行、富邦產物及富邦證券。,912,富邦金控、富邦人壽、台北富邦銀行、富邦產物及富邦證券。,0.03,人 (員工),ISO14001、ISO14064
2882,國泰金,N/A,包含集團(金控、人壽、銀行、產險、證券、投信、投顧、創投、期貨、私募)之國內據點,N/A,包含集團(金控、人壽、銀行、產險、證券、投信、投顧、創投、期貨、私募)之國內據點,1246.29,包含集團(金控、人壽、銀行、產險、證券、投信、投顧、創投、期貨、私募)之國內據點,26.84,總員工數,ISO14064-1
2883,開發金,N/A,包含合併報表之母子公司，員工涵蓋率99.27%,N/A,包含合併報表之母子公司，員工涵蓋率99.27%,488.73,包含合併報表之母子公司，員工涵蓋率99.27%,N/A,N/A,N
2884,玉山金,0,100%持有合併財務報表之母子公司，其中95%國內據點有實際盤查，另外5%海外據點為推估值,697.8,100%持有合併財務報表之母子公司，其中95%國內據點有實際盤查，另外5%海外據點為推估值,697.8,100%持有合併財務報表之母子公司，其中95%國內據點有實際盤查，另外5%海外據點為推估值,0.01,營收百萬元,ISO 14001、ISO 14064
2885,元大金,N/A,公司或包含合併財務報表之母子公司之台灣營運範疇,N/A,公司或包含合併財務報表之母子公司之台灣營運範疇,661.18,公司或包含合併財務報表之母子公司之台灣營運範疇,0.06,人均產生廢棄物,ISO 14001
2886,兆豐金,0,包括集團五棟自有大樓（兆金、兆吉、兆證、兆產及衡陽等大樓）廢棄物。,125.76,包括集團五棟自有大樓（兆金、兆吉、兆證、兆產及衡陽等大樓）廢棄物。,125.76,包括集團五棟自有大樓（兆金、兆吉、兆證、兆產及衡陽等大樓）廢棄物。,0.01,國內員工人數,N
2887,台新金,N/A,以台新銀行三棟自有大樓廢棄物量推估至全金控,N/A,以台新銀行三棟自有大樓廢棄物量推估至全金控,804.81,以台新銀行三棟自有大樓廢棄物量推估至全金控,0.07,員工人數,GRI準則-核心選項與AA1000AS v3第二類型中度保證等級查證
2888,新光金,N/A,100%包含合併財務報表之母子公司,N/A,100%包含合併財務報表之母子公司,1907.84,100%包含合併財務報表之母子公司,0.12,人均廢棄物量,N
2889,國票金,N/A,N/A,N/A,N/A,N/A,N/A,N/A,N/A,N
2890,永豐金,N/A,金控及旗下5家主要子公司（永豐銀行、永豐金證券、永豐投信、永豐金租賃、永豐創業投資） 之國內所有營運據點納入統計範疇。,N/A,金控及旗下5家主要子公司（永豐銀行、永豐金證券、永豐投信、永豐金租賃、永豐創業投資） 之國內所有營運據點納入統計範疇。,563.06,金控及旗下5家主要子公司（永豐銀行、永豐金證券、永豐投信、永豐金租賃、永豐創業投資） 之國內所有營運據點納入統計範疇。,0.07,每人,"AA1000 Assurance Standard v3, Type 2 Moderate level of assurance"
2891,中信金,N/A,中信銀行全據點及總部各子公司,N/A,中信銀行全據點及總部各子公司,1014,中信銀行全據點及總部各子公司,0.07,人,ISO14064-1:2018
2892,第一金,N/A,國內全數營運據點。,N/A,國內全數營運據點。,280,國內全數營運據點。,0.03,"280公噸/9,420人=0.030公噸",ISO 14001
2897,王道銀行,0,母公司總部大樓，並包含2家子公司(中華票券金融股份有限公司、台灣工銀租賃股份有限公司)之總部廢棄物量,96.55,母公司總部大樓，並包含2家子公司(中華票券金融股份有限公司、台灣工銀租賃股份有限公司)之總部廢棄物量,96.55,母公司總部大樓，並包含2家子公司(中華票券金融股份有限公司、台灣工銀租賃股份有限公司)之總部廢棄物量,0.16,員工人數,ISO 14001
2901,欣欣,0,包含合併財務報表之母子公司,192.4,包含合併財務報表之母子公司,192.4,包含合併財務報表之母子公司,N/A,N/A,N
2903,遠百,N/A,僅母公司,N/A,僅母公司,6776,僅母公司,14.45,億元營業額,N
2904,匯僑,N/A,臺中港西二及西五槽區,N/A,臺中港西二及西五槽區,47.22,臺中港西二及西五槽區,N/A,N/A,N
2905,三商,N/A,N/A,N/A,N/A,N/A,N/A,N/A,N/A,N
2906,高林,N/A,N/A,N/A,N/A,N/A,N/A,N/A,N/A,N
2908,特力,N/A,特力(股)總部及楊梅物流中心,N/A,特力(股)總部及楊梅物流中心,402.6,特力(股)總部及楊梅物流中心,0.02,百萬營收,N
2910,統領,N/A,N/A,N/A,N/A,N/A,N/A,N/A,N/A,N
2911,麗嬰房,N/A,N/A,N/A,N/A,N/A,N/A,N/A,N/A,N
2912,統一超,N/A,"實際統計包含總部大樓及1,010家門市、推估值包含9 處區辦公室及5,369家門市。",N/A,"實際統計包含總部大樓及1,010家門市、推估值包含9 處區辦公室及5,369家門市。",56156.01,"實際統計包含總部大樓及1,010家門市、推估值包含9 處區辦公室及5,369家門市。",7.4,門市數,AA1000 type2
2913,農林,N/A,N/A,N/A,N/A,N/A,N/A,N/A,N/A,N
2915,潤泰全,N/A,N/A,N/A,N/A,N/A,N/A,N/A,N/A,N
2923,鼎固-KY,N/A,包含上海打浦橋日月光中心、上海嘉定日月光中心、上海御華山以及重慶日月光中心，共計四據點。,N/A,包含上海打浦橋日月光中心、上海嘉定日月光中心、上海御華山以及重慶日月光中心，共計四據點。,27969.25,包含上海打浦橋日月光中心、上海嘉定日月光中心、上海御華山以及重慶日月光中心，共計四據點。,0.58,新台幣十萬元營收,N
2929,淘帝-KY,N/A,N/A,N/A,N/A,N/A,N/A,N/A,N/A,N
2939,凱羿-KY,N/A,N/A,N/A,N/A,N/A,N/A,N/A,N/A,N
2945,三商家購,N/A,物流部紙箱回收數據,N/A,物流部紙箱回收數據,300,物流部紙箱回收數據,N/A,N/A,N
3002,歐格,N/A,N/A,N/A,N/A,N/A,N/A,N/A,N/A,N
3003,健和興,N/A,母公司,N/A,母公司,109.55,母公司,0,產品,ISO 14001
3004,豐達科,N/A,母公司,N/A,母公司,387.29,母公司,0.3,單位:百萬營業額,ISO9001、ISO14001
3005,神基,1629.68,涵蓋神基投控暨其八家子公司,4250.46,涵蓋神基投控暨其八家子公司,5880.14,涵蓋神基投控暨其八家子公司,5.47,營業額,GRI Standards核心依循選項與AA 1000 ASv3 Type1 中度保證等級的要求
3006,晶豪科,0.87,母公司,16.26,母公司,17.13,母公司,0,廢棄物量/百萬營業額(個體),N
3008,大立光,25,母公司,2472,母公司,2497,母公司,N/A,N/A,N
3010,華立,0,僅母公司,5.5,僅母公司,5.5,僅母公司,N/A,N/A,N
3011,今皓,N/A,N/A,N/A,N/A,N/A,N/A,N/A,N/A,N
3013,晟銘電,172,包含合併財務報表之母子公司,4341,包含合併財務報表之母子公司,4513,包含合併財務報表之母子公司,N/A,N/A,N
3014,聯陽,2.14,母公司,184.5,母公司,186.64,母公司,N/A,N/A,N
3015,全漢,N/A,母公司與部分子公司的一般事業廢棄物,N/A,母公司與部分子公司的一般事業廢棄物,262.12,母公司與部分子公司的一般事業廢棄物,0.02,百萬營業額,N
3016,嘉晶,5.27,僅母公司,133.3,僅母公司,138.58,僅母公司,0,產品,ISO 14001
3017,奇鋐,574.41,台灣高雄、深圳奇宏/興奇宏、東莞明鑫/興奇宏、成都奇宏、武漢奇宏/興奇宏、嘉善萬順達,1674.79,台灣高雄、深圳奇宏/興奇宏、東莞明鑫/興奇宏、成都奇宏、武漢奇宏/興奇宏、嘉善萬順達,2249.2,台灣高雄、深圳奇宏/興奇宏、東莞明鑫/興奇宏、成都奇宏、武漢奇宏/興奇宏、嘉善萬順達,4.75,"廢棄物總量/營業額= 2249.20噸/ 47,332 TWD’M=4.75%",N
3018,隆銘綠能,N/A,N/A,N/A,N/A,N/A,N/A,N/A,N/A,N
3019,亞光,N/A,N/A,N/A,N/A,N/A,N/A,N/A,N/A,N
3021,鴻名,N/A,N/A,N/A,N/A,N/A,N/A,N/A,N/A,N
3022,威強電,N/A,N/A,N/A,N/A,N/A,N/A,N/A,N/A,N
3023,信邦,95.48,集團100%持股之11個據點,862.76,集團100%持股之11個據點,958.24,集團100%持股之11個據點,0,"95.48(噸)/25,530.706(新台幣百萬元,2021年營收) = 0.003",ISO 14001
3024,憶聲,0,總公司辦公室,12,總公司辦公室,12,總公司辦公室,N/A,N/A,N
3025,星通,N/A,N/A,N/A,N/A,N/A,N/A,N/A,N/A,N
3026,禾伸堂,N/A,母公司,N/A,母公司,1114.06,母公司,0.06,產品,N
3027,盛達,N/A,N/A,N/A,N/A,N/A,N/A,N/A,N/A,N
3028,增你強,N/A,母公司,N/A,母公司,26.3,母公司,0,營業額,N
3029,零壹,N/A,N/A,N/A,N/A,N/A,N/A,N/A,N/A,N
3030,德律,0,母公司,54.69,母公司,54.69,母公司,0,產品,TUV:ISO 9001
3031,佰鴻,0,含合併報表母子公司,309.7,含合併報表母子公司,309.7,含合併報表母子公司,0.2,佰萬營收,N
3032,偉訓,N/A,N/A,N/A,N/A,N/A,N/A,N/A,N/A,N
3033,威健,0,威健在台灣營運據點為主（臺北內湖總公司、內湖倉儲中心、桃園倉儲中心及中南部聯絡處(新竹、臺中及高雄)）,21.48,威健在台灣營運據點為主（臺北內湖總公司、內湖倉儲中心、桃園倉儲中心及中南部聯絡處(新竹、臺中及高雄)）,21.48,威健在台灣營運據點為主（臺北內湖總公司、內湖倉儲中心、桃園倉儲中心及中南部聯絡處(新竹、臺中及高雄)）,0,公噸/樓地板面積m2,N
3034,聯詠,36.99,母公司,47.1,母公司,84.09,母公司,0,新臺幣百萬營業額,N
3035,智原,N/A,母公司,N/A,母公司,14.67,母公司,0,營業額,N
3036,文曄,0,包含合併財務報表母子公司之台灣各營運據點,118.33,包含合併財務報表母子公司之台灣各營運據點,118.33,包含合併財務報表母子公司之台灣各營運據點,N/A,N/A,N
3037,欣興,N/A,母公司及部份子公司,N/A,母公司及部份子公司,121941,母公司及部份子公司,1.17,百萬元營業額,ISO 14001
3038,全台,32,母公司及東莞廠,192,母公司及東莞廠,224,母公司及東莞廠,0.23,每一標準工時產出量,N
3040,遠見,0,母公司,500,母公司,500,母公司,N/A,N/A,N
3041,揚智,N/A,僅母公司,N/A,僅母公司,41,僅母公司,0,產品,N
3042,晶技,144.9,台灣晶技平鎮廠,84.71,台灣晶技平鎮廠,229.61,台灣晶技平鎮廠,0.02,以個體營收計算，單位 : 新臺幣佰萬元,ISO 14001
3043,科風,N/A,N/A,N/A,N/A,N/A,N/A,N/A,N/A,N
3044,健鼎,130567,健鼎-平鎮/無錫/湖北廠區,39994,健鼎-平鎮/無錫/湖北廠區,170561,健鼎-平鎮/無錫/湖北廠區,0,營業額,"由UL驗證的Zero Waste to Landfill Platinum Operations零填埋白金等級認證,詳見我司官網www.tripod-tech.com"
3045,台灣大,0,2021,1625.07,2021,1625.07,2021,0,營業額,依中華民國會計研究發展基金會確信準則公報第1號「非屬歷史性財務資訊查核或核閱之確信案件」進行有限確信
3046,建,N/A,包含合併財務報表之母子公司,N/A,包含合併財務報表之母子公司,2,包含合併財務報表之母子公司,0,百萬營業額,N
3047,訊舟,N/A,N/A,N/A,N/A,N/A,N/A,N/A,N/A,N
3048,益登,N/A,僅母公司(台灣區),N/A,僅母公司(台灣區),8,僅母公司(台灣區),0,百萬營業額,N
3049,精金,356.15,和鑫光電股份有限公司,1088.63,和鑫光電股份有限公司,1444.78,和鑫光電股份有限公司,0,產品,N
3050,鈺德,195,僅母公司,52,僅母公司,247,僅母公司,N/A,N/A,ISO 14001
3051,力特,0,母公司,542.54,母公司,542.54,母公司,0.17,營業額,ISO 14001
3052,夆典,N/A,N/A,N/A,N/A,N/A,N/A,N/A,N/A,N
3054,立萬利,N/A,N/A,N/A,N/A,N/A,N/A,N/A,N/A,N
3055,蔚華科,N/A,N/A,N/A,N/A,N/A,N/A,N/A,N/A,N
3056,富華新,N/A,N/A,N/A,N/A,N/A,N/A,N/A,N/A,N
3057,喬鼎,N/A,母公司,N/A,母公司,680.57,母公司,0.9,百萬營業額,N
3058,立德,N/A,N/A,N/A,N/A,N/A,N/A,N/A,N/A,N
3059,華晶科,N/A,母公司,N/A,母公司,24,母公司,N/A,N/A,N
3060,銘異,0,僅桃園市龜山區母公司範疇,6935,僅桃園市龜山區母公司範疇,6935,僅桃園市龜山區母公司範疇,6915,產品,ISO 14001
3062,建漢,N/A,僅母公司,N/A,僅母公司,13.16,僅母公司,N/A,N/A,N
3090,日電貿,N/A,委託專業廠商資料銷毀，製成再生紙,N/A,委託專業廠商資料銷毀，製成再生紙,6.53,委託專業廠商資料銷毀，製成再生紙,N/A,N/A,N
3092,鴻碩,N/A,合併財務報表之重要子公司-鴻碩蘇州公司,N/A,合併財務報表之重要子公司-鴻碩蘇州公司,81.12,合併財務報表之重要子公司-鴻碩蘇州公司,0,營業額,ISO 9001
3094,聯傑,N/A,母公司,N/A,母公司,7.38,母公司,0.03,營業額,N
3130,一零四,N/A,包含合併財務報表之母子公司全台營運據點,N/A,包含合併財務報表之母子公司全台營運據點,29.25,包含合併財務報表之母子公司全台營運據點,0.04,員工人數,N
3138,耀登,N/A,僅母公司,N/A,僅母公司,5.5,僅母公司,0,營業額,N
3149,正達,0,母公司,751.51,母公司,751.51,母公司,0.31,"751.51公噸/個體營收淨額2,431百萬元",ISO 14001
3164,景岳,N/A,"110年各月廢棄物總量(噸)
1月	2.5947
2月	1.4153
3月	3.55515
4月	1.43795
5月	4.5419
6月	1.7177
7月	7.685
8月	5.2731
9月	12.9008
10月	5.4301
11月	22.0142
12月	6.0858",N/A,"110年各月廢棄物總量(噸)
1月	2.5947
2月	1.4153
3月	3.55515
4月	1.43795
5月	4.5419
6月	1.7177
7月	7.685
8月	5.2731
9月	12.9008
10月	5.4301
11月	22.0142
12月	6.0858",74.65,"110年各月廢棄物總量(噸)
1月	2.5947
2月	1.4153
3月	3.55515
4月	1.43795
5月	4.5419
6月	1.7177
7月	7.685
8月	5.2731
9月	12.9008
10月	5.4301
11月	22.0142
12月	6.0858",1.99,產品,N
3167,大量,N/A,N/A,N/A,N/A,N/A,N/A,N/A,N/A,N
3189,景碩,7743,母公司,5530,母公司,13273,母公司,0,產品,N
3209,全科,N/A,僅包含母公司的台灣總部、各點辦公室及物流倉儲。,N/A,僅包含母公司的台灣總部、各點辦公室及物流倉儲。,48.55,僅包含母公司的台灣總部、各點辦公室及物流倉儲。,0.1,營業額,N
3229,晟鈦,170.71,僅母公司,57.25,僅母公司,227.96,僅母公司,N/A,N/A,ISO 14001
3231,緯創,1043.5,母公司(內湖總部/汐止辦公區/新竹廠)及全球主要營運與製造廠區(昆山廠、泰州廠、中山廠、重慶廠、成都廠、墨西哥廠、捷克廠及昆山光電廠),38251.6,母公司(內湖總部/汐止辦公區/新竹廠)及全球主要營運與製造廠區(昆山廠、泰州廠、中山廠、重慶廠、成都廠、墨西哥廠、捷克廠及昆山光電廠),39295.1,母公司(內湖總部/汐止辦公區/新竹廠)及全球主要營運與製造廠區(昆山廠、泰州廠、中山廠、重慶廠、成都廠、墨西哥廠、捷克廠及昆山光電廠),0.05,單位:千公噸廢棄物量/十億元新台幣(以緯創全球主要製造廠區用水量/ 廠區營收做為計算基準),ISO 14001
3257,虹冠電,N/A,110年事業廢棄物統計資料,N/A,110年事業廢棄物統計資料,2.94,110年事業廢棄物統計資料,0.23,營業額,N
3266,昇陽,N/A,N/A,N/A,N/A,N/A,N/A,N/A,N/A,N
3296,勝德,N/A,N/A,N/A,N/A,N/A,N/A,N/A,N/A,N
3305,昇貿,1.78,110/1/1~110/12/31,28.6,110/1/1~110/12/31,30.38,110/1/1~110/12/31,N/A,N/A,N
3308,聯德,N/A,N/A,N/A,N/A,N/A,N/A,N/A,N/A,N
3311,閎暉,N/A,N/A,N/A,N/A,N/A,N/A,N/A,N/A,N
3312,弘憶股,N/A,N/A,N/A,N/A,N/A,N/A,N/A,N/A,N
3321,同泰,N/A,母公司,N/A,母公司,526.8,母公司,0,產品,N
3338,泰碩,N/A,N/A,N/A,N/A,N/A,N/A,N/A,N/A,N
3346,麗清,2.21,2021/01~2021~12,24.52,2021/01~2021~12,26.73,2021/01~2021~12,N/A,N/A,ISO 14001
3356,奇偶,N/A,N/A,N/A,N/A,N/A,N/A,N/A,N/A,N
3376,新日興,94.56,僅母公司,110.74,僅母公司,205.3,僅母公司,N/A,N/A,N
3380,明泰,N/A,2021/1/1~2021/12/31,N/A,2021/1/1~2021/12/31,68.04,2021/1/1~2021/12/31,0,營業額,N
3406,玉晶光,0,台中市大雅區科雅東路一號，包括辦公室、作業廠區及依據環保署管制編號要求設定。,35.13,台中市大雅區科雅東路一號，包括辦公室、作業廠區及依據環保署管制編號要求設定。,35.13,台中市大雅區科雅東路一號，包括辦公室、作業廠區及依據環保署管制編號要求設定。,0.24,產品,ISO 14001
3413,京鼎,N/A,N/A,N/A,N/A,N/A,N/A,N/A,N/A,N
3416,融程電,0.32,僅母公司,312,僅母公司,312.32,僅母公司,N/A,N/A,N
3419,譁裕,0,僅母公司,60,僅母公司,60,僅母公司,N/A,N/A,N
3432,台端,N/A,N/A,N/A,N/A,N/A,N/A,N/A,N/A,N
3437,榮創,N/A,榮創能源科技股份有限公司,N/A,榮創能源科技股份有限公司,98.51,榮創能源科技股份有限公司,N/A,N/A,ISO 14001
3443,創意,N/A,本次報告書邊界為創意電子台灣地區，涵蓋新竹總部、新竹分部，未納入海外子公司,N/A,本次報告書邊界為創意電子台灣地區，涵蓋新竹總部、新竹分部，未納入海外子公司,1.59,本次報告書邊界為創意電子台灣地區，涵蓋新竹總部、新竹分部，未納入海外子公司,0,營業額,N
3450,聯鈞,0.43,母公司,46.63,母公司,47.06,母公司,N/A,N/A,N
3454,晶睿,0,中和192+168,23.8,中和192+168,23.8,中和192+168,N/A,N/A,N
3481,群創,24993,群創光電(母公司)及子公司：寧波群志光電、寧波群輝光電、寧波群安電子科技、佛山群志光電、佛山群輝物流、南京群志光電、上海群志光電、寧波群豐駿電子,75253,群創光電(母公司)及子公司：寧波群志光電、寧波群輝光電、寧波群安電子科技、佛山群志光電、佛山群輝物流、南京群志光電、上海群志光電、寧波群豐駿電子,100246,群創光電(母公司)及子公司：寧波群志光電、寧波群輝光電、寧波群安電子科技、佛山群志光電、佛山群輝物流、南京群志光電、上海群志光電、寧波群豐駿電子,0,單位: 廢棄物(Kg)/營業額(元),ISO 14001
3494,誠研,N/A,包含合併財務報表之母子公司,N/A,包含合併財務報表之母子公司,31.6,包含合併財務報表之母子公司,N/A,N/A,N
3501,維熹,0,僅母公司,8.4,僅母公司,8.4,僅母公司,N/A,N/A,N
3504,揚明光,N/A,僅母公司,N/A,僅母公司,57,僅母公司,N/A,N/A,N
3515,華擎,N/A,母公司,N/A,母公司,3.55,母公司,0.01,員工人均廢棄物量,N
3518,柏騰,N/A,N/A,N/A,N/A,N/A,N/A,N/A,N/A,N
3528,安馳,N/A,N/A,N/A,N/A,N/A,N/A,N/A,N/A,N
3530,晶相光,N/A,廠內,N/A,廠內,0.13,廠內,N/A,N/A,N
3532,台勝科,1.54,,5855,,5856.54,,0.02,產品,N
3533,嘉澤,N/A,本公司於中國大陸廣州、蘇州、中山之子公司,N/A,本公司於中國大陸廣州、蘇州、中山之子公司,11528.09,本公司於中國大陸廣州、蘇州、中山之子公司,N/A,N/A,N
3535,晶彩科,0,僅母公司,26.2,僅母公司,26.2,僅母公司,0.19,以百萬元營業額為單位,N
3543,州巧,N/A,N/A,N/A,N/A,N/A,N/A,N/A,N/A,N
3545,敦泰,N/A,台灣新竹總部,N/A,台灣新竹總部,1.57,台灣新竹總部,0.04,員工人數,N
3550,聯穎,N/A,N/A,N/A,N/A,N/A,N/A,N/A,N/A,N
3557,嘉威,N/A,N/A,N/A,N/A,N/A,N/A,N/A,N/A,N
3563,牧德,N/A,牧德科技股份有限公司,N/A,牧德科技股份有限公司,10,牧德科技股份有限公司,N/A,N/A,N
3576,聯合再生,1828.2,母公司(竹科廠、竹南廠及台南廠),1585.3,母公司(竹科廠、竹南廠及台南廠),3413.5,母公司(竹科廠、竹南廠及台南廠),0.28,百萬營業額,N
3583,辛耘,N/A,新竹縣湖口鄉中華路16號,N/A,新竹縣湖口鄉中華路16號,319.47,新竹縣湖口鄉中華路16號,319.47,35473520000 (辛耘母公司營收),N
3588,通嘉,N/A,母公司,N/A,母公司,0.5,母公司,0,營業額,N
3591,艾笛森,0.31,僅母公司,6.99,僅母公司,7.3,僅母公司,0.01,每百萬元營業額,N
3592,瑞鼎,N/A,公司產生廢棄物主要為辦公室生活垃圾與廢電子零組件，廢棄物清運皆委託合格清除廠商處理。,N/A,公司產生廢棄物主要為辦公室生活垃圾與廢電子零組件，廢棄物清運皆委託合格清除廠商處理。,11.11,公司產生廢棄物主要為辦公室生活垃圾與廢電子零組件，廢棄物清運皆委託合格清除廠商處理。,0.46,每百萬營業額0.46公斤,ISO 14001
3593,力銘,N/A,N/A,N/A,N/A,N/A,N/A,N/A,N/A,N
3596,智易,160,台灣總部及中國與越南生產中心,1051,台灣總部及中國與越南生產中心,1211,台灣總部及中國與越南生產中心,0,產品,N
3605,宏致,2.23,此數據是上環保局網站申報的資料,20.8,此數據是上環保局網站申報的資料,23.03,此數據是上環保局網站申報的資料,N/A,N/A,N
3607,谷崧,N/A,N/A,N/A,N/A,N/A,N/A,N/A,N/A,N
3617,碩天,N/A,N/A,N/A,N/A,N/A,N/A,N/A,N/A,IECQQC08000
3622,洋華,1,母公司,24,母公司,25,母公司,0.02,TON/百萬元營業額,N
3645,達邁,N/A,N/A,N/A,N/A,N/A,N/A,N/A,N/A,N
3652,精聯,0,僅母公司之文件紙張銷毀量及電子廢棄物數量,3.2,僅母公司之文件紙張銷毀量及電子廢棄物數量,3.2,僅母公司之文件紙張銷毀量及電子廢棄物數量,0.18,億營業額,N
3653,健策,622.48,母公司,392.88,母公司,1015.35,母公司,0.14,營業額(百萬),ISO 14001
3661,世芯-KY,N/A,N/A,N/A,N/A,N/A,N/A,N/A,N/A,N
3665,貿聯-KY,44.93,統計範圍涵蓋集團 17 個生產據點：昆山貿聯廠、昆山翔光廠、常州廠、深圳通盈廠、翔耀廠、康聯廠、廈門新視廠、百事聯廠、佛山城鉞廠、新加坡加冷廠、馬來西亞柔佛廠、馬來西亞檳城廠、塞爾維亞廠、斯洛伐克廠、加州廠、德州廠、墨西哥廠。,3839.23,統計範圍涵蓋集團 17 個生產據點：昆山貿聯廠、昆山翔光廠、常州廠、深圳通盈廠、翔耀廠、康聯廠、廈門新視廠、百事聯廠、佛山城鉞廠、新加坡加冷廠、馬來西亞柔佛廠、馬來西亞檳城廠、塞爾維亞廠、斯洛伐克廠、加州廠、德州廠、墨西哥廠。,3884.16,統計範圍涵蓋集團 17 個生產據點：昆山貿聯廠、昆山翔光廠、常州廠、深圳通盈廠、翔耀廠、康聯廠、廈門新視廠、百事聯廠、佛山城鉞廠、新加坡加冷廠、馬來西亞柔佛廠、馬來西亞檳城廠、塞爾維亞廠、斯洛伐克廠、加州廠、德州廠、墨西哥廠。,N/A,N/A,N
3669,圓展,N/A,母公司,N/A,母公司,88.2,母公司,121.68,產品,ISO 14001
3673,TPK-KY,348.98,宸鴻科技（廈門）有限公司、鴻通科技（廈門）有限公司、宸美（廈門）光電有限公司、祥達光學（廈門）有限公司、寶宸（廈門）光學科技有限公司、宸鴻科技（平潭）有限公司,6942.07,宸鴻科技（廈門）有限公司、鴻通科技（廈門）有限公司、宸美（廈門）光電有限公司、祥達光學（廈門）有限公司、寶宸（廈門）光學科技有限公司、宸鴻科技（平潭）有限公司,7291.05,宸鴻科技（廈門）有限公司、鴻通科技（廈門）有限公司、宸美（廈門）光電有限公司、祥達光學（廈門）有限公司、寶宸（廈門）光學科技有限公司、宸鴻科技（平潭）有限公司,0,千元營業額,ISO 14001
3679,新至陞,0,母公司110年01月~110年12月,21.56,母公司110年01月~110年12月,21.56,母公司110年01月~110年12月,1.68,營業額,ISO 14001
3686,達能,0,包含合併財務報表之母子公司。,1.1,包含合併財務報表之母子公司。,1.1,包含合併財務報表之母子公司。,0,營業額,N
3694,海華,N/A,上海子公司廠區,N/A,上海子公司廠區,16.28,上海子公司廠區,N/A,N/A,N
3701,大眾控,N/A,N/A,N/A,N/A,N/A,N/A,N/A,N/A,N
3702,大聯大,N/A,盤查範圍包含台灣區南港總部辦公室、林口倉及香港倉,N/A,盤查範圍包含台灣區南港總部辦公室、林口倉及香港倉,381.65,盤查範圍包含台灣區南港總部辦公室、林口倉及香港倉,0.18,各據點員工合計數,依據確信準則公報一號進行驗證，指標揭露內容參照GRI 306
3703,欣陸,N/A,母公司及主要營運子公司,N/A,母公司及主要營運子公司,32483.22,母公司及主要營運子公司,1.21,百萬營業額,ISO 14001，驗證範圍：鳳山、安平及淡水水資源回收中心
3704,合勤控,N/A,母公司,N/A,母公司,232,母公司,0.18,百萬營業額,N
3705,永信,N/A,N/A,N/A,N/A,N/A,N/A,N/A,N/A,N
3706,神達,139.2,"合併財務報表之母子公司, 含台灣營運、研發中心及廠區; 中國主要生產據點: 廣東順達廠區、江蘇昆達廠區; 美國加州組裝廠區: MiTACIS",2134.92,"合併財務報表之母子公司, 含台灣營運、研發中心及廠區; 中國主要生產據點: 廣東順達廠區、江蘇昆達廠區; 美國加州組裝廠區: MiTACIS",2274.12,"合併財務報表之母子公司, 含台灣營運、研發中心及廠區; 中國主要生產據點: 廣東順達廠區、江蘇昆達廠區; 美國加州組裝廠區: MiTACIS",0.05,營業額/單位為「百萬新台幣」,ISO 14001
3708,上緯投控,245.05,上緯興業股份有限公司,159.48,上緯興業股份有限公司,404.53,上緯興業股份有限公司,0.14,百營業額,ISO 14001
3711,日月光投控,29540.26,日月光半導體製造股份有限公司(高雄廠、中壢廠、蘇州廠、 威海廠、無錫廠、日榮半導體(上海)、上海材料廠、 上海月芯半導體、昆山廠、日本廠、韓國廠、 新加坡廠、馬來西亞廠、ISE Labs)、矽品精密工業股份有限公司(大豐廠、中山廠、中科廠、新竹廠、彰化廠、蘇州廠)、環電股份有限公司(南投廠、張江廠、昆山廠、金橋廠、深圳廠、墨西哥廠),52617.8,日月光半導體製造股份有限公司(高雄廠、中壢廠、蘇州廠、 威海廠、無錫廠、日榮半導體(上海)、上海材料廠、 上海月芯半導體、昆山廠、日本廠、韓國廠、 新加坡廠、馬來西亞廠、ISE Labs)、矽品精密工業股份有限公司(大豐廠、中山廠、中科廠、新竹廠、彰化廠、蘇州廠)、環電股份有限公司(南投廠、張江廠、昆山廠、金橋廠、深圳廠、墨西哥廠),82158.06,日月光半導體製造股份有限公司(高雄廠、中壢廠、蘇州廠、 威海廠、無錫廠、日榮半導體(上海)、上海材料廠、 上海月芯半導體、昆山廠、日本廠、韓國廠、 新加坡廠、馬來西亞廠、ISE Labs)、矽品精密工業股份有限公司(大豐廠、中山廠、中科廠、新竹廠、彰化廠、蘇州廠)、環電股份有限公司(南投廠、張江廠、昆山廠、金橋廠、深圳廠、墨西哥廠),1.44,公斤/千美金營收,ISO14001; GRI; SASB
3712,永崴投控,N/A,母公司,N/A,母公司,0,母公司,N/A,N/A,N
3714,富采,N/A,N/A,N/A,N/A,N/A,N/A,N/A,N/A,N
4104,佳醫,N/A,僅母公司,N/A,僅母公司,22.71,僅母公司,0,仟元營業額,N
4106,雃博,0.38,母公司,64,母公司,64.38,母公司,0.05,單位：百萬元營收,N
4108,懷特,N/A,台北公司及楊梅精製廠,N/A,台北公司及楊梅精製廠,12.35,台北公司及楊梅精製廠,N/A,N/A,N
4119,旭富,533.45,僅母公司,1293.65,僅母公司,1827.1,僅母公司,N/A,N/A,ISO 14001
4133,亞諾法,N/A,僅母公司,N/A,僅母公司,6.05,僅母公司,N/A,N/A,N
4137,麗豐-KY,N/A,子公司微碩(上海)日用品有限公司,N/A,子公司微碩(上海)日用品有限公司,38.81,子公司微碩(上海)日用品有限公司,N/A,N/A,N
4142,國光生,N/A,僅母公司,N/A,僅母公司,637.82,僅母公司,N/A,N/A,N
4148,全宇生技-KY,N/A,N/A,N/A,N/A,N/A,N/A,N/A,N/A,N
4155,訊映,N/A,N/A,N/A,N/A,N/A,N/A,N/A,N/A,N
4164,承業醫,N/A,包含合併財務報表之母子公司,N/A,包含合併財務報表之母子公司,5.96,包含合併財務報表之母子公司,0,百萬營業額,N
4190,佐登-KY,0.33,"台灣子公
有害0.18464公噸/非有害7.8652公噸
司:廣州子公司:
有害0.143公噸/非有害5公噸",12.87,"台灣子公
有害0.18464公噸/非有害7.8652公噸
司:廣州子公司:
有害0.143公噸/非有害5公噸",13.19,"台灣子公
有害0.18464公噸/非有害7.8652公噸
司:廣州子公司:
有害0.143公噸/非有害5公噸",N/A,N/A,N
4306,炎洲,N/A,台灣廠區,N/A,台灣廠區,13504.27,台灣廠區,0.78,百萬營業額,N
4414,如興,12.75,中國廠區與柬埔寨廠區,660.6,中國廠區與柬埔寨廠區,673.35,中國廠區與柬埔寨廠區,N/A,N/A,N
4426,利勤,237.06,110年全年廢棄物量,439.43,110年全年廢棄物量,676.49,110年全年廢棄物量,0.42,產品,ISO 14001
4438,廣越,N/A,N/A,N/A,N/A,N/A,N/A,N/A,N/A,N
4439,冠星-KY,6167.88,Top Sports Textile Limited,868.71,Top Sports Textile Limited,7036.58,Top Sports Textile Limited,0.41,產品,EMeRet
4440,宜新實業,0,本公司(無子公司),237.48,本公司(無子公司),237.48,本公司(無子公司),N/A,N/A,廢棄物清理法
4526,東台,0,東台精機股份有限公司第一廠,86.21,東台精機股份有限公司第一廠,86.21,東台精機股份有限公司第一廠,0.01,產品,N
4532,瑞智,N/A,母公司,N/A,母公司,303.87,母公司,N/A,N/A,ISO 14001
4536,拓凱,N/A,本公司,N/A,本公司,130,本公司,N/A,N/A,N
4540,全球傳動,0,110年度,90.07,110年度,90.07,110年度,0.06,營業額,N
4545,銘鈺,166,母公司,312,母公司,478,母公司,0.42,百萬營業額,N
4551,智伸科,188.36,包含合併財務報表之母子公司,409.93,包含合併財務報表之母子公司,598.29,包含合併財務報表之母子公司,0,產品,ISO 14001
4552,力達-KY,N/A,N/A,N/A,N/A,N/A,N/A,N/A,N/A,N
4555,氣立,N/A,N/A,N/A,N/A,N/A,N/A,N/A,N/A,N
4557,永新-KY,N/A,N/A,N/A,N/A,N/A,N/A,N/A,N/A,N
4560,強信-KY,N/A,N/A,N/A,N/A,N/A,N/A,N/A,N/A,N
4562,穎漢,0,110年度,20.3,110年度,20.3,110年度,N/A,N/A,N
4564,元翎,17.73,母公司及重要子公司,411.92,母公司及重要子公司,429.65,母公司及重要子公司,N/A,N/A,N
4566,時碩工業,N/A,N/A,N/A,N/A,N/A,N/A,N/A,N/A,N
4571,鈞興-KY,N/A,N/A,N/A,N/A,N/A,N/A,N/A,N/A,N
4572,駐龍,0,母公司,23.4,母公司,23.4,母公司,0.06,百萬營業額,N
4576,大銀微系統,0,母公司之總部及二廠,289.79,母公司之總部及二廠,289.79,母公司之總部及二廠,0.09,營業額單位為佰萬元,ISO 14001
4581,光隆精密-KY,0,合併財務報表之母子公司,79.56,合併財務報表之母子公司,79.56,合併財務報表之母子公司,0,營業額,ISO 14001
4583,台灣精銳,N/A,母公司,N/A,母公司,231.51,母公司,0,營業額,ISO9001、ISO14001
4720,德淵,10.14,廢棄物量係以母公司計算；排放密集度單位係以合併財務報表百萬營業額計算。,50.83,廢棄物量係以母公司計算；排放密集度單位係以合併財務報表百萬營業額計算。,60.97,廢棄物量係以母公司計算；排放密集度單位係以合併財務報表百萬營業額計算。,0.02,營業額,N
4722,國精化,152,母公司,5312,母公司,5464,母公司,N/A,N/A,N
4736,泰博,0,RT/月，依清運環保公司收費計算,0.4,RT/月，依清運環保公司收費計算,0.4,RT/月，依清運環保公司收費計算,0,營業額,N
4737,華廣,11.2,母公司,5.22,母公司,16.42,母公司,11.2,營業額,N
4739,康普,N/A,新竹廠及頭份廠,N/A,新竹廠及頭份廠,358.35,新竹廠及頭份廠,6.09,廢棄物產生(噸)/個體營收(億),ISO 14001
4746,台耀,N/A,母公司,N/A,母公司,1524.21,母公司,0.48,公噸/百萬營業額,ISO 14001
4755,三福化,906.92,僅母公司(善化廠、柳科廠、高雄廠),103.61,僅母公司(善化廠、柳科廠、高雄廠),1010.53,僅母公司(善化廠、柳科廠、高雄廠),0,營業額；廢棄物量 / 仟元,ISO 14064-1 溫室氣體盤查標準、確信準則公報第一號
4763,材料-KY,411,合併財務報表之母子公司,742.85,合併財務報表之母子公司,1153.85,合併財務報表之母子公司,0,營業額(仟元單位),N
4764,雙鍵,2.98,母公司,1.84,母公司,4.82,母公司,0,百萬營業額,N
4766,南寶,853,僅母公司,1009,僅母公司,1862,僅母公司,0.35,百萬營收,N
4770,上品,0,僅母公司,20.21,僅母公司,20.21,僅母公司,0.01,百萬營業額,N
4807,日成-KY,N/A,N/A,N/A,N/A,N/A,N/A,N/A,N/A,N
4904,遠傳,N/A,遠傳電信股份有限公司及兩家子公司(新世紀資通股份有限公司、和宇寬頻網路股份有限公司),N/A,遠傳電信股份有限公司及兩家子公司(新世紀資通股份有限公司、和宇寬頻網路股份有限公司),437.05,遠傳電信股份有限公司及兩家子公司(新世紀資通股份有限公司、和宇寬頻網路股份有限公司),0,營業額,N
4906,正文,4.75,正文科技股份有限公司,127.37,正文科技股份有限公司,132.12,正文科技股份有限公司,0,營業額,ISO 14001
4912,聯德控股-KY,34,重要子公司聯德精密材料(中國)股份有限公司,560,重要子公司聯德精密材料(中國)股份有限公司,594,重要子公司聯德精密材料(中國)股份有限公司,5.72,產品,N
4915,致伸,140.3,致伸科技及子公司東莞東聚、致伸重慶、致伸昆山、惠州迪芬尼、東莞迪芬尼及東城迪芬尼,1843.65,致伸科技及子公司東莞東聚、致伸重慶、致伸昆山、惠州迪芬尼、東莞迪芬尼及東城迪芬尼,1983.95,致伸科技及子公司東莞東聚、致伸重慶、致伸昆山、惠州迪芬尼、東莞迪芬尼及東城迪芬尼,0.03,營業額,ISO 14001
4916,事欣科,N/A,N/A,N/A,N/A,N/A,N/A,N/A,N/A,N
4919,新唐,565,僅含母公司(不含台南、竹北、北辦),305,僅含母公司(不含台南、竹北、北辦),870,僅含母公司(不含台南、竹北、北辦),0.08,單位：公斤/層-晶圓光罩,ISO 14001
4927,泰鼎-KY,4798.03,包含合併財務報表之母子公司,17130.39,包含合併財務報表之母子公司,21928.42,包含合併財務報表之母子公司,1.48,台幣百萬營收,ISO 14001
4930,燦星網,N/A,N/A,N/A,N/A,N/A,N/A,N/A,N/A,N
4934,太極,N/A,N/A,N/A,N/A,N/A,N/A,N/A,N/A,N
4935,茂林-KY,N/A,N/A,N/A,N/A,N/A,N/A,N/A,N/A,N
4938,和碩,1602,和碩企業總部、臺灣營運中心、上海昌碩、昆山世碩、蘇州名碩/康碩/凱碩、重慶旭碩/凱全、捷克製造中心、墨西哥營運中心、印尼廠,68569,和碩企業總部、臺灣營運中心、上海昌碩、昆山世碩、蘇州名碩/康碩/凱碩、重慶旭碩/凱全、捷克製造中心、墨西哥營運中心、印尼廠,70171,和碩企業總部、臺灣營運中心、上海昌碩、昆山世碩、蘇州名碩/康碩/凱碩、重慶旭碩/凱全、捷克製造中心、墨西哥營運中心、印尼廠,0.06,每百萬營業額(元),ISO 14001
4942,嘉彰,0,110年度廢棄物量統計,1030.29,110年度廢棄物量統計,1030.29,110年度廢棄物量統計,0.61,百萬元營業額,N
4943,康控-KY,N/A,N/A,N/A,N/A,N/A,N/A,N/A,N/A,N
4952,凌通,N/A,母公司,N/A,母公司,10.64,母公司,0,百萬營業額,N
4956,光鋐,381.33,110年1月~12月,132.14,110年1月~12月,513.47,110年1月~12月,N/A,N/A,N
4958,臻鼎-KY,62545,大陸園區與台灣園區,32095,大陸園區與台灣園區,94640,大陸園區與台灣園區,0.61,營業額,UL2799 Zero Waste
4960,誠美材,1000,僅母公司,3559,僅母公司,4559,僅母公司,0.13,產能(仟米平方),ISO 14001
4961,天鈺,0,僅含天鈺科技（母公司）新竹總部及公道五路之據點,43.89,僅含天鈺科技（母公司）新竹總部及公道五路之據點,43.89,僅含天鈺科技（母公司）新竹總部及公道五路之據點,0,0.0024公噸/百萬營業額,AA1000 Type 2 中度保證
4967,十銓,N/A,N/A,N/A,N/A,N/A,N/A,N/A,N/A,N
4968,立積,0.62,母公司,28,母公司,28.62,母公司,N/A,N/A,N
4976,佳凌,N/A,N/A,N/A,N/A,N/A,N/A,N/A,N/A,ISO 14001
4977,眾達-KY,N/A,N/A,N/A,N/A,N/A,N/A,N/A,N/A,N
4989,榮科,1062.75,本公司,40.59,本公司,1103.34,本公司,0.01,產量(噸),ISO 14001
4994,傳奇,N/A,N/A,N/A,N/A,N/A,N/A,N/A,N/A,N
4999,鑫禾,0,僅母公司,40,僅母公司,40,僅母公司,N/A,N/A,N
5007,三星,1,母公司,535,母公司,536,母公司,0.08,百萬營業額,ISO 14001
5203,訊連,N/A,N/A,N/A,N/A,N/A,N/A,N/A,N/A,N
5215,科嘉-KY,N/A,N/A,N/A,N/A,N/A,N/A,N/A,N/A,N
5222,全訊,6.1,僅個別公司大順一廠,24.29,僅個別公司大順一廠,30.39,僅個別公司大順一廠,0.03,百萬營業額,ISO 9001
5225,東科-KY,N/A,N/A,N/A,N/A,N/A,N/A,N/A,N/A,N
5234,達興材料,572.9,所有生產廠區,194.79,所有生產廠區,767.69,所有生產廠區,0.17,百萬營業額,N
5243,乙盛-KY,N/A,N/A,N/A,N/A,N/A,N/A,N/A,N/A,N
5244,弘凱,N/A,N/A,N/A,N/A,N/A,N/A,N/A,N/A,N
5258,虹堡,N/A,N/A,N/A,N/A,N/A,N/A,N/A,N/A,N
5269,祥碩,1.16,"110/1/1~12/31, 祥碩總公司辦公室",11.28,"110/1/1~12/31, 祥碩總公司辦公室",12.44,"110/1/1~12/31, 祥碩總公司辦公室",9.76,營業額(億元),N
5283,禾聯碩,N/A,N/A,N/A,N/A,N/A,N/A,N/A,N/A,N
5284,jpp-KY,1368.81,Jan - Dec 2021,52.78,Jan - Dec 2021,1421.59,Jan - Dec 2021,1851,製程,ISO14001 No. 44 104 082456
5285,界霖,101.48,界霖科技楠梓廠區,8.98,界霖科技楠梓廠區,110.46,界霖科技楠梓廠區,N/A,N/A,N
5288,豐祥-KY,1505.65,主要營運子公司台灣豐祥及越南VPIC1,13563.43,主要營運子公司台灣豐祥及越南VPIC1,15069.08,主要營運子公司台灣豐祥及越南VPIC1,0,仟元營業額,ISO 14001
5306,桂盟,N/A,母公司,N/A,母公司,12,母公司,0,營業額,N
5388,中磊,28.67,本公司(竹南廠),581.91,本公司(竹南廠),610.58,本公司(竹南廠),0.63,員工人數(竹南廠),N
5434,崇越,0,台北總部、新竹辦事處、竹南倉庫,19.1,台北總部、新竹辦事處、竹南倉庫,19.1,台北總部、新竹辦事處、竹南倉庫,0,營業額,N
5469,瀚宇博,5738.12,110年度,616.44,110年度,6354.56,110年度,0,產品,N
5471,松翰,N/A,僅母公司,N/A,僅母公司,0.25,僅母公司,0,營業額(新台幣仟元),ISO9001 ISO14001 QC080000
5484,慧友,0,母公司110年存貨報廢的重量,1.55,母公司110年存貨報廢的重量,1.55,母公司110年存貨報廢的重量,0,"母公司110年存貨報廢,平均每千元報廢金額約0.0001公噸的廢棄物量",N
5515,建國,N/A,工地,N/A,工地,23790.55,工地,N/A,N/A,N
5519,隆大,N/A,N/A,N/A,N/A,N/A,N/A,N/A,N/A,N
5521,工信,N/A,僅母公司,N/A,僅母公司,85219,僅母公司,286.93,員工人數,N
5522,遠雄,N/A,僅母公司,N/A,僅母公司,155.41,僅母公司,0.18,坪數,N
5525,順天,N/A,N/A,N/A,N/A,N/A,N/A,N/A,N/A,N
5531,鄉林,N/A,N/A,N/A,N/A,N/A,N/A,N/A,N/A,N
5533,皇鼎,N/A,N/A,N/A,N/A,N/A,N/A,N/A,N/A,N
5534,長虹,N/A,N/A,N/A,N/A,N/A,N/A,N/A,N/A,N
5538,東明-KY,N/A,N/A,N/A,N/A,N/A,N/A,N/A,N/A,N
5546,永固-KY,N/A,N/A,N/A,N/A,N/A,N/A,N/A,N/A,N
5607,遠雄港,0,2021.01~2021.12,2019.15,2021.01~2021.12,2019.15,2021.01~2021.12,N/A,N/A,N
5608,四維航,N/A,母子孫公司所屬船舶,N/A,母子孫公司所屬船舶,622.24,母子孫公司所屬船舶,0.86,廢棄物總量/(海勤船員+辦公室員工人數),N
5706,鳳凰,N/A,N/A,N/A,N/A,N/A,N/A,N/A,N/A,N
5871,中租-KY,N/A,台灣地區，資料出處:2021年CSR報告書,N/A,台灣地區，資料出處:2021年CSR報告書,273.19,台灣地區，資料出處:2021年CSR報告書,N/A,N/A,ISO 14001
5876,上海商銀,0,僅母公司,386.35,僅母公司,386.35,僅母公司,0.02,分母為百萬元營業額,1.確信準則公報第一號 2.通過ISO 14001驗證
5880,合庫金,N/A,合庫金控及各子公司，合計306處據點(不含國外),N/A,合庫金控及各子公司，合計306處據點(不含國外),300.23,合庫金控及各子公司，合計306處據點(不含國外),0.01,淨收益佰萬元,ISO 14064-1:2018 類別4.3固體和液體廢棄物處理產生的排放
5906,台南-KY,N/A,N/A,N/A,N/A,N/A,N/A,N/A,N/A,N
5907,大洋-KY,N/A,N/A,N/A,N/A,N/A,N/A,N/A,N/A,N
6005,群益證,N/A,N/A,N/A,N/A,N/A,N/A,N/A,N/A,N
6024,群益期,N/A,N/A,N/A,N/A,N/A,N/A,N/A,N/A,N
6108,競國,1779,僅母公司,57,僅母公司,1836,僅母公司,0,產品,N
6112,邁達特,N/A,台北總公司,N/A,台北總公司,4.05,台北總公司,4.05,營業額,本公司一般事業廢棄物總重量經2021永續報告書驗證。
6115,鎰勝,168.22,母公司,47.32,母公司,215.53,母公司,168.22,產品,N
6116,彩晶,3983.75,母公司及子公司(南京瀚宇彩欣科技有限責任公司),7047.18,母公司及子公司(南京瀚宇彩欣科技有限責任公司),11030.93,母公司及子公司(南京瀚宇彩欣科技有限責任公司),0.11,母公司的內湖營業所密集度為0.011 ton /樓地板面積(坪);母公司的南科廠為0.002 ton /投片面積(m2)；子公司(南京)為0.093 ton /投片量(片),N
6117,迎廣,N/A,母公司,N/A,母公司,115,母公司,1.68,產品 元/台,ISO 14001
6120,達運,119,包含本公司及合併財務報表內子公司,9444,包含本公司及合併財務報表內子公司,9563,包含本公司及合併財務報表內子公司,N/A,N/A,N
6128,上福,0,上福全球在台灣營運據點為主（包含本廠、二廠及三廠）,418.68,上福全球在台灣營運據點為主（包含本廠、二廠及三廠）,418.68,上福全球在台灣營運據點為主（包含本廠、二廠及三廠）,0,產品,N
6133,金橋,N/A,N/A,N/A,N/A,N/A,N/A,N/A,N/A,N
6136,富爾特,N/A,N/A,N/A,N/A,N/A,N/A,N/A,N/A,N
6139,亞翔,N/A,2021年新竹廠區非有害廢棄物量。,N/A,2021年新竹廠區非有害廢棄物量。,4.01,2021年新竹廠區非有害廢棄物量。,N/A,N/A,N
6141,柏承,N/A,N/A,N/A,N/A,N/A,N/A,N/A,N/A,N
6142,友勁,1.95,母公司,103.23,母公司,105.18,母公司,0.04,單位:公噸/百萬營業額,ISO 14001
6152,百一,N/A,1100101~1101231,N/A,1100101~1101231,1.22,1100101~1101231,N/A,N/A,N
6153,嘉聯益,1830,僅母公司樹林廠,1020,僅母公司樹林廠,2850,僅母公司樹林廠,N/A,N/A,UL2799
6155,鈞寶,13.45,母公司,51.23,母公司,64.68,母公司,N/A,N/A,N
6164,華興,N/A,N/A,N/A,N/A,N/A,N/A,N/A,N/A,N
6165,浪凡,N/A,N/A,N/A,N/A,N/A,N/A,N/A,N/A,N
6166,凌華,2.23,2021/1/1-2021/12/31,1.96,2021/1/1-2021/12/31,4.19,2021/1/1-2021/12/31,0,產品,N
6168,宏齊,4.26,母公司,92.85,母公司,97.11,母公司,0,營業額,ISO 14001
6176,瑞儀,90,台灣與中國大陸製造廠區,6552,台灣與中國大陸製造廠區,6642,台灣與中國大陸製造廠區,0,產品塑膠粒投料量(公斤),N
6177,達麗,N/A,N/A,N/A,N/A,N/A,N/A,N/A,N/A,N
6183,關貿,N/A,總公司,N/A,總公司,1.91,總公司,0,總重量(噸)/營業額(百萬),N
6184,大豐電,N/A,N/A,N/A,N/A,N/A,N/A,N/A,N/A,N
6189,豐藝,0,母公司及子公司勁豐,4.98,母公司及子公司勁豐,4.98,母公司及子公司勁豐,N/A,N/A,N
6191,精成科,49432.9,包含合併財務報表之母子公司,18740.6,包含合併財務報表之母子公司,68173.5,包含合併財務報表之母子公司,2.47,百萬營業額,N
6192,巨路,N/A,N/A,N/A,N/A,N/A,N/A,N/A,N/A,N
6196,帆宣,N/A,母公司廠區,N/A,母公司廠區,370.61,母公司廠區,370.61,產品,N
6197,佳必琪,N/A,N/A,N/A,N/A,N/A,N/A,N/A,N/A,N
6201,亞弘電,N/A,母公司,N/A,母公司,30.48,母公司,N/A,N/A,N
6202,盛群,N/A,本公司台灣總部,N/A,本公司台灣總部,11.95,本公司台灣總部,0,百萬營業額,ISO 14001
6205,詮欣,N/A,N/A,N/A,N/A,N/A,N/A,N/A,N/A,ISO 14001
6206,飛捷,0,飛捷母公司,37.58,飛捷母公司,37.58,飛捷母公司,0,產品,N
6209,今國光,46.77,110年今國光學工業股份有限公司(母公司),138.33,110年今國光學工業股份有限公司(母公司),185.1,110年今國光學工業股份有限公司(母公司),0.13,百萬營業,ISO 14001
6213,聯茂,443.33,母公司,397.74,母公司,841.07,母公司,N/A,N/A,ISO 14001
6214,精誠,N/A,僅母公司,N/A,僅母公司,66.9,僅母公司,0.06,員工人數,N
6215,和椿,0,母公司,7.75,母公司,7.75,母公司,0.01,百萬營業額,N
6216,居易,0,一般事業廢棄物,15,一般事業廢棄物,15,一般事業廢棄物,N/A,N/A,N
6224,聚鼎,34838,母公司,55410,母公司,90248,母公司,N/A,N/A,N
6225,天瀚,N/A,N/A,N/A,N/A,N/A,N/A,N/A,N/A,N
6226,光鼎,N/A,N/A,N/A,N/A,N/A,N/A,N/A,N/A,N
6230,尼得科超眾,0,中興廠,39.8,中興廠,39.8,中興廠,0,營業額,ISO 14001
6235,華孚,N/A,N/A,N/A,N/A,N/A,N/A,N/A,N/A,N
6239,力成,2384.46,僅母公司台灣地區,5771.8,僅母公司台灣地區,8156.26,僅母公司台灣地區,0.16,營業額(百萬)以台灣地區計算,ISO 14001
6243,迅杰,N/A,母公司,N/A,母公司,0,母公司,0,百萬營業額,N
6257,矽格,53.04,所有廠區及子公司,270.26,所有廠區及子公司,323.3,所有廠區及子公司,N/A,N/A,N
6269,台郡,1783,僅母公司,1151,僅母公司,2934,僅母公司,0,產品,ISO 14001
6271,同欣電,N/A,母公司,N/A,母公司,1847,母公司,0.18,百萬產值,N
6277,宏正,0,範疇一+範疇二,43.31,範疇一+範疇二,43.31,範疇一+範疇二,N/A,N/A,N
6278,台表科,48.51,母公司,43.78,母公司,92.29,母公司,0,百萬營業額,N
6281,全國電,N/A,N/A,N/A,N/A,N/A,N/A,N/A,N/A,N
6282,康舒,156.25,2021年康舒科技股份有限公司永續報告書,5593.17,2021年康舒科技股份有限公司永續報告書,5749.42,2021年康舒科技股份有限公司永續報告書,262459,新臺幣每億元營業收入,ISO 14001、UL 2799
6283,淳安,N/A,N/A,N/A,N/A,N/A,N/A,N/A,N/A,N
6285,啟,350,總部、力行廠、南科廠、啟佳、啟新、啟基永昌（昆山）、越南廠,4233,總部、力行廠、南科廠、啟佳、啟新、啟基永昌（昆山）、越南廠,4583,總部、力行廠、南科廠、啟佳、啟新、啟基永昌（昆山）、越南廠,0.07,新臺幣百萬元營收,AA1000 保證標準v3
6288,聯嘉,30.48,"組織邊界

台灣總公司(聯嘉光電股份有限公司)
地址：350苗栗縣竹南鎮科東一路2號

外倉
地址：350苗栗縣竹南鎮和興路364號",81.45,"組織邊界

台灣總公司(聯嘉光電股份有限公司)
地址：350苗栗縣竹南鎮科東一路2號

外倉
地址：350苗栗縣竹南鎮和興路364號",111.93,"組織邊界

台灣總公司(聯嘉光電股份有限公司)
地址：350苗栗縣竹南鎮科東一路2號

外倉
地址：350苗栗縣竹南鎮和興路364號",111.93,營業額,N
6405,悅城,4473.1,110年,343.51,110年,4816.61,110年,N/A,N/A,N
6409,旭隼,2.4,"1.旭隼科技在營運過程中所處理的全部固體廢物
2.2021年產生的總廢棄物5,518公噸;使用/回收/出售的廢棄物總量4,966公噸;處置的廢物總量624公噸",624,"1.旭隼科技在營運過程中所處理的全部固體廢物
2.2021年產生的總廢棄物5,518公噸;使用/回收/出售的廢棄物總量4,966公噸;處置的廢物總量624公噸",626.4,"1.旭隼科技在營運過程中所處理的全部固體廢物
2.2021年產生的總廢棄物5,518公噸;使用/回收/出售的廢棄物總量4,966公噸;處置的廢物總量624公噸",N/A,N/A,ISO 9001 .ISO 4001 .ISO45001 ; 採用ISAE3000及ISAE3410進行確信
6412,群電,56.33,群電東莞廠、群電蘇州廠、群電重慶廠、群電泰國廠,3563.25,群電東莞廠、群電蘇州廠、群電重慶廠、群電泰國廠,3619.58,群電東莞廠、群電蘇州廠、群電重慶廠、群電泰國廠,N/A,N/A,ISO 14001
6414,樺漢,N/A,"僅母公司
僅母公司
僅母公司",N/A,"僅母公司
僅母公司
僅母公司",233,"僅母公司
僅母公司
僅母公司",N/A,N/A,N
6415,矽力*-KY,0,母公司包含杭州子公司(重要子公司),471,母公司包含杭州子公司(重要子公司),471,母公司包含杭州子公司(重要子公司),2.19,營業額,N
6416,瑞祺電通,0.38,母公司,1,母公司,1.38,母公司,0,營業額,N
6426,統新,N/A,母公司,N/A,母公司,23.08,母公司,N/A,N/A,N
6431,光麗-KY,N/A,N/A,N/A,N/A,N/A,N/A,N/A,N/A,N
6438,迅得,0,僅母公司,59.78,僅母公司,59.78,僅母公司,0,營業額,N
6442,光聖,0,僅母公司,44.66,僅母公司,44.66,僅母公司,0.08,工時,N
6443,元晶,N/A,110年新竹廠廢棄物統計,N/A,110年新竹廠廢棄物統計,2452.17,110年新竹廠廢棄物統計,4.87,MW,ISO 14001
6446,藥華藥,4.51,台灣總部及台灣子公司,17.12,台灣總部及台灣子公司,21.62,台灣總部及台灣子公司,0.34,產品,N
6449,鈺邦,N/A,N/A,N/A,N/A,N/A,N/A,N/A,N/A,N
6451,訊芯-KY,43.47,2021.1~2021.12訊芯電子科技(中山)有限公司及訊芸電子科技(中山)有限公司之廣東省中山市廠區(廣東省固體廢物環境監管信息平臺),24.3,2021.1~2021.12訊芯電子科技(中山)有限公司及訊芸電子科技(中山)有限公司之廣東省中山市廠區(廣東省固體廢物環境監管信息平臺),67.77,2021.1~2021.12訊芯電子科技(中山)有限公司及訊芸電子科技(中山)有限公司之廣東省中山市廠區(廣東省固體廢物環境監管信息平臺),5.4,萬元產值，2021.1~2021.12訊芯電子科技(中山)有限公司及訊芸電子科技(中山)有限公司之廣東省中山市廠區,N
6456,GIS-KY,802.98,所有廠區及子公司，不包含於2021年初期營運之業泓台灣公司,19231.26,所有廠區及子公司，不包含於2021年初期營運之業泓台灣公司,20034.24,所有廠區及子公司，不包含於2021年初期營運之業泓台灣公司,N/A,N/A,ISO 14001
6464,台數科,0,僅母公司,4.31,僅母公司,4.31,僅母公司,N/A,N/A,N
6472,保瑞,9.74,竹南廠及台南廠,47.56,竹南廠及台南廠,57.3,竹南廠及台南廠,0.01,營業額,N
6477,安集,0.68,20210101-20211231,176.49,20210101-20211231,177.17,20210101-20211231,0.71,噸／員工人數,N
6491,晶碩,28.05,晶碩大溪廠及龜山廠,2717.61,晶碩大溪廠及龜山廠,2745.66,晶碩大溪廠及龜山廠,0,每百萬單位產品3.70公噸,N
6504,南六,0,110/1/1-110/12/31,186.47,110/1/1-110/12/31,186.47,110/1/1-110/12/31,4,原物料,ISO 14001
6505,台塑化,423,母公司,1216709,母公司,1217132,母公司,1.96,百萬營業額,N
6515,穎崴,4.7,母公司,709.2,母公司,713.9,母公司,N/A,N/A,ISO 14001
6525,捷敏-KY,278,包含合併財務報表之子公司,213025,包含合併財務報表之子公司,213303,包含合併財務報表之子公司,0.04,產品,N
6531,愛普*,N/A,N/A,N/A,N/A,N/A,N/A,N/A,N/A,N
6533,晶心科,N/A,包含合併財務報表之母子公司,N/A,包含合併財務報表之母子公司,0,包含合併財務報表之母子公司,N/A,N/A,N
6541,泰福-KY,N/A,N/A,N/A,N/A,N/A,N/A,N/A,N/A,N
6550,北極星藥業-KY,N/A,N/A,N/A,N/A,N/A,N/A,N/A,N/A,N
6552,易華電,1796.07,易華公司,149.52,易華公司,1945.59,易華公司,0,產品,N
6558,興能高,N/A,N/A,N/A,N/A,N/A,N/A,N/A,N/A,N
6573,虹揚-KY,N/A,N/A,N/A,N/A,N/A,N/A,N/A,N/A,N
6579,研揚,3.43,僅母公司,10.76,僅母公司,14.19,僅母公司,14.19,營業額,N
6581,鋼聯,1900,僅母公司。,116397,僅母公司。,118297,僅母公司。,0.83,服務,ISO 14001
6582,申豐,5.09,母公司,1135.21,母公司,1140.3,母公司,0.01,產品,ISO9001及ISO14001
6585,鼎基,0,母公司,268,母公司,268,母公司,268,營業額,ISO 14001
6591,動力-KY,N/A,N/A,N/A,N/A,N/A,N/A,N/A,N/A,N
6592,和潤企業,N/A,N/A,N/A,N/A,N/A,N/A,N/A,N/A,N
6598,ABC-KY,N/A,N/A,N/A,N/A,N/A,N/A,N/A,N/A,N
6605,帝寶,0,僅母公司,122,僅母公司,122,僅母公司,N/A,N/A,N
6625,必應,N/A,N/A,N/A,N/A,N/A,N/A,N/A,N/A,N
6641,基士德-KY,N/A,N/A,N/A,N/A,N/A,N/A,N/A,N/A,N
6655,科定,N/A,N/A,N/A,N/A,N/A,N/A,N/A,N/A,N
6666,羅麗芬-KY,0,子公司嘉文麗（福建）化妝品有限公司,47,子公司嘉文麗（福建）化妝品有限公司,47,子公司嘉文麗（福建）化妝品有限公司,0.04,產品,N
6668,中揚光,127.53,清運紀錄,91.88,清運紀錄,219.41,清運紀錄,0.24,營業額,N
6669,緯穎,160.11,母公司,319.4,母公司,479.51,母公司,N/A,N/A,ISO 14001
6670,復盛應用,104.57,桃園廠,8133.68,桃園廠,8238.25,桃園廠,0,產品,ISO 14001
6671,三能-KY,N/A,N/A,N/A,N/A,N/A,N/A,N/A,N/A,N
6672,騰輝電子-KY,N/A,合併財務報表之子公司生產型廠區,N/A,合併財務報表之子公司生產型廠區,1926.38,合併財務報表之子公司生產型廠區,0,千元營業額,N
6674,鋐寶科技,N/A,N/A,N/A,N/A,N/A,N/A,N/A,N/A,N
6691,洋基工程,N/A,N/A,N/A,N/A,N/A,N/A,N/A,N/A,N
6698,旭暉應材,0,僅母公司,4.53,僅母公司,4.53,僅母公司,N/A,N/A,N
6706,惠特,0,僅母公司,129.77,僅母公司,129.77,僅母公司,0,營業額,N
6715,嘉基,N/A,N/A,N/A,N/A,N/A,N/A,N/A,N/A,ISO 14001
6719,力智,N/A,N/A,N/A,N/A,N/A,N/A,N/A,N/A,N
6743,安普新,N/A,N/A,N/A,N/A,N/A,N/A,N/A,N/A,N
6754,匯僑設計,N/A,N/A,N/A,N/A,N/A,N/A,N/A,N/A,N
6756,威鋒電子,N/A,母公司,N/A,母公司,0.05,母公司,N/A,N/A,N
6768,志強-KY,N/A,N/A,N/A,N/A,N/A,N/A,N/A,N/A,N
6770,力積電,6454.36,力積電各廠區110年產出加總,11333.55,力積電各廠區110年產出加總,17787.91,力積電各廠區110年產出加總,0.01,產品,N
6776,展眥篕,N/A,包含合併財務報表之母子公司,N/A,包含合併財務報表之母子公司,10.14,包含合併財務報表之母子公司,0,百萬營業額,N
6781,AES-KY,N/A,嘉普+兆普,N/A,嘉普+兆普,36.9,嘉普+兆普,0.08,噸/人數,N
6789,采鈺,1273,采鈺新竹廠及中壢廠,781,采鈺新竹廠及中壢廠,2054,采鈺新竹廠及中壢廠,0.14,公斤／8吋晶圓當量－層,N
6790,永豐實,0,臺灣紙品工廠：楊梅廠、清水廠,3482,臺灣紙品工廠：楊梅廠、清水廠,3482,臺灣紙品工廠：楊梅廠、清水廠,N/A,N/A,N
6792,詠業,116.12,母公司,91.63,母公司,207.75,母公司,N/A,N/A,N
6796,晉弘,0,110年度,0,110年度,0,110年度,N/A,N/A,N
6799,來頡,N/A,N/A,N/A,N/A,N/A,N/A,N/A,N/A,N
6806,森崴能源,N/A,僅母公司,N/A,僅母公司,8.32,僅母公司,0.08,平均每人產生,N
6807,峰源-KY,N/A,N/A,N/A,N/A,N/A,N/A,N/A,N/A,N
8011,台通,N/A,N/A,N/A,N/A,N/A,N/A,N/A,N/A,N
8016,矽創,N/A,N/A,N/A,N/A,N/A,N/A,N/A,N/A,N
8021,尖點,0,僅母公司,88,僅母公司,88,僅母公司,N/A,N/A,N
8028,昇陽半導體,113.94,僅母公司,1274.8,僅母公司,1388.74,僅母公司,0,產品,ISO 14001
8033,雷虎,N/A,110年1月-110年12月,N/A,110年1月-110年12月,7.2,110年1月-110年12月,0,營業額以仟元計算,N
8039,台虹,278.54,母公司,1412.6,母公司,1691.13,母公司,0.05,產品,N
8046,南電,5135,母公司,17342,母公司,22477,母公司,30,噸/百萬營業額,N
8070,長華*,13247,包含合併財務報表之母子公司,5408,包含合併財務報表之母子公司,18655,包含合併財務報表之母子公司,0,營業額,N
8072,陞泰,N/A,N/A,N/A,N/A,N/A,N/A,N/A,N/A,N
8081,致新,0.07,母公司,10.41,母公司,10.48,母公司,0,營業額,N
8101,華冠,N/A,N/A,N/A,N/A,N/A,N/A,N/A,N/A,N
8103,瀚荃,0,母公司,5.13,母公司,5.13,母公司,N/A,N/A,ISO 14001
8104,錸寶,68.26,母公司-錸寶,45.88,母公司-錸寶,114.14,母公司-錸寶,0.07,營業額,ISO 14001
8105,凌巨,1888.14,母公司及子公司KGO,3473.25,母公司及子公司KGO,5361.39,母公司及子公司KGO,N/A,N/A,ISO 14001
8110,華東,0,僅母公司,737.31,僅母公司,737.31,僅母公司,0,產品,N
8112,至上,N/A,N/A,N/A,N/A,N/A,N/A,N/A,N/A,N
8114,振樺電,0,110年1月~12月,0.23,110年1月~12月,0.23,110年1月~12月,0.01,每億營業額,ISO 14001
8131,福懋科,76.38,母公司,394.38,母公司,470.76,母公司,0,產品,N
8150,南茂,N/A,母公司(台灣六個廠區),N/A,母公司(台灣六個廠區),3379,母公司(台灣六個廠區),0.12,百萬營業額,ISO 14001
8163,達方,681.37,台灣廠區+中國廠區,526,台灣廠區+中國廠區,1207.37,台灣廠區+中國廠區,0.06,百萬營業額,N
8201,無敵,0.3,母公司,10,母公司,10.3,母公司,0.01,營業額,N
8210,勤誠,11.75,子公司工廠,2197.72,子公司工廠,2209.47,子公司工廠,0,營業額,ISO 14001
8213,志超,2178.48,僅母公司,378.2,僅母公司,2556.68,僅母公司,N/A,N/A,N
8215,明基材,994.81,桃園廠區、雲林廠區及大陸廠區,13612.77,桃園廠區、雲林廠區及大陸廠區,14607.58,桃園廠區、雲林廠區及大陸廠區,0.22,噸數/百萬營業額,N
8222,寶一,8.63,目前無相關資料,41.21,目前無相關資料,49.84,目前無相關資料,N/A,N/A,N
8249,菱光,N/A,N/A,N/A,N/A,N/A,N/A,N/A,N/A,N
8261,富鼎,0,僅母公司,1.32,僅母公司,1.32,僅母公司,0.01,服務,ISO 14001
8271,宇瞻,6.2,僅母公司,28.27,僅母公司,34.47,僅母公司,0,營業額,ISO 14001
8341,日友,N/A,母公司(雲林廠及彰濱廠),N/A,母公司(雲林廠及彰濱廠),6438,母公司(雲林廠及彰濱廠),0.11,焚化量,ISO 14001
8367,建新國際,N/A,僅母公司,N/A,僅母公司,25.2,僅母公司,0.02,百萬營業額,N
8374,羅昇,N/A,N/A,N/A,N/A,N/A,N/A,N/A,N/A,N
8404,百和興業-KY,115.53,江蘇百宏複合材料科技股份有限公司(原公司名稱:無錫百和織造股份有限公司)、東莞百宏實業有限公司、越南百宏責任有限公司,5067.39,江蘇百宏複合材料科技股份有限公司(原公司名稱:無錫百和織造股份有限公司)、東莞百宏實業有限公司、越南百宏責任有限公司,5182.92,江蘇百宏複合材料科技股份有限公司(原公司名稱:無錫百和織造股份有限公司)、東莞百宏實業有限公司、越南百宏責任有限公司,N/A,N/A,N
8411,福貞-KY,N/A,N/A,N/A,N/A,N/A,N/A,N/A,N/A,N
8422,可寧衛,2.89,可寧衛、吉衛、大寧(股)公司,37322.86,可寧衛、吉衛、大寧(股)公司,37325.75,可寧衛、吉衛、大寧(股)公司,12.35,百萬營收,N
8429,金麗-KY,N/A,N/A,N/A,N/A,N/A,N/A,N/A,N/A,N
8438,昶昕,119.33,大園廠、大園一廠、海湖廠、含銅廢液處理廠、蘆竹廠,322.6,大園廠、大園一廠、海湖廠、含銅廢液處理廠、蘆竹廠,441.93,大園廠、大園一廠、海湖廠、含銅廢液處理廠、蘆竹廠,N/A,N/A,N
8442,威宏-KY,N/A,N/A,N/A,N/A,N/A,N/A,N/A,N/A,N
8443,阿瘦,N/A,N/A,N/A,N/A,N/A,N/A,N/A,N/A,N
8454,富邦媒,0,2021年揭露範圍：北區物流中心、4個主倉(蘆竹、林口、蘆四、南工),445.2,2021年揭露範圍：北區物流中心、4個主倉(蘆竹、林口、蘆四、南工),445.2,2021年揭露範圍：北區物流中心、4個主倉(蘆竹、林口、蘆四、南工),14.39,人均廢棄物產出量：momo辦公室廢棄物總量(單位：公斤)/momo辦公室總人數,ISO 14001
8462,柏文,N/A,N/A,N/A,N/A,N/A,N/A,N/A,N/A,N
8463,潤泰材,0,宜蘭冬山廠,120,宜蘭冬山廠,120,宜蘭冬山廠,N/A,N/A,N
8464,億豐,N/A,N/A,N/A,N/A,N/A,N/A,N/A,N/A,N
8466,美吉吉-KY,N/A,N/A,N/A,N/A,N/A,N/A,N/A,N/A,N
8467,波力-KY,83.11,2021年,98.25,2021年,181.36,2021年,N/A,N/A,N
8473,山林水,N/A,N/A,N/A,N/A,N/A,N/A,N/A,N/A,N
8476,台境,N/A,N/A,N/A,N/A,N/A,N/A,N/A,N/A,N
8478,東哥遊艇,N/A,N/A,N/A,N/A,N/A,N/A,N/A,N/A,N
8481,政伸,0,僅母公司,25.23,僅母公司,25.23,僅母公司,0.03,百萬營業額,N
8482,商億-KY,31.31,2021年全年,285.04,2021年全年,316.35,2021年全年,N/A,N/A,ISO 9001
8488,吉源-KY,N/A,N/A,N/A,N/A,N/A,N/A,N/A,N/A,N
8499,鼎炫-KY,N/A,N/A,N/A,N/A,N/A,N/A,N/A,N/A,N
8926,台汽電,N/A,台灣汽電共生股份有限公司 官田汽電共生廠,N/A,台灣汽電共生股份有限公司 官田汽電共生廠,26530.88,台灣汽電共生股份有限公司 官田汽電共生廠,N/A,N/A,N
8940,新天地,N/A,N/A,N/A,N/A,N/A,N/A,N/A,N/A,N
8996,高力,0,母公司,640.82,母公司,640.82,母公司,0.29,百萬營業額,N
9802,鈺齊-KY,58.54,合併財務報表之母子公司,784.75,合併財務報表之母子公司,843.29,合併財務報表之母子公司,N/A,N/A,N
9902,台火,N/A,N/A,N/A,N/A,N/A,N/A,N/A,N/A,N
9904,寶成,5564.2,本公司製鞋廠區,58873,本公司製鞋廠區,64437.2,本公司製鞋廠區,N/A,N/A,N
9905,大華,19.16,母公司,175.09,母公司,194.25,母公司,0.07,百萬營業額,N
9906,欣巴巴,N/A,N/A,N/A,N/A,N/A,N/A,N/A,N/A,N
9907,統一實,354.41,廢棄物量為台灣總公司所產生之廢棄物,4235.2,廢棄物量為台灣總公司所產生之廢棄物,4589.61,廢棄物量為台灣總公司所產生之廢棄物,0.01,產品,N
9908,大台北,N/A,母公司三棟大樓,N/A,母公司三棟大樓,42.59,母公司三棟大樓,0,營業額每10萬元,N
9910,豐泰,3919,包含合併財務報表之母子公司,32098,包含合併財務報表之母子公司,36017,包含合併財務報表之母子公司,0.02,每仟元美金產值,N
9911,櫻花,N/A,N/A,N/A,N/A,N/A,N/A,N/A,N/A,ISO 14001
9912,偉聯,N/A,N/A,N/A,N/A,N/A,N/A,N/A,N/A,N
9914,美利達,0,僅母公司,2109,僅母公司,2109,僅母公司,0.09,營業額單位為佰萬元,依據行政院環境保護署及有關機關之標準方法進行採樣、檢測。
9917,中保科,N/A,母公司,N/A,母公司,28.87,母公司,4.02,計算標準:排放量/每百萬元營收,N
9918,欣天然,N/A,欣欣大樓,N/A,欣欣大樓,5.2,欣欣大樓,5.2,營業額,N
9919,康那香,0,僅個體公司所有製造廠區(不含分公司),1301,僅個體公司所有製造廠區(不含分公司),1301,僅個體公司所有製造廠區(不含分公司),0.2,產量(噸),N
9921,巨大,0,僅母公司日南廠,3585,僅母公司日南廠,3585,僅母公司日南廠,0,單台,N
9924,福興,12.47,僅母公司,70.09,僅母公司,82.56,僅母公司,82.56,百萬營業額,ISO 14001
9925,新保,0,母公司,136.5,母公司,136.5,母公司,N/A,N/A,N
9926,新海,N/A,N/A,N/A,N/A,N/A,N/A,N/A,N/A,N
9927,泰銘,N/A,全廠,N/A,全廠,565.75,全廠,0.02,產品,N
9928,中視,N/A,N/A,N/A,N/A,N/A,N/A,N/A,N/A,N
9929,秋雨,0,僅母公司,1.8,僅母公司,1.8,僅母公司,N/A,N/A,N
9930,中聯資源,0.83,僅母公司,33896.76,僅母公司,33897.59,僅母公司,3.43,公噸/百萬營業額(其中99.54%為廠內回收再利用),ISO 14001
9931,欣高,N/A,N/A,N/A,N/A,N/A,N/A,N/A,N/A,N
9933,中鼎,0,中鼎總部大樓加上全球工地的一般廢棄物量,1776.49,中鼎總部大樓加上全球工地的一般廢棄物量,1776.49,中鼎總部大樓加上全球工地的一般廢棄物量,77.01,百萬工時,N
9934,成霖,0,母公司,3.6,母公司,3.6,母公司,N/A,N/A,N
9935,慶豐富,0,僅母公司,563,僅母公司,563,僅母公司,0,營業額,N
9937,全國,N/A,涵蓋本公司所有營運據點及同為經營加油站之子公司埔祥開發(股)公司及上員(股)公司,N/A,涵蓋本公司所有營運據點及同為經營加油站之子公司埔祥開發(股)公司及上員(股)公司,929.34,涵蓋本公司所有營運據點及同為經營加油站之子公司埔祥開發(股)公司及上員(股)公司,0,單位銷售產出量 KG/L,N
9938,百和,0,台灣百和工業股份有限公司,1345.54,台灣百和工業股份有限公司,1345.54,台灣百和工業股份有限公司,0.17,產品,N
9939,宏全,72.89,僅母公司,11705.71,僅母公司,11778.6,僅母公司,N/A,N/A,ISO 14001
9940,信義,N/A,信義房屋股份有限公司,N/A,信義房屋股份有限公司,381.66,信義房屋股份有限公司,0.07,員工人數,ISO 14001
9941,裕融,N/A,母公司+子公司新鑫、裕富數位,N/A,母公司+子公司新鑫、裕富數位,72.72,母公司+子公司新鑫、裕富數位,0.06,人,N
9942,茂順,N/A,N/A,N/A,N/A,N/A,N/A,N/A,N/A,N
9943,好樂迪,0,廚餘廢油焚化,1457.95,廚餘廢油焚化,1457.95,廚餘廢油焚化,0.87,廢棄物量密集度(1457.95)/其他-營收百萬元(1681.905),N
9944,新麗,0,新麗企業八德廠,51.91,新麗企業八德廠,51.91,新麗企業八德廠,0.06,產品,N
9945,潤泰新,0,冬山廠(子公司),120,冬山廠(子公司),120,冬山廠(子公司),N/A,N/A,N
9946,三發地產,N/A,N/A,N/A,N/A,N/A,N/A,N/A,N/A,N
9955,佳龍,N/A,包含合併財務報表之母子公司,N/A,包含合併財務報表之母子公司,13.83,包含合併財務報表之母子公司,N/A,N/A,N
9958,世紀鋼,0,桃園市觀音區中山路一段1119號,112.49,桃園市觀音區中山路一段1119號,112.49,桃園市觀音區中山路一段1119號,N/A,N/A,ISO 14001
