id,name,water_usage_ton,water_boundary,intensity_water,intensity_water_unit,water_ISO
1101,台泥,2996430.00 ,台泥台灣個體公司 (涵蓋營運集團總部、研究室、2座水泥廠、25座製品廠),0.4821 ,產品,ISO 50001
1102,亞泥,2462000.00 ,亞泥個體公司,0.6680 ,產品,N
1103,嘉泥,122.00 ,包含企業團所有台灣營運據點（用水量含總部嘉新大樓承租戶）及日本沖繩飯店；目前統計尚不含大陸地區。,0.0555 ,"營業額 2,197,183 (仟元)",N
1104,環泥,19100.00 ,母公司之阿蓮水泥廠、海湖石膏板廠、直屬七座預拌混凝土場之自來水用量,0.0050 ,產值(新台幣千元),N
1108,幸福,972782.00 ,幸福水泥(股)公司東澳廠,1.5720 ,產品,N
1109,信大,224407.04 ,僅信大母公司南聖湖工廠,N/A,N/A,N
1110,東泥,17600.00 ,工廠,0.0253 ,產品,N
1201,味全,1906416.00 ,"1.母公司(含總公司、中央研究所、營業所、台中廠、斗六廠、高雄廠)
2.台中廠、斗六廠為地下水1,307,550公噸佔68.6%，總公司、中央研究所、營業所、高雄廠為自來水598,866公噸佔31.4%。",12.8200 ,產品,N
1203,味王,325390.00 ,自來水+地下水,146.4570 ,營業額,N
1210,大成,N/A,N/A,N/A,N/A,N
1213,大飲,98.59 ,僅母公司,N/A,N/A,NA
1215,卜蜂,922914.00 ,南投肉食品加工廠、台中飼料廠、高雄飼料廠,N/A,N/A,N
1216,統一,4232747.00 ,僅母公司,992.9700 ,營業收入千萬元,N
1217,愛之味,416493.00 ,母公司自來水用量,58.7000 ,產品,N
1218,泰山,616697.00 ,泰山企業所屬田中油脂廠、田中食品廠、水產飼料廠、田中行政大樓、台北長安大樓辦公室。,71.5430 ,營業額,N
1219,福壽,396858.00 ,母公司、子公司,0.0268 ,營業額,N
1220,台榮,790354.00 ,本公司雲林廠及高雄飼料廠,29966.1534 ,營業額(億元),N
1225,福懋油,58085.00 ,涵蓋範圍:僅母公司,N/A,N/A,N
1227,佳格,427914.00 ,佳格母公司,0.3420 ,萬元營業額,N
1229,聯華,51.77 ,"母公司-聯華實業投資控股(股)公司以及
子公司-聯華製粉食品(股)公司、聯華置產(股)公司",0.0082 ,營業額;單位為新台幣佰萬元,N
1231,聯華食,595.36 ,臺灣地區的總公司及各工廠之所有營運相關之活動,0.0626 ,百萬營業額,N
1232,大統益,236050.00 ,僅母公司,0.2370 ,黃豆總加工量,N
1233,天仁,87230.00 ,本公司天仁茶業股份有限公司直營單位,78.9026 ,分母以營業額為百萬元之計算,N
1234,黑松,809000.00 ,中壢廠,4.1200 ,產品,N
1235,興泰,3310.00 ,依110年台灣自來水公司使用度數資訊,0.0806 ,營業額,N
1236,宏亞,47513.00 ,母公司,0.0000 ,營業額,N
1256,鮮活果汁-KY,175016.00 ,集團主要營運主體，子公司蘇州鮮活飲品股份有限公司,48.5860 ,營業額,N
1301,台塑,24602210.00 ,母公司2020年經第三方查證數據，請參閱本公司2021年永續報告書P.73,17679.4600 ,耗水量/當年度個體財報營收(億元)，請參閱本公司2021年永續報告書P.73,ISO 14046
1303,南亞,20830240.00 ,母公司,0.0958 ,單位:公噸/110年個體營業額(千元)。,ISO 14046
1304,台聚,998098.00 ,台聚高雄廠,4.0020 ,產品,ISO 46001
1305,華夏,2964600.00 ,華夏頭份廠、華聚林園廠、台氯林園廠,2.6200 ,產品,N
1307,三芳,165861.00 ,母公司,219.3900 ,百萬營業額,N
1308,亞聚,508888.00 ,亞聚林園廠,3.7400 ,產品,N
1309,台達化,1110246.00 ,前鎮廠、林園廠、頭份廠、中山廠,1.9500 ,產品,N
1310,台苯,1427585.00 ,110年高雄廠原水用量。,3.7700 ,產品,N
1312,國喬,2469000.00 ,國喬石油化學股份有限公司高雄廠,135.9300 ,營業額,N
1313,聯成,142250.00 ,聯成林園廠,N/A,N/A,N
1314,中石化,8856000.00 ,僅母公司,0.0003 ,"用水量:8,856,000公噸，營業收入:35,163,380仟元",N
1315,達新,4590.00 ,母公司,N/A,N/A,N
1316,上曜,769.00 ,僅母公司,N/A,N/A,N
1319,東陽,701176.00 ,母公司,51.0600 ,百萬營業額,N
1321,大洋,96.84 ,母公司,0.6834 ,產品,N
1323,永裕,146951.00 ,"台灣永裕 71740公噸
上海永裕 71926公噸
威瑪精密化學 3285公噸",0.0376 ,台灣永裕 (71740)/1907428千元=0.0376,N
1324,地球,39128.33 ,母公司(幼一二廠),0.0000 ,營業額,N
1325,恆大,N/A,N/A,N/A,N/A,N
1326,台化,32967200.00 ,110年母公司、台化出光及台醋公司之台灣廠區,13540.0000 ,營業額億元,ISO 14046
1337,再生-KY,N/A,N/A,N/A,N/A,N
1338,廣華-KY,560833.00 ,僅重要子公司東莞廣澤汽車飾件有限公司,3.6200 ,平方米(建築面積),N
1339,昭輝,100208.00 ,母公司,N/A,N/A,N
1340,勝悅-KY,N/A,N/A,N/A,N/A,N
1341,富林-KY,119797.00 ,僅子公司同奈廠,7.8300 ,產品,Higg Index (FEM)
1342,八貫,N/A,N/A,N/A,N/A,N
1402,遠東新,22627000.00 ,統計範疇共21個生產據點,2.9300 ,產品,ISO 46001
1409,新纖,1981972.00 ,新光合纖 中壢廠及觀音廠用水統計表,2.0500 ,產品,N
1410,南染,N/A,N/A,N/A,N/A,N
1413,宏洲,392110.00 ,僅母公司,2.5900 ,產品,N
1414,東和,43478.00 ,本公司,N/A,N/A,N
1416,廣豐,N/A,N/A,N/A,N/A,N
1417,嘉裕,N/A,N/A,N/A,N/A,N
1418,東華,3515.00 ,本公司新竹廠,N/A,N/A,N
1419,新紡,80071.00 ,母公司生產區域,0.0118 ,產品,N
1423,利華,2.21 ,母公司,0.0000 ,元營業額,N
1432,大魯閣,N/A,N/A,N/A,N/A,N
1434,福懋,6137000.00 ,台灣廠區,250.5900 ,營業額 百萬元(新台幣),N
1435,中福,473.00 ,僅母公司,39.0000 ,無生產活動，以平均每月用水量計算,N
1436,華友聯,0.17 ,僅母公司,N/A,N/A,N
1437,勤益控,N/A,N/A,N/A,N/A,N
1438,三地開發,N/A,N/A,N/A,N/A,N
1439,雋揚,N/A,N/A,N/A,N/A,N
1440,南紡,808560.00 ,仁德廠+太子廠,2.6000 ,產量公噸,ISO50001與ISO14001
1441,大東,N/A,N/A,N/A,N/A,N
1442,名軒,237.00 ,母公司,N/A,N/A,N
1443,立益物流,N/A,N/A,N/A,N/A,N
1444,力麗,570444.00 ,母公司各廠區,1.3800 ,產品,N
1445,大宇,N/A,N/A,N/A,N/A,N
1446,宏和,23572.00 ,母公司,3600.0000 ,產品,N
1447,力鵬,4395898.00 ,母公司各廠區,24.7000 ,產品,N
1449,佳和,2075900.00 ,母公司,361.1800 ,產品,N
1451,年興,704199.00 ,2021年母公司總用水量,0.0880 ,仟元營業額,N
1452,宏益,64039.00 ,包含合併財務報表之母子公司,2.2458 ,產品,N
1453,大將,N/A,N/A,N/A,N/A,N
1454,台富,N/A,N/A,N/A,N/A,N
1455,集盛,695569.00 ,母公司之5個紡織製品製造廠區,3.0000 ,產品,N
1456,怡華,2075.90 ,台南官田廠,361.1800 ,服務,N
1457,宜進,557.00 ,僅母公司,27.8500 ,員工人數,N
1459,聯發,5853.00 ,工廠,0.2427 ,產品,N
1460,宏遠,2661715.00 ,母公司,174.6800 ,產品,N
1463,強盛,N/A,N/A,N/A,N/A,N
1464,得力,2964.00 ,僅母公司,2964.0000 ,產品,N
1465,偉全,N/A,N/A,N/A,N/A,N
1466,聚隆,182737.00 ,母公司,3.7200 ,產品,N
1467,南緯,4309.00 ,母公司,N/A,N/A,N
1468,昶和,N/A,N/A,N/A,N/A,N
1470,大統新創,1235482.00 ,合併財務報表之母子公司之桃園廠區,171.0000 ,產量,N
1471,首利,N/A,N/A,N/A,N/A,N
1472,三洋實業,N/A,N/A,N/A,N/A,N
1473,台南,311623.00 ,包含合併財務報表之母子公司,0.0150 ,產品,N
1474,弘裕,180011.00 ,母公司,N/A,N/A,N
1475,業旺,N/A,N/A,N/A,N/A,N
1476,儒鴻,2570840.00 ,包含合併財務報表之母子公司,0.0716 ,營業額,N
1477,聚陽,7534.00 ,台北總公司,0.2604 ,營業額(百萬元),ISAE3000、ISO14046(目前正在盤查中，預計於2022年底前盤查完，並取得查證聲明書)
1503,士電,208600.00 ,"環境面資訊以母公司之電裝廠、新豐廠、重電廠為主，
不包含台北總公司。",0.0075 ,百萬公升/百萬元營業額,N
1504,東元,184150.00 ,台灣所有廠區,8.0000 ,營業額,N
1506,正道,N/A,N/A,N/A,N/A,N
1512,瑞利,22827.00 ,母公司,N/A,N/A,N
1513,中興電,17028.00 ,母公司110年度,0.9447 ,營業額,N
1514,亞力,25533.00 ,母公司,N/A,N/A,N
1515,力山,N/A,N/A,N/A,N/A,N
1516,川飛,N/A,N/A,N/A,N/A,N
1517,利奇,850.00 ,母公司,N/A,N/A,N
1519,華城,33661.00 ,僅母公司,5.3600 ,產品,N
1521,大億,N/A,N/A,N/A,N/A,N
1522,堤維西,108651.00 ,110年,957.4000 ,營業額,N
1524,耿鼎,73107.00 ,母子公司,0.0429 ,烤漆數量,N
1525,江申,19584.00 ,母公司,15.3500 ,噸/百萬元營業額,N
1526,日馳,12896.00 ,母公司,N/A,N/A,N
1527,鑽全,22594.00 ,110年,502.0888 ,營業額,ISO14001
1528,恩德,N/A,N/A,N/A,N/A,N
1529,樂事綠能,N/A,N/A,N/A,N/A,N
1530,亞崴,N/A,N/A,N/A,N/A,N
1531,高林股,N/A,N/A,N/A,N/A,N
1532,勤美,129319.00 ,勤美金屬成型事業處,5.6700 ,產品,N
1533,車王電,30.00 ,母公司,30.0000 ,產值,N
1535,中宇,N/A,N/A,N/A,N/A,N
1536,和大,149646.00 ,僅母公司,22.3800 ,百萬營業額,ISO14001:2015
1537,廣隆,324636.00 ,包含合併財務報表之母子公司,17.8600 ,仟元營業額/噸,N
1538,正峰,N/A,N/A,N/A,N/A,N
1539,巨庭,N/A,N/A,N/A,N/A,N
1540,喬福,2.18 ,110/01-110/12,N/A,N/A,N
1541,錩泰,59196.00 ,僅母公司,0.0095 ,營業額,N
1558,伸興,271676.00 ,合併財務報表之母子公司,0.0705 ,產品,AA1000 永續報告書查證聲明
1560,中砂,1464402.60 ,母公司,267.7500 ,百萬元營業額,N
1568,倉佑,16815.00 ,僅母公司,14.0600 ,百萬營業額,N
1582,信錦,N/A,N/A,N/A,N/A,ISO 50001
1583,程泰,40.62 ,110/01-110/12,N/A,N/A,N
1587,吉茂,45949.00 ,110年,N/A,N/A,N
1589,永冠-KY,318277.00 ,合併財務報表之子公司,1.5900 ,產品,N
1590,亞德客-KY,852140.00 ,包含三個生產工廠，已涵蓋集團90%以上的排放量,53.9600 ,每百萬元產值,N
1597,直得,36038.00 ,母公司,24.9000 ,每百萬營業額,ISO 14001
1598,岱宇,21787.00 ,本公司彰化一廠、二廠、五廠、台中辦公室,0.0032 ,營業額仟元,N
1603,華電,N/A,N/A,N/A,N/A,N
1604,聲寶,N/A,N/A,N/A,N/A,N
1605,華新,16409420.00 ,"臺灣區：楊梅廠、新莊廠、鹽水廠、臺中廠。
海外區：東莞華新、江陰華新、江陰合金、上海華新、煙台華新、常熟華新、華新精密",12.0000 ,產品,N
1608,華榮,41248.00 ,涵蓋範圍僅限華榮電線電纜股份有限公司高楠工廠廠區,5.6200 ,百萬營業額,N
1609,大亞,106174.00 ,大亞電線電纜,7.8000 ,營業額,ISO 50001
1611,中電,4984.00 ,工廠,N/A,N/A,N
1612,宏泰,64843.00 ,僅母公司,N/A,N/A,ISO14001
1614,三洋電,59147.00 ,母子公司,10.6375 ,噸/百萬元,N
1615,大山,9299.00 ,母公司,2.0000 ,產品,N
1616,億泰,15895.00 ,母公司,5.3100 ,營業額,N
1617,榮星,N/A,N/A,N/A,N/A,N
1618,合機,22567.00 ,110年1-12月一.二.三廠自來水使用量22567噸,N/A,N/A,ISO14001
1626,艾美特-KY,277845.00 ,營運地深圳艾美特+九江艾美特,277845.0000 ,營業額,N
1701,中化,291076.00 ,僅母公司,11.7700 ,營業額,N
1702,南僑,1628537.00 ,資訊涵蓋台灣、中國大陸、泰國地區之製造單位及台灣、中國大陸餐飲事業,0.0825 ,營業額,N
1707,葡萄王,280430.00 ,葡萄王生技、葡眾企業,34.8000 ,每百萬營收,ISO 14001
1708,東鹼,719840.81 ,僅母公司,150.1200 ,百萬營業額,N
1709,和益,110072.00 ,僅母公司林園工廠,16.6700 ,百萬營業額,N
1710,東聯,2105620.00 ,母公司,0.1430 ,營業額；單位：公噸/仟元,N
1711,永光,824460.00 ,合併財務報表之生產型廠區,88.5000 ,百萬元產值,ISO 14001
1712,興農,718567.00 ,母公司王田廠區(王田廠、王田二廠、生物工廠),65.7000 ,植物保護產品佰萬元銷售額,N
1713,國化,84820.00 ,屏南分公司,84820.0000 ,產品,N
1714,和桐,17579.00 ,高雄仁武廠,0.5800 ,產品,N
1717,長興,1227720.00 ,包含合併財務報表之母子公司,1.8020 ,產品(公噸),ISO 5001 及 ISO14046:2014
1718,中纖,2035579.00 ,110年度總用水量,3.5497 ,營業額573445.0898萬元,N
1720,生達,147206.00 ,生達一廠+生達二廠,5187.0000 ,營業額,N
1721,三晃,194928.00 ,母公司,7.9400 ,產品,確信準則公報第一號
1722,台肥,39486000.00 ,母公司台中廠、苗栗廠、花蓮廠,41.7100 ,產品,N
1723,中碳,336000.00 ,小港廠+屏南廠,336000.0000 ,營業額,N
1725,元禎,1847.00 ,母公司,0.2209 ,百萬元營業額,N
1726,永記,61190.00 ,20210101-20211231,N/A,N/A,ISO14001
1727,中華化,404.19 ,桃園一廠、桃園二廠、彰化廠,0.0021 ,單位：百萬公升/產品,N
1730,花仙子,18780.00 ,母公司,5.9800 ,營業額,N
1731,美吾華,23348.00 ,台北總公司、台中及高雄服務中心、楊梅工廠及物流中心,N/A,N/A,N
1732,毛寶,20939.00 ,母公司,33.8050 ,噸CO2e/百萬營收,N
1733,五鼎,63526.00 ,母公司,0.0182 ,營業額,N
1734,杏輝,129583.00 ,母公司,0.0601 ,營業額仟元,N
1735,日勝化,42476.00 ,母公司,2.2139 ,產品,N
1736,喬山,N/A,N/A,N/A,N/A,N
1737,臺鹽,12125453.00 ,臺鹽總公司、妝品廠、保健廠、通霄廠、儲運所、七股鹽場共6場域,58.6490 ,產品,N
1752,南光,110107.00 ,總公司年度總用水量，含民生用水,6185.7865 ,營業額,N
1760,寶齡富錦,21100.00 ,寶齡富錦生技股份有限公司平鎮廠,0.0376 ,每仟元產值,N
1762,中化生,36103.00 ,母公司,0.2000 ,產品,N
1773,勝一,344005.00 ,母公司,1.5922 ,產品,N
1776,展宇,2670.00 ,範圍為母公司(第一廠及第二廠),3.5224 ,以佰萬元營業額為單位,N
1783,和康生,14262.00 ,合併財務報表之母子公司,N/A,N/A,N
1786,科妍,32258.00 ,母公司,N/A,N/A,N
1789,神隆,149461.00 ,僅母公司，2021年1月~12月,N/A,N/A,N
1795,美時,74915.00 ,母公司及重要子公司生產基地及研發中心,5.9200 ,百萬元營業額,N
1802,台玻,1880000.00 ,僅母公司,N/A,N/A,ISO 50001
1805,寶徠,N/A,N/A,N/A,N/A,N
1806,冠軍,127125.00 ,自來水,0.0126 ,產品,N
1808,潤隆,227.00 ,僅本公司台北辦公室,N/A,N/A,N
1809,中釉,22309.00 ,僅母公司,N/A,N/A,N
1810,和成,225715.00 ,母公司,62.2834 ,營業額,ISO14001
1817,凱撒衛,347.00 ,母公司,2.1600 ,百萬營業額,N
1903,士紙,N/A,N/A,N/A,N/A,N
1904,正隆,410532.00 ,母公司,8.8800 ,千公升/噸 (工業用紙產量),N
1905,華紙,23826828.00 ,華紙台灣四個生產據點,19.0000 ,產品,N
1906,寶隆,N/A,N/A,N/A,N/A,N
1907,永豐餘,45556301.00 ,永豐餘年報所稱三大事業群（林漿紙事業群、工紙紙器事業群、消費品事業群）之台灣、大陸、越南三地共合計共35個生產據點。,9.9300 ,產品,ISO 14001
1909,榮成,4029050.00 ,僅母公司,3.7700 ,產品,N
2002,中鋼,44047000.00 ,母公司,4.3200 ,產品,N
2006,東和鋼鐵,2205048.00 ,母公司,1.0460 ,鋼胚產量,ISO 14001，苗栗廠另有 ISO 14046 水足跡管理系統，驗證機構為BV
2007,燁興,117576.00 ,本公司,N/A,N/A,N
2008,高興昌,32845.00 ,110年度屏南廠區,0.9200 ,產品,N
2009,第一銅,201180.00 ,僅計算第一伸銅科技股份有限公司臨海廠,1.1884 ,產品,N
2010,春源,87162.00 ,台灣總公司及北中南各生產營運據點。,0.1091 ,產品,ISO 14001 環境管理系統
2012,春雨,207.48 ,母公司,347.0000 ,百萬營業額,ISO14001
2013,中鋼構,38265.00 ,高雄廠區、官田廠區,N/A,N/A,N
2014,中鴻,1327310.00 ,母公司,0.4650 ,產品,N
2015,豐興,1970532.00 ,僅母公司,1.0800 ,產品,ISO 14001:2015
2017,官田鋼,117032.00 ,總管理處、永康廠、麻豆廠、官田廠,1.6000 ,產品,N
2020,美亞,22302.00 ,110年度廢水排放量,N/A,N/A,ISO14000
2022,聚亨,37770.00 ,母公司,N/A,N/A,N
2023,燁輝,379642.00 ,2021全年度,0.3300 ,產量(公噸),N
2024,志聯,207953.00 ,自來水+地下水,N/A,N/A,N
2025,千興,45948.00 ,僅母公司,0.0186 ,營業額,N
2027,大成鋼,87279.00 ,僅母公司,0.0057 ,營業額(百萬公升/百萬元),中華民國確信準則公報第一號「非屬歷史性財務資訊查核或核閱之確信案件」標準
2028,威致,610775.00 ,個別公司,N/A,N/A,N
2029,盛餘,488144.00 ,2021年績效月報,0.3670 ,產品,N
2030,彰源,112416.00 ,一廠、二廠、三廠、大連廠,112416.0000 ,營業額,N
2031,新光鋼,23333.00 ,母公司,1.7400 ,百萬營業額,N
2032,新鋼,N/A,N/A,N/A,N/A,N
2033,佳大,N/A,N/A,N/A,N/A,N
2034,允強,116314.00 ,僅母公司,0.6200 ,產品,ISO 50001
2038,海光,80930.00 ,自來水費,N/A,N/A,N
2049,上銀,832904.00 ,涵蓋營運據點13廠區，100%營運控制權,36.2037 ,百萬營業額,N
2059,川湖,54093.00 ,母公司,14.5100 ,平方公尺產品表面積,N
2062,橋椿,135527.00 ,母公司,0.0370 ,產量,N
2069,運錩,9851.00 ,僅母公司所有廠區,N/A,N/A,N
2101,南港,141482.00 ,110年總廢水量,4.1330 ,產品,N
2102,泰豐,98268.00 ,僅母公司,13.3500 ,每噸產品,N
2103,台橡,5835000.00 ,合併財務報表之生產營運母子公司,10.3800 ,公噸,ISO50001:2018
2104,國際中橡,1256573.00 ,國際中橡100%持有之子公司林園先進。,14.0000 ,產品,ISO14001
2105,正新,1079686.00 ,母公司,7.4400 ,產品,N
2106,建大,334829.00 ,台灣地區,7.2400 ,產品,BSI ISO 50001及金屬工業研究發展中心 ISO 14001
2107,厚生,N/A,N/A,N/A,N/A,N
2108,南帝,403216.00 ,母公司,N/A,N/A,N
2109,華豐,N/A,N/A,N/A,N/A,N
2114,鑫永銓,10874.00 ,母公司,5.6133 ,營業額以百萬元為單位,N
2115,六暉-KY,N/A,N/A,N/A,N/A,N
2201,裕隆,332346.00 ,裕隆汽車製造(股)公司三義廠區,10.9000 ,產品,N
2204,中華,212954.00 ,占營運範圍比率100%,4.2600 ,產品,ISO 46001水資源效率管理系統
2206,三陽工業,472862.00 ,三陽工業股份有限公司新竹廠,319198.0000 ,產品,N
2207,和泰車,18.25 ,母公司,32.4000 ,人,N
2208,台船,462088.00 ,台船高雄廠和基隆廠彙計,462088.0000 ,"營業額17,852,881仟元",N
2211,長榮鋼,57272.00 ,僅母公司,4.9300 ,百萬營業額,N
2227,裕日車,1530.00 ,母公司,4.0800 ,每年人均用水輛 (公噸-水 /人),N
2228,劍麟,N/A,N/A,N/A,N/A,N
2231,為升,1006.50 ,為升電裝工業(股)公司2021/01~2022/05用水量,N/A,N/A,N
2233,宇隆,14826.00 ,110/1/1-110/12/31,N/A,N/A,N
2236,百達-KY,22250.71 ,包含合併財務報表之母子公司,0.0000 ,營業額,N
2239,英利-KY,N/A,N/A,N/A,N/A,N
2241,艾姆勒,105781.00 ,母公司,0.0629 ,產品,N
2243,宏旭-KY,N/A,N/A,N/A,N/A,N
2247,汎德永業,79902.55 ,合併財務報表,0.0019 ,營業額(千元),N
2250,IKKA-KY,N/A,N/A,N/A,N/A,N
2301,光寶科,2539346.00 ,"包含母公司與合併財報之部分子公司
光寶科技股份有限公司、光林智能科技股份有限公司、光寶電子(天津)有限公司、光寶網絡通訊(東莞)有限公司、光寶光電(常州)有限公司、光寶科技(常州)有限公司、光寶電子(東莞)有限公司、旭麗電子(東莞)有限公司、惠州市力信電子有限公司、光寶電子(廣州)有限公司、建興光電科技(北海)有限公司、敦揚(廣州)汽車電子有限公司、LITE-ON VIETNAM CO., LTD.、Lite-On Electronics (Thailand) Co., Ltd.、LITE-ON POWER ELECTRONIC INDIA PRIVATE LIMITED",17.3200 ,百萬營收,ISO 14001
2302,麗正,13792.00 ,母子公司,63.3200 ,產品,N
2303,聯電,16213000.00 ,僅母公司(含新加坡分公司),66.5400 ,wafer-m2,ISO 14001、ISO 14046
2305,全友,11000.00 ,母公司,N/A,N/A,N
2308,台達電,4160237.89 ,母公司及子公司之生產廠區,415.5700 ,產值(單位：百萬美金),ISO 14001
2312,金寶,335000.00 ,母公司,65.1100 ,營業額,N
2313,華通,3016000.00 ,110年度,0.2200 ,產品,N
2314,台揚,42.30 ,母公司,0.0640 ,員工人數,ISO-14001
2316,楠梓電,1674706.00 ,僅母公司,0.6600 ,產品,N
2317,鴻海,87706000.00 ,依2021年永續報告書邊界,14.6000 ,百萬新台幣營業額,N
2321,東訊,20701.00 ,自來水公司提供 110.01~110.12,129.3800 ,僅有民生用水，約160人,N
2323,中環,578000.00 ,僅母公司生產廠區,0.8100 ,員工人數,N
2324,仁寶,2683948.00 ,母公司、仁寶(越南)、仁寶電腦(重慶)、仁寶電腦(成都)及仁寶視訊電子(昆山)、仁寶電子科技(昆山)、仁寶資訊工業(昆山)、仁寶信息技術(昆山)、仁寶數碼科技（昆山）、吉寶通訊（南京）、重慶翊寶智慧電子裝置及Compalead Eletr&#244;nica do Brasil Ind&#250;stria e Com&#233;rcio,2.1700 ,營業額;單位為新台幣百萬元,N
2327,國巨,362099.00 ,母公司,9.0000 ,百萬營業額,N
2328,廣宇,5512.00 ,母公司,0.0004 ,百萬營業額,N
2329,華泰,1478550.00 ,2021.01.01-2021.12.31,0.0001 ,營業額,N
2330,台積電,82823740.00 ,台灣廠區及子公司,119.9000 ,單位產品用水量（公升／十二吋晶圓當量－光罩數）,International Water Stewardship Standard Version 2.0
2331,精英,329789.00 ,用水量涵蓋精英電腦股份有限公司、興英數位科技(深圳)有限公司、精英電腦(蘇州工業園區)有限公司、與精英科技(泰國)股份有限公司。,18.1360 ,"2021年 精英電腦總部大樓人均年用水量  18.136 公噸/  人.年；TPE 13,802公噸/761人=18.136",N
2332,友訊,11560.00 ,僅母公司大樓,19.0131 ,員工人數,N
2337,旺宏,2886898.00 ,僅母公司,57.0800 ,年度總營收(百萬元),N
2338,光罩,15349.00 ,僅母公司,2.3900 ,產品,N
2340,台亞,1392952.00 ,創新廠及力行廠,276.0000 ,佰萬元營業額,ISO 14001
2342,茂矽,583235.00 ,僅母公司,52.5600 ,產品,N
2344,華邦電,3292825.00 ,母公司,0.1310 ,噸/layer(層-晶圓光罩),ISO 14001
2345,智邦,51982.00 ,僅母公司,1.0540 ,百萬元營業額,N
2347,聯強,21696.00 ,聯強台灣與合併財務報表之子公司通達智能運籌,18.2300 ,員工人數,N
2348,海悅,N/A,N/A,N/A,N/A,N
2349,錸德,91541.00 ,僅母公司,0.0330 ,營業額,N
2351,順德,1382382.00 ,母公司,1232440.0000 ,產品,N
2352,佳世達,517562.00 ,佳世達台灣/蘇州/越南廠區,106.3300 ,營業額,N
2353,宏,164324.00 ,包含合併財務報表之母子公司,0.5200 ,百萬營業額,N
2354,鴻準,1903.00 ,鴻準集團主要廠區,0.0000 ,營業額,ISO 50001
2355,敬鵬,3873.96 ,母公司+ 子公司 敬鵬(常熟)電子有限公司,153.1300 ,營業額,N
2356,英業達,1081588.00 ,英業達股份有限公司Inventec Corporation,,,
(士林廠 Shilin site(IET)、桃園廠 Taoyuan site(TAO)、桃園廠 Taoyuan site(ITO))、,,,,,,
英業達(重慶)有限公司Inventec (Chongqing) Corporation (ICC)、,,,,,,
英業達科技有限公司Inventec (Pudong) Technology Corporation (IPT)、,,,,,,
上海順詮科技有限公司SQ Technology (Shanghai) Corporation (SQT)、,,,,,,
Inventec (Czech) S.R.O. (ICZ)、,,,,,,
IEC Technologies," S . de R. L. de C. V. (IMX)""",245273.00 ,千億營業額,N,,
2357,華碩,142443.00 ,華碩全台辦公室(皇家除外),22.0000 ,公噸/平均每人/年,N
2358,廷鑫,31111.00 ,母公司,N/A,N/A,N
2359,所羅門,N/A,N/A,N/A,N/A,N
2360,致茂,83835.80 ,僅母公司,0.0048 ,營業額(仟元),N
2362,藍天,25777.00 ,母公司,N/A,N/A,N
2363,矽統,23228.00 ,水費繳費單,N/A,N/A,N
2364,倫飛,6038.00 ,母公司,N/A,N/A,N
2365,昆盈,N/A,N/A,N/A,N/A,N
2367,燿華,2070450.00 ,僅母公司,0.6100 ,產量,N
2368,金像電,7433736.00 ,合併財務報表之母子公司,279.0000 ,百萬元營業額,N
2369,菱生,960851.00 ,全公司工業用水量,0.1740 ,產品,N
2371,大同,537322.00 ,僅母公司,N/A,N/A,N
2373,震旦行,38445.52 ,僅母公司,0.0117 ,營業額,N
2374,佳能,5763.00 ,110年度,1.6119 ,營業額,N
2375,凱美,2525.25 ,汙水處理站,N/A,N/A,N
2376,技嘉,259234.57 ,技嘉科技營運總部、桃園南平廠、中國東莞廠和寧波廠。,2.1265 ,百萬營業額,N
2377,微星,89159.00 ,母公司,0.4400 ,營業額,N
2379,瑞昱,50640.00 ,僅包含瑞昱新竹營運總部,11.2700 ,"瑞昱新竹營運總部員工人數(4,492人)",N
2380,虹光,11323.00 ,母公司,0.1700 ,產品,N
2382,廣達,2807330.00 ,資料邊界：廣達電腦(股)公司臺灣總部QRDC及廣達台灣製造城QTMC、廣達上海製造城QSMC、廣達重慶製造城QCMC、廣達泰國廠QMB,N/A,N/A,N
2383,台光電,101897.00 ,母公司,0.0110 ,耗水量/總營收(單位:新台幣仟元),N
2385,群光,1632816.64 ,群光電子(含海外各廠區，不含子公司),1632816.6400 ,營業額,ISO 50001
2387,精元,N/A,N/A,N/A,N/A,N
2388,威盛,17506.00 ,威盛電子台北總公司,N/A,N/A,N
2390,云辰,N/A,N/A,N/A,N/A,N
2392,正崴,3365820.00 ,合併財務報表之母子公司,N/A,N/A,N
2393,億光,341.00 ,億光電子台灣地區,N/A,N/A,N
2395,研華,332806.00 ,研華台灣(瑞光大樓、陽光大樓、東湖廠、林口園區)、日本廠、昆山園區,5.9400 ,營業額百萬,AA1000
2397,友通,30047.00 ,友通資訊之組織邊界設定以營運控制權為主，其盤查組織邊界之溫室氣體排放量百分之百歸屬本公司，友通包括汐止遠雄總部、汐止工廠及桃園工廠，其中汐止工廠於2021年4月至10月搬遷，11月25日完成交屋。,N/A,N/A,N
2399,映泰,276.00 ,110年1-12月每月平均用水噸數,N/A,N/A,N
2401,凌陽,30320.00 ,母公司,87.8800 ,員工人數 (30320度/345人),N
2402,毅嘉,108381.00 ,僅母公司,N/A,N/A,N
2404,漢唐,N/A,N/A,N/A,N/A,N
2405,輔信,4829.00 ,母公司,N/A,N/A,N
2406,國碩,51472.00 ,國碩二廠和國碩新豐廠,0.0616 ,"835,000萬元",N
2408,南亞科,3456524.00 ,母公司,3.0800 ,千顆晶粒,ISO 14001
2409,友達,24991780.00 ,全球營運據點,0.2900 ,產品(米平方),ISO46001
2412,中華電,2170000.00 ,中華電信母公司,10.3099 ,百萬營業額,取得ISO 50001證書、板橋IDC暨雲端資料中心取得ISO 14046水足跡認證。
2413,環科,17800.00 ,母公司,N/A,N/A,ISO14001
2414,精技,4900.00 ,僅母公司,0.2342 ,佰萬營業額,N
2415,錩新,419571.00 ,110年度,N/A,N/A,N
2417,圓剛,7440.00 ,資料涵蓋範圍為總公司,0.0020 ,營業額,N
2419,仲琦,47468.00 ,新竹總部+海外據點(蘇州，越南),137.1200 ,營業額,N
2420,新巨,18728.00 ,母公司,7.0330 ,百萬營業額,N
2421,建準,3305000.00 ,昆山廠/北海廠/高雄廠,N/A,N/A,N
2423,固緯,11708.00 ,母公司,N/A,N/A,N
2424,隴華,N/A,N/A,N/A,N/A,N
2425,承啟,N/A,N/A,N/A,N/A,N
2426,鼎元,816450.00 ,母公司,276.4670 ,百萬營業額,N
2427,三商電,1976.00 ,母公司,6.3100 ,員工人數,N
2428,興勤,56870.00 ,母公司金屬用水,0.0130 ,產品,N
2429,銘旺科,82.88 ,母公司+子公司(嵩達),0.0860 ,百萬營收,N
2430,燦坤,N/A,N/A,N/A,N/A,N
2431,聯昌,N/A,N/A,N/A,N/A,N
2433,互盛電,8435.00 ,僅母公司,0.0060 ,營業額,N
2434,統懋,162041.00 ,母公司,1643.4178 ,百萬營業額,N
2436,偉詮電,0.83 ,新竹廠區,0.0002 ,營業額單位為佰萬元,N
2438,翔耀,N/A,N/A,N/A,N/A,N
2439,美律,350128.60 ,母公司與部分合併財務報表之子公司,50.1600 ,員工人數,N
2440,太空梭,N/A,N/A,N/A,N/A,N
2441,超豐,1201102.00 ,超豐電子股份有限公司營運範圍,N/A,N/A,N
2442,新美齊,2584.00 ,110年新美齊新建工程建案,N/A,N/A,N
2443,昶虹,12.00 ,母公司,N/A,N/A,N
2444,兆勁,26058.00 ,僅母公司,0.0147 ,營業額,大腸桿菌群&LT; 1 CFU/ 100ml
2449,京元電子,3753632.00 ,母子公司,5392.0000 ,營業額,N
2450,神腦,8.67 ,母公司新店總公司共11處辦公室,0.0200 ,人,按ISO 14064-1:2018進行溫室氣體盤查，並通過SGS-Taiwan查證
2451,創見,27710.00 ,僅母公司,1.9357 ,百萬營業額,N
2453,凌群,9025.00 ,母公司,1.6180 ,百萬營業額,N
2454,聯發科,381812.00 ,僅母公司,34.7600 ,母公司員工人數,N
2455,全新,74480.00 ,平鎮廠、平鎮二廠,74480.0000 ,產品,N
2457,飛宏,425754.00 ,合併財務報表之母子公司,152.0000 ,人,N
2458,義隆,22005.00 ,義隆電子、義隆香港、義晶、義碩、義傳,32.5400 ,年-人,AA1000
2459,敦吉,6071.00 ,母公司及子公司敦吉檢測科技股份有限公司台北商辦大樓,N/A,N/A,N
2460,建通,N/A,N/A,N/A,N/A,N
2461,光群雷,10435.00 ,僅母公司,7.7300 ,百萬營業額,N
2462,良得電,N/A,N/A,N/A,N/A,N
2464,盟立,N/A,N/A,N/A,N/A,N
2465,麗臺,2954.00 ,工廠,N/A,N/A,N
2466,冠西電,10435.00 ,母公司宜蘭廠,0.0177 ,營業額,N
2467,志聖,12231.00 ,僅母公司,N/A,N/A,N
2468,華經,1606.00 ,包含合併財務報表之母子公司,N/A,N/A,N
2471,資通,7265.00 ,主要來源為辦公同仁基本之民生用水。,N/A,N/A,N
2472,立隆電,2597820.00 ,合併,N/A,N/A,N
2474,可成,1327796.00 ,僅母公司台南廠區自來水總用量,0.2313 ,產品,N
2476,鉅祥,N/A,N/A,N/A,N/A,N
2477,美隆電,5322.00 ,110/01/01~110/12/31,1.6092 ,營業額,N
2478,大毅,261774.00 ,母公司,0.0000 ,營業額,N
2480,敦陽科,1385.00 ,新竹總公司,1385.0000 ,營業額,N
2481,強茂,350833.00 ,岡山廠,40.3000 ,營業額,N
2482,連宇,6525.00 ,母公司,N/A,N/A,N
2483,百容,17379.00 ,僅母公司,N/A,N/A,N
2484,希華,72529.00 ,母公司,25.7200 ,百萬營業額,N
2485,兆赫,47266.00 ,僅母公司,0.0000 ,營業額,N
2486,一詮,194314.00 ,110年度自來水水費通知單,0.0646 ,千元營業額,N
2488,漢平,7100.00 ,2021年自來水公司帳單,2.8560 ,7100度 除以 2486百萬營收 = 2.856,N
2489,瑞軒,118547.00 ,"1.範疇涵蓋母公司(含總公司/越南廠)及子公司(蘇州樂軒科技有限公司)
2.所有範疇區域用水皆來自第三方供應自來水",5.3320 ,營業額,N
2491,吉祥全,799.00 ,母子公司,N/A,N/A,N
2492,華新科,2908644.00 ,華新科技及子公司(東莞華科電子有限公司 / 蘇州華科電子有限公司 / 廣州匯僑電子有限公司),0.0024 ,產品,N
2493,揚博,N/A,N/A,N/A,N/A,N
2495,普安,N/A,N/A,N/A,N/A,N
2496,卓越,N/A,N/A,N/A,N/A,N
2497,怡利電,N/A,N/A,N/A,N/A,N
2498,宏達電,81206.00 ,範圍以HTC台灣區域為主，涵蓋所有HTC在台灣執行營運的母子公司組織範疇,0.1300 ,81206度/年/1720人/360日=0.13度/日,AA1000
2501,國建,1351.00 ,僅母公司,8.8900 ,員工人數,僅就資料內容進行確認
2504,國產,153970.00 ,僅總公司及汐止、台中及台南廠,N/A,N/A,N
2505,國揚,N/A,N/A,N/A,N/A,N
2506,太設,N/A,N/A,N/A,N/A,N
2509,全坤建,N/A,N/A,N/A,N/A,N
2511,太子,243.87 ,母公司,2.4600 ,"平方公尺(總樓地板面積為99,150平方公尺)",N
2514,龍邦,N/A,N/A,N/A,N/A,N
2515,中工,N/A,N/A,N/A,N/A,N
2516,新建,N/A,N/A,N/A,N/A,N
2520,冠德,1324.00 ,冠德大樓用水量,N/A,N/A,N
2524,京城,N/A,N/A,N/A,N/A,N
2527,宏璟,N/A,N/A,N/A,N/A,N
2528,皇普,N/A,N/A,N/A,N/A,N
2530,華建,564.45 ,母公司,0.4200 ,以用水量/面積計算,N
2534,宏盛,N/A,N/A,N/A,N/A,N
2535,達欣工,2203.00 ,母公司營運總部,0.1487 ,營業額( /百萬 ),N
2536,宏普,N/A,N/A,N/A,N/A,N
2537,聯上發,N/A,N/A,N/A,N/A,N
2538,基泰,N/A,N/A,N/A,N/A,N
2539,櫻花建,229158.00 ,母公司,0.5113 ,總樓地板面積㎡,N
2540,愛山林,N/A,N/A,N/A,N/A,N
2542,興富發,2011.00 ,母公司,5.9086 ,營業額,N
2543,皇昌,N/A,N/A,N/A,N/A,N
2545,皇翔,N/A,N/A,N/A,N/A,N
2546,根基,1324.00 ,冠德大樓用水量,N/A,N/A,N
2547,日勝生,36864.00 ,日勝生/日鼎水務/萬達通/青埔案,11.3800 ,日勝生: 噸/人,N
2548,華固,962.00 ,僅母公司辦公室,2.8730 ,母公司樓地板面積(坪),N
2597,潤弘,581735.00 ,冬山廠冷卻用水,N/A,N/A,N
2601,益航,1023.22 ,合併財務報表之母子公司,N/A,N/A,N
2603,長榮,122092.00 ,海上船舶及陸上營運,N/A,N/A,N
2605,新興,N/A,N/A,N/A,N/A,N
2606,裕民,1.58 ,船舶艙底水及排泄汙水,N/A,N/A,DNV VeriSustain 中度保證等級
2607,榮運,N/A,N/A,N/A,N/A,N
2608,嘉里大榮,172986.37 ,嘉里大榮物流組織全部(母公司),16.3700 ,營業額,N
2609,陽明,41613.00 ,七堵總公司、基隆分公司(含基隆陽明貨櫃場)、高雄分公司(含70號碼頭)、台灣營業部、梧棲辦公室。,N/A,N/A,N
2610,華航,118422.00 ,2021年度用水總量,10.8700 ,用水總量/總員工人數,ISO 14001
2611,志信,N/A,N/A,N/A,N/A,N
2612,中航,12475.00 ,"合併公司楊梅,台中,高雄場區及辦公室",3.5104 ,佰萬營業額,N
2613,中櫃,19138.00 ,本公司,N/A,N/A,N
2614,東森,17518.00 ,僅母公司,12.7900 ,營收百萬元,N
2615,萬海,41530.00 ,台中高雄專用碼頭與台北高雄辦公室,35.4600 ,噸/人，分母為台灣員工總人數,N
2616,山隆,N/A,N/A,N/A,N/A,N
2617,台航,N/A,N/A,N/A,N/A,N
2618,長榮航,134597.00 ,僅母公司,0.5700 ,總用水/樓地板面積,ISO14001環境管理系統
2630,亞航,53252.00 ,本公司廠區(松山、台中、台南(含歸仁)、屏東)所使用之用水量。,13.7072 ,百萬營業額,N
2633,台灣高鐵,594195.00 ,車站、基地及總公司,N/A,N/A,N
2634,漢翔,1324793.00 ,僅母公司,55.8200 ,百萬營業額,N
2636,台驊投控,N/A,N/A,N/A,N/A,N
2637,慧洋-KY,1543.00 ,包含合併財務報表之母子公司,0.4600 ,用水量 / 辦公室樓地板面積(平方公尺),N
2642,宅配通,56341.20 ,台灣宅配通股份有限公司,N/A,N/A,N
2701,萬企,N/A,N/A,N/A,N/A,N
2702,華園,27461.00 ,僅為母公司,43665.0000 ,千元營業額,N
2704,國賓,529238.00 ,"2021/1/1~2021/12/31以國賓大飯店為主體，包
含台北、新竹、高雄三館",0.3522 ,千元營業額,N
2705,六福,867560.00 ,母公司之主要營運地，包含總公司及南港分公司,0.6946 ,營業額-千元,N
2706,第一店,N/A,N/A,N/A,N/A,N
2707,晶華,314798.00 ,台北晶華,134.4642 ,百萬營業額,N
2712,遠雄來,142042.00 ,母公司,0.0004 ,營業額,N
2722,夏都,146409.00 ,僅為母公司,N/A,N/A,N
2723,美食-KY,N/A,N/A,N/A,N/A,N
2727,王品,1981104.00 ,含王品、王莆(子公司)、群品(子公司),1981104.0000 ,水費單各店平均值,N
2731,雄獅,N/A,N/A,N/A,N/A,N
2739,寒舍,635938.00 ,母公司,0.2725 ,仟元營業額,N
2748,雲品,268502.00 ,合併財務報表母子公司,185.0583 ,營業額,N
2753,八方雲集,133157.00 ,母公司淡水廠、西螺廠、高雄廠,33.1600 ,百萬營業額,N
2801,彰銀,160777.00 ,母公司之國內全數營運據點,24.3200 ,員工人數,ISO 46001
2809,京城銀,19719.00 ,母公司總行大樓及66間分行,1.9800 ,度/淨營收(百萬元),N
2812,台中銀,14358.00 ,總行民權及民族大樓、南台中分行及太平員訓中心,N/A,N/A,N
2816,旺旺保,10883.00 ,總公司及17家分公司,98.0000 ,人,N
2820,華票,2184.00 ,總公司與5家分公司,N/A,N/A,N
2832,台產,N/A,N/A,N/A,N/A,N
2834,臺企銀,115560.14 ,總行及國內125家分行,21.7500 ,員工人數,ISO 14001
2836,高雄銀,3729.00 ,母公司總行大樓,N/A,N/A,N
2838,聯邦銀,86166.00 ,全行各單位,N/A,N/A,N
2845,遠東銀,56274.00 ,母公司國內外所有據點,21.8400 ,人,N
2849,安泰銀,29673.00 ,110年全行用水,N/A,N/A,N
2850,新產,179435.00 ,總公司及分公司,5.9880 ,服務,N
2851,中再保,3454.00 ,母公司,N/A,N/A,N
2852,第一保,883.00 ,總公司,0.0380 ,人,N
2855,統一證,12198.26 ,總部大樓,18.6500 ,人均,N
2867,三商壽,145100.00 ,全公司,1.0100 ,營業額(百萬元),N
2880,華南金,304211.32 ,本集團國內全數營運據點(含總部),29.3100 ,員工總數,N
2881,富邦金,437978.00 ,富邦金控、富邦人壽、台北富邦銀行、富邦產物及富邦證券。,12.2500 ,人 (員工),ISO14001
2882,國泰金,596154.00 ,包含集團(金控、人壽、銀行、產險、證券、投信、投顧、創投、期貨、私募)之國內據點,12.8400 ,總員工數,ISO14064-1
2883,開發金,213660.00 ,包含合併報表之母子公司，員工涵蓋率99.27%,N/A,N/A,N
2884,玉山金,238715.00 ,100%持有合併財務報表之母子公司,4.1231 ,營收百萬元,ISO 14046
2885,元大金,184150.00 ,公司或包含合併財務報表之母子公司之台灣營運範疇,0.6300 ,樓地板面積,ISO14046
2886,兆豐金,187920.00 ,包含合併財務報表母子公司之國內所有據點,22.1200 ,國內員工人數,ISAE 3000
2887,台新金,124582.00 ,以台新金控及台新銀行用水量推估至全金控,11.1900 ,員工人數,GRI準則-核心選項與AA1000AS v3第二類型中度保證等級查證
2888,新光金,349461.00 ,100%包含合併財務報表之母子公司,21.6500 ,人均用水量,新光人壽摩天大樓於2018年導入ISO 14046，並持續有效
2889,國票金,N/A,N/A,N/A,N/A,N
2890,永豐金,171054.00 ,金控及旗下5家主要子公司（永豐銀行、永豐金證券、永豐投信、永豐金租賃、永豐創業投資） 之國內所有營運據點納入統計範疇。,20.2527 ,每人,"AA1000 Assurance Standard v3, Type 2 Moderate level of assurance"
2891,中信金,341939.00 ,為與溫室氣體查證邏輯一致， 2020年起，用水量盤查範疇扣除中國信託金融園區之商家用水量。,25.0800 ,人,N
2892,第一金,201230.00 ,涵蓋範圍為第一銀行國內全數營運據點及證券、投信、人壽、AMC之總公司。,23.9000 ,"201,230公噸/8,414人=23.9公噸",ISO46001水效率管理系統
2897,王道銀行,15663.00 ,母公司全台營運據點,17.9000 ,員工人數,ISO 14001
2901,欣欣,58965.00 ,包含合併財務報表之母子公司,N/A,N/A,N
2903,遠百,1569654.00 ,僅母公司,3346.8000 ,億元營業額,ISO 14046
2904,匯僑,29126.00 ,臺中港西二及西五槽區,N/A,N/A,N
2905,三商,N/A,N/A,N/A,N/A,N
2906,高林,N/A,N/A,N/A,N/A,N
2908,特力,53.90 ,特力(股)總部、楊梅物流中心及台中辦公室,0.0020 ,百萬營收,N
2910,統領,N/A,N/A,N/A,N/A,N
2911,麗嬰房,N/A,N/A,N/A,N/A,N
2912,統一超,2483875.00 ,"實際統計包含總部大樓及4,071家門市、推估值包含9 處區辦公室及2,308家門市。",368.0000 ,門市數,AA1000 type2
2913,農林,N/A,N/A,N/A,N/A,N
2915,潤泰全,3809.00 ,母公司,N/A,N/A,N
2923,鼎固-KY,991869.00 ,包含上海打浦橋日月光中心、上海嘉定日月光中心、上海御華山以及重慶日月光中心，共計四據點。,20.6500 ,新台幣十萬元營收,N
2929,淘帝-KY,N/A,N/A,N/A,N/A,N
2939,凱羿-KY,N/A,N/A,N/A,N/A,N
2945,三商家購,24000.00 ,依每月水費單據其數據顯示之度數估算。,N/A,N/A,N
3002,歐格,1473.00 ,僅母公司,5.7200 ,營業額,N
3003,健和興,66830.00 ,母公司,0.0000 ,產品,N
3004,豐達科,79877.00 ,母公司,61.5400 ,單位:百萬營業額,N
3005,神基,783480.00 ,涵蓋神基投控暨其八家子公司,730.0000 ,營業額,GRI Standards核心依循選項與AA 1000 ASv3 Type1 中度保證等級的要求
3006,晶豪科,17820.00 ,母公司,0.7474 ,用水量/百萬營業額(個體),N
3008,大立光,904925.00 ,母公司,N/A,N/A,N
3010,華立,3565.00 ,僅母公司(台北、台中、高雄辦公地點),N/A,N/A,N
3011,今皓,N/A,N/A,N/A,N/A,N
3013,晟銘電,567655.00 ,包含合併財務報表之母子公司,N/A,N/A,N
3014,聯陽,12914.00 ,母公司,N/A,N/A,N
3015,全漢,194020.00 ,母公司與部分子公司,35.2700 ,母公司與部分子公司的員工人數,N
3016,嘉晶,522316.00 ,110/1/1~110/12/31,5.5200 ,產品,N
3017,奇鋐,1525496.46 ,台灣高雄、深圳奇宏/興奇宏、東莞明鑫/興奇宏、成都奇宏、武漢奇宏/興奇宏、嘉善萬順達,32.2200 ,"總用水量/營業額=1,525,496公噸/47,332 TWD’M = 32.22",N
3018,隆銘綠能,N/A,N/A,N/A,N/A,N
3019,亞光,90054.00 ,僅母公司潭子廠區,N/A,N/A,N
3021,鴻名,N/A,N/A,N/A,N/A,N
3022,威強電,N/A,N/A,N/A,N/A,N
3023,信邦,56936.20 ,集團100%持股之11個據點,2.2300 ,"56,936.2(噸)/25,530.706 (新台幣百萬元,2021年營收)= 2.23",N
3024,憶聲,4797.00 ,總公司辦公室,N/A,N/A,N
3025,星通,N/A,N/A,N/A,N/A,N
3026,禾伸堂,255445.00 ,母公司,12.9600 ,產品,N
3027,盛達,N/A,N/A,N/A,N/A,N
3028,增你強,6826.00 ,母公司,0.1624 ,營業額,N
3029,零壹,N/A,N/A,N/A,N/A,N
3030,德律,13395.00 ,母公司,0.0630 ,產品,N
3031,佰鴻,190955.00 ,含合併報表母子公司,124.6400 ,佰萬營收,N
3032,偉訓,N/A,N/A,N/A,N/A,N
3033,威健,4629.00 ,威健在台灣營運據點為主（臺北內湖總公司、內湖倉儲中心、桃園倉儲中心及中南部聯絡處(新竹、臺中及高雄)）,0.4100 ,公噸/樓地板面積m2,N
3034,聯詠,98113.00 ,母公司新竹廠區,0.7249 ,新臺幣百萬營業額,N
3035,智原,17259.00 ,母公司,2.5700 ,營業額,N
3036,文曄,11138.00 ,包含合併財務報表母子公司之台灣各營運據點,0.4200 ,樓地板面積(平方公尺),N
3037,欣興,20039114.00 ,母公司及部份子公司,192.0000 ,百萬元營業額,AWS (國際水資源管理標準)
3038,全台,301220.00 ,母公司及東莞廠,25.3700 ,KPCS,N
3040,遠見,0.50 ,母公司,N/A,N/A,N
3041,揚智,1598.00 ,僅母公司,0.0243 ,產品,N
3042,晶技,230033.00 ,2021年自來水總用量,19.6929 ,以個體營收計算，單位 : 新臺幣佰萬元,N
3043,科風,N/A,N/A,N/A,N/A,N
3044,健鼎,19015049.00 ,健鼎-平鎮/無錫/湖北廠區,0.3018 ,營業額,"由TUV驗證並取得白金等級,詳見我司官網www.tripod-tech.com"
3045,台灣大,278827.00 ,2021,0.0000 ,營業額,依中華民國會計研究發展基金會確信準則公報第1號「非屬歷史性財務資訊查核或核閱之確信案件」進行有限確信
3046,建,435.74 ,包含合併財務報表之母子公司,0.1700 ,百萬營業額,N
3047,訊舟,9037.00 ,僅母公司,2.4864 ,百萬營業額,N
3048,益登,3109.00 ,僅母公司(台灣區),0.0295 ,百萬營業額,N
3049,精金,1010090.00 ,110年度自來水費水費單,0.2226 ,營業額,N
3050,鈺德,37887.00 ,僅母公司,N/A,N/A,N
3051,力特,502567.41 ,母公司,157.4400 ,營業額,ISO14001
3052,夆典,N/A,N/A,N/A,N/A,N
3054,立萬利,N/A,N/A,N/A,N/A,N
3055,蔚華科,N/A,N/A,N/A,N/A,N
3056,富華新,N/A,N/A,N/A,N/A,N
3057,喬鼎,4848.00 ,母公司,6.3811 ,百萬營業額,N
3058,立德,N/A,N/A,N/A,N/A,N
3059,華晶科,20.00 ,母公司,N/A,N/A,N
3060,銘異,87931.00 ,僅桃園市龜山區母公司範疇,N/A,N/A,N
3062,建漢,5069.00 ,110/1~110/12,0.0000 ,營業額,N
3090,日電貿,0.15 ,台北自來水事業處電子繳費憑證,N/A,N/A,N
3092,鴻碩,112740.00 ,合併財務報表之重要子公司-鴻碩蘇州公司,0.0375 ,營業額,ISO 50001
3094,聯傑,5375.00 ,母公司,19.6100 ,營業額,N
3130,一零四,7112.00 ,包含合併財務報表之母子公司全台營運據點,8.7100 ,員工人數,N
3138,耀登,2337.00 ,僅母公司,0.0000 ,營業額,N
3149,正達,167852.80 ,母公司,69.0468 ,"167,852.8公噸/個體營收淨額2,431百萬元",N
3164,景岳,21971.00 ,"110年	用水量(度)
1月	1539
2月	1091
3月	1684
4月	1631
5月	1923
6月	1936
7月	2119
8月	2176
9月	1939
10月	2052
11月	2039
12月	1842",585.2185 ,產品,N
3167,大量,195560.00 ,母公司,N/A,N/A,N
3189,景碩,5825706.00 ,母公司,1.5590 ,產品,N
3209,全科,1504.00 ,僅包括母公司台灣總部,3.1900 ,營業額,N
3229,晟鈦,97882.00 ,本公司110年自用水度數登記,N/A,N/A,N
3231,緯創,4090196.40 ,母公司(內湖總部/汐止辦公區/新竹廠)及全球主要營運與製造廠區(昆山廠、泰州廠、中山廠、重慶廠、成都廠、墨西哥廠、捷克廠及昆山光電廠),5.2000 ,單位:千噸取水量/十億元新台幣(以緯創全球主要製造廠區用水量/ 廠區營收做為計算基準),AA1000:2018
3257,虹冠電,1418.00 ,110年台水帳單資料,109.0000 ,營業額,N
3266,昇陽,N/A,N/A,N/A,N/A,N
3296,勝德,N/A,N/A,N/A,N/A,N
3305,昇貿,28543.00 ,110/1/1~110/12/31,N/A,N/A,N
3308,聯德,N/A,N/A,N/A,N/A,N
3311,閎暉,N/A,N/A,N/A,N/A,N
3312,弘憶股,N/A,N/A,N/A,N/A,N
3321,同泰,380526.00 ,母公司,2.6100 ,產品,N
3338,泰碩,N/A,N/A,N/A,N/A,N
3346,麗清,5150.00 ,2021/01~2021~12,N/A,N/A,N
3356,奇偶,N/A,N/A,N/A,N/A,N
3376,新日興,41230.00 ,僅母公司,N/A,N/A,N
3380,明泰,43780.00 ,2021/1/1~2021/12/31,0.0255 ,營業額,N
3406,玉晶光,43681.00 ,台中市大雅區科雅東路1號,N/A,N/A,N
3413,京鼎,N/A,N/A,N/A,N/A,N
3416,融程電,517.00 ,自來水水費單,N/A,N/A,N
3419,譁裕,2280.00 ,僅母公司,N/A,N/A,N
3432,台端,N/A,N/A,N/A,N/A,N
3437,榮創,63117.00 ,榮創能源科技股份有限公司,N/A,N/A,N
3443,創意,16161.00 ,本次報告書邊界為創意電子台灣地區，涵蓋新竹總部、新竹分部，未納入海外子公司,0.1070 ,營業額,N
3450,聯鈞,47207.00 ,母公司,N/A,N/A,N
3454,晶睿,11155.00 ,中和192+168,N/A,N/A,N
3481,群創,21307558.92 ,群創光電(母公司)及子公司：寧波群志光電、寧波群輝光電、佛山群志光電、 南京群志光電、 上海群志光電,60.8700 ,用水量(噸)/營業額(百萬元),ISO 14001
3494,誠研,15475.00 ,包含合併財務報表之母子公司,N/A,N/A,N
3501,維熹,N/A,N/A,N/A,N/A,N
3504,揚明光,82784.00 ,僅母公司,N/A,N/A,N
3515,華擎,4726.00 ,母公司,15.0000 ,員工人均用水量,N
3518,柏騰,N/A,N/A,N/A,N/A,N
3528,安馳,N/A,N/A,N/A,N/A,N
3530,晶相光,N/A,N/A,N/A,N/A,N
3532,台勝科,2998400.00 ,,0.2460 ,產品,N
3533,嘉澤,540927.00 ,本公司及廣州、蘇州、中山子公司,N/A,N/A,N
3535,晶彩科,5153.00 ,僅母公司,3.6630 ,以百萬元營業額為單位,N
3543,州巧,N/A,N/A,N/A,N/A,N
3545,敦泰,8.75 ,台灣新竹總部,0.0200 ,員工人數,N
3550,聯穎,N/A,N/A,N/A,N/A,N
3557,嘉威,410773.00 ,母公司及大陸子公司,0.0770 ,營業額,N
3563,牧德,84712.00 ,牧德科技股份有限公司,N/A,N/A,N
3576,聯合再生,682595.00 ,母公司(竹科廠、竹南廠及台南廠),56.7500 ,百萬營業額,N
3583,辛耘,306000.00 ,110年1月~110年12月,850.0000 ,產品,N
3588,通嘉,3137.89 ,營業額單位:新台幣/佰萬元,1.3625 ,營業額,N
3591,艾笛森,13200.00 ,僅母公司,13.7598 ,每百萬元營業額,N
3592,瑞鼎,5045.28 ,"公司無生產製程，用水主要生活用水，目前公司未有自己的水表，故採用推估方式，推估方式如下:每月用水量=每人每日生活用水量30公升*每月實際工作天數*每月總人數
110年年用水量=每月用水量加總",0.2100 ,每百萬營業額0.21公頓,N
3593,力銘,N/A,N/A,N/A,N/A,N
3596,智易,177567.70 ,台灣總部及中國與越南生產中心,0.0046 ,產品,N
3605,宏致,23513.00 ,東園廠及精工中心兩廠總度數,N/A,N/A,N
3607,谷崧,N/A,N/A,N/A,N/A,N
3617,碩天,N/A,N/A,N/A,N/A,N
3622,洋華,4592.00 ,母公司,3.1600 ,TON/百萬元營業額,N
3645,達邁,N/A,N/A,N/A,N/A,N
3652,精聯,4626.00 ,僅母公司,2.6578 ,佰萬營業額,N
3653,健策,813311.00 ,母公司,115.5000 ,營業額(百萬),ISO 14001
3661,世芯-KY,N/A,N/A,N/A,N/A,N
3665,貿聯-KY,534104.00 ,統計範圍涵蓋集團 17 個生產據點：昆山貿聯廠、昆山翔光廠、常州廠、深圳通盈廠、翔耀廠、康聯廠、廈門新視廠、百事聯廠、佛山城鉞廠、新加坡加冷廠、馬來西亞柔佛廠、馬來西亞檳城廠、塞爾維亞廠、斯洛伐克廠、加州廠、德州廠、墨西哥廠。,14.9000 ,營業額,"GRI Standard, AA1000 ASv3"
3669,圓展,16444.00 ,母公司,N/A,N/A,N
3673,TPK-KY,5620456.00 ,包含大陸廈門、平潭地區的各子公司。,0.0545 ,千元營業額,ISO 50001
3679,新至陞,4648.00 ,母公司110年01月~110年12月,361.5800 ,營業額,N
3686,達能,1130.00 ,包含合併財務報表之母子公司。,0.0000 ,營業額,N
3694,海華,181060.00 ,上海子公司廠區,113.1600 ,員工人數,N
3701,大眾控,N/A,N/A,N/A,N/A,N
3702,大聯大,26908.00 ,盤查範圍包含台灣區南港總部辦公室、林口倉、香港倉及東莞倉,11.0800 ,各據點員工合計數,依據確信準則公報一號進行驗證，指標揭露內容參照GRI 303
3703,欣陸,223453.00 ,母公司及主要營運子公司,8.3200 ,百萬營業額,ISO 14001，驗證範圍：鳳山、安平及淡水水資源回收中心
3704,合勤控,4596.00 ,母公司,3.5600 ,百萬營業額,N
3705,永信,N/A,N/A,N/A,N/A,N
3706,神達,457000.00 ,"合併財務報表之母子公司, 含台灣營運、研發中心及廠區; 中國主要生產據點: 廣東順達廠區、江蘇昆達廠區; 美國加州組裝廠區: MiTACIS",11.0000 ,營業額/單位為「百萬新台幣」,N
3708,上緯投控,12850.00 ,上緯興業股份有限公司及上偉碳纖複合材料股份有限公司,4.1200 ,百萬營業額,ISO 14001
3711,日月光投控,25872192.43 ,日月光半導體製造股份有限公司(高雄廠、中壢廠、蘇州廠、 威海廠、無錫廠、日榮半導體(上海)、上海材料廠、 上海月芯半導體、昆山廠、日本廠、韓國廠、 新加坡廠、馬來西亞廠、ISE Labs)、矽品精密工業股份有限公司(大豐廠、中山廠、中科廠、新竹廠、彰化廠、蘇州廠)、環電股份有限公司(南投廠、張江廠、昆山廠、金橋廠、深圳廠、墨西哥廠),1.2590 ,立方米/千美金營收,"GRI, SASB"
3712,永崴投控,243884.00 ,母公司及重要子公司,N/A,N/A,N
3714,富采,663.00 ,僅富采母公司,N/A,N/A,N
4104,佳醫,19972.00 ,僅母公司,0.0046 ,仟元營業額,N
4106,雃博,7414.00 ,母公司用水量(含民生用水),0.0063 ,單位：千元營收,N
4108,懷特,21249.00 ,台北公司及楊梅精製廠,N/A,N/A,N
4119,旭富,28000.00 ,僅母公司,N/A,N/A,N
4133,亞諾法,6058.00 ,資料含蓋範圍僅母公司。,N/A,N/A,N
4137,麗豐-KY,20274.00 ,子公司微碩(上海)日用品有限公司,N/A,N/A,N
4142,國光生,149308.00 ,僅母公司,N/A,N/A,N
4148,全宇生技-KY,N/A,N/A,N/A,N/A,N
4155,訊映,N/A,N/A,N/A,N/A,N
4164,承業醫,3628.00 ,包含合併財務報表之母子公司,1.4900 ,百萬營業額,N
4190,佐登-KY,6636.00 ,"台灣子公司:4,380公噸
廣州子公司:2,256公噸",N/A,N/A,N
4306,炎洲,789684.00 ,台灣總部及廠區,45.9800 ,百萬營業額,N
4414,如興,1760.29 ,中國常州廠區與柬埔寨長泰、宏興、如興三家水洗廠,N/A,N/A,依行業標準
4426,利勤,369969.00 ,110年全年用水量,231.0000 ,產品,N
4438,廣越,N/A,N/A,N/A,N/A,N
4439,冠星-KY,1646572.57 ,Top Sports Textile Limited,96.2764 ,產品,EMeRet
4440,宜新實業,N/A,N/A,N/A,N/A,N
4526,東台,22.50 ,母公司,0.0028 ,產品,N
4532,瑞智,5021.90 ,母公司,N/A,N/A,N
4536,拓凱,7.30 ,本公司,N/A,N/A,N
4540,全球傳動,58726.00 ,110年度,23.2400 ,營業額,N
4545,銘鈺,245658.00 ,母公司,215.0000 ,百萬營業額,N
4551,智伸科,444667.00 ,包含合併財務報表之母子公司,0.0012 ,產品,N
4552,力達-KY,N/A,N/A,N/A,N/A,N
4555,氣立,N/A,N/A,N/A,N/A,N
4557,永新-KY,N/A,N/A,N/A,N/A,N
4560,強信-KY,N/A,N/A,N/A,N/A,N
4562,穎漢,N/A,N/A,N/A,N/A,N
4564,元翎,143546.00 ,母公司及重要子公司,N/A,N/A,N
4566,時碩工業,N/A,N/A,N/A,N/A,N
4571,鈞興-KY,N/A,N/A,N/A,N/A,N
4572,駐龍,25691.00 ,母公司,63.5900 ,百萬營業額,N
4576,大銀微系統,36833.00 ,母公司之總部及二廠,11.5700 ,營業額單位為佰萬元,N
4581,光隆精密-KY,29398.00 ,合併財務報表之母子公司,0.0292 ,營業額,N
4583,台灣精銳,78382.00 ,母公司,0.0000 ,營業額,ISO14001
4720,德淵,11632.00 ,用水量係以母公司計算；排放密集度單位係以合併財務報表百萬營業額計算。,3.2761 ,營業額,N
4722,國精化,104656.00 ,母公司,N/A,N/A,N
4736,泰博,20424.00 ,年度總用水量,0.0038 ,營業額,N
4737,華廣,26423.00 ,母公司,26423.0000 ,營業額,N
4739,康普,46700.00 ,新竹廠及頭份廠,0.7933 ,取水量(百萬公升)/個體營收(億元),ISO 50001
4746,台耀,465041.00 ,母公司,146.7500 ,公噸/百萬營業額,N
4755,三福化,373107.00 ,僅母公司(善化廠、柳科廠、高雄廠),0.0833 ,營業額；單位：公噸  / 仟元,確信準則公報第一號
4763,材料-KY,589140.00 ,合併財務報表之母子公司,0.2170 ,營業額(仟元單位),N
4764,雙鍵,11011.00 ,母公司,3.5948 ,百萬營業額,N
4766,南寶,62951.00 ,僅母公司,0.0160 ,千元營收,N
4770,上品,49067.00 ,僅母公司,19.0595 ,百萬營業額,N
4807,日成-KY,N/A,N/A,N/A,N/A,N
4904,遠傳,249198.00 ,遠傳電信股份有限公司及兩家子公司(新世紀資通股份有限公司、和宇寬頻網路股份有限公司),0.0000 ,營業額,N
4906,正文,46900.00 ,正文科技股份有限公司,0.0023 ,營業額,N
4912,聯德控股-KY,28920.00 ,重要子公司聯德精密材料(中國)股份有限公司,17352.0000 ,產品,N
4915,致伸,916321.00 ,致伸科技及子公司東莞東聚、致伸重慶、致伸昆山、惠州迪芬尼、東莞迪芬尼及東城迪芬尼,12.7900 ,營業額,ISO 14046
4916,事欣科,N/A,N/A,N/A,N/A,N
4919,新唐,389290.00 ,僅含母公司(不含台南、竹北、北辦),36.8808 ,單位：公升/層-晶圓光罩,ISO 14001
4927,泰鼎-KY,3560000.00 ,包含合併財務報表之母子公司,240.0000 ,台幣百萬營收,N
4930,燦星網,N/A,N/A,N/A,N/A,N
4934,太極,N/A,N/A,N/A,N/A,N
4935,茂林-KY,N/A,N/A,N/A,N/A,N
4938,和碩,5234887.00 ,和碩企業總部、臺灣營運中心、上海昌碩、昆山世碩、蘇州名碩/康碩/凱碩、重慶旭碩/凱全、捷克製造中心、墨西哥營運中心、印尼廠,4.1400 ,每百萬營業額(元),N
4942,嘉彰,40228.00 ,110年度用水量統計,23.8645 ,百萬元營業額,N
4943,康控-KY,N/A,N/A,N/A,N/A,N
4952,凌通,5620.00 ,母公司,1.6112 ,百萬營業額,N
4956,光鋐,149581.00 ,110年1月~12月,N/A,N/A,N
4958,臻鼎-KY,13882000.00 ,大陸園區及台灣園區,82.9000 ,營業額,The AWS International Water Stewardship Standard V 2.0
4960,誠美材,622344.00 ,僅母公司,17.3560 ,產能(仟米平方),N
4961,天鈺,5354.00 ,僅含天鈺科技（母公司）新竹總部之據點,0.2969 ,0.2969立方公尺/百萬營業額,AA1000 Type 2 中度保證
4967,十銓,N/A,N/A,N/A,N/A,N
4968,立積,353.00 ,母公司,11.8000 ,員工人數(千人),N
4976,佳凌,N/A,N/A,N/A,N/A,N
4977,眾達-KY,13864.00 ,2021年合計,N/A,N/A,N
4989,榮科,310256.00 ,本公司,0.0270 ,產量(公斤),N
4994,傳奇,N/A,N/A,N/A,N/A,N
4999,鑫禾,40515.00 ,僅母公司,N/A,N/A,N
5007,三星,93.45 ,母公司,0.0146 ,百萬營業額,N
5203,訊連,6063.00 ,台北總公司,6063.0000 ,總公司辦公區堿空調循環用水及民生用水,N
5215,科嘉-KY,N/A,N/A,N/A,N/A,N
5222,全訊,12978.00 ,僅個別公司大順一廠,14.1527 ,百萬營業額,N
5225,東科-KY,N/A,N/A,N/A,N/A,N
5234,達興材料,102496.00 ,所有生產廠區,22.7100 ,百萬營業額,N
5243,乙盛-KY,N/A,N/A,N/A,N/A,N
5244,弘凱,N/A,N/A,N/A,N/A,N
5258,虹堡,N/A,N/A,N/A,N/A,N
5269,祥碩,2218.00 ,"範圍: 110/1/1~12/31, 祥碩總公司辦公室",36.9113 ,營業額(億元),N
5283,禾聯碩,N/A,N/A,N/A,N/A,N
5284,jpp-KY,92730.00 ,泰國經寶精密工業股份有限公司,61159.0000 ,製程,ISO14001 No. 44 104 082456
5285,界霖,159539.00 ,界霖科技楠梓廠區,N/A,N/A,N
5288,豐祥-KY,231474.00 ,主要營運子公司台灣豐祥及越南VPIC1,0.0404 ,仟元營業額,ISO 14001
5306,桂盟,3000.00 ,母公司,3.2800 ,營業額,N
5388,中磊,48316.67 ,本公司(台北辦公室+竹南廠),32.3100 ,員工人數(台北+竹南),N
5434,崇越,5.23 ,台北總部,0.0000 ,營業額,N
5469,瀚宇博,370118.00 ,110年度,0.1564 ,產品,N
5471,松翰,2766.00 ,僅母公司,0.0005 ,營業額(新台幣仟元),N
5484,慧友,2568.00 ,母公司110年用水量,7.0400 ,"母公司110年用水量為2568公噸,平均每天用水量為7.04公噸",N
5515,建國,1499.00 ,企業總部,3.7500 ,人,N
5519,隆大,N/A,N/A,N/A,N/A,N
5521,工信,23235.00 ,僅母公司,78.2300 ,員工人數,N
5522,遠雄,3320.00 ,僅母公司,21.7000 ,員工人數,N
5525,順天,N/A,N/A,N/A,N/A,N
5531,鄉林,3.29 ,母公司,3.2890 ,員工人數,N
5533,皇鼎,N/A,N/A,N/A,N/A,N
5534,長虹,N/A,N/A,N/A,N/A,N
5538,東明-KY,N/A,N/A,N/A,N/A,N
5546,永固-KY,N/A,N/A,N/A,N/A,N
5607,遠雄港,N/A,N/A,N/A,N/A,N
5608,四維航,17624.51 ,母公司總部辦公室和子孫公司船舶,24.3769 ,總取水量/(海勤船員+辦公室員工人數),N
5706,鳳凰,N/A,N/A,N/A,N/A,N
5871,中租-KY,83354.13 ,全企業，資料出處:2021年CSR報告書,1.1600 ,營業額,N
5876,上海商銀,53100.00 ,僅母公司,2.2506 ,分母為百萬元營業額,1.確信準則公報第一號
5880,合庫金,288706.00 ,合庫金控及各子公司，合計306處據點(不含國外),5.3100 ,淨收益佰萬元,ISO 14064-1:2018 類別4.1：源自採購商品的排放
5906,台南-KY,N/A,N/A,N/A,N/A,N
5907,大洋-KY,N/A,N/A,1022500.0000 ,度,N
6005,群益證,3.82 ,母公司,N/A,N/A,N
6024,群益期,3783.00 ,全台營運據點,1.7182 ,營業額 百萬元,N
6108,競國,535500.00 ,僅母公司,0.2800 ,產品,N
6112,邁達特,4819.00 ,台北總公司及高雄分公司,4819.0000 ,營業額,本公司用水量數據經2021永續報告書驗證。
6115,鎰勝,5497.00 ,僅母公司,N/A,N/A,N
6116,彩晶,5055.22 ,母公司及子公司(南京瀚宇彩欣科技有限責任公司),0.1090 ,母公司的內湖營業所密集度為0.002百萬公升 /樓地板面積(坪)；母公司的南科廠為0.001 百萬公升 /投片面積(m2)；子公司(南京)為0.106 百萬公升 /投片量(片),N
6117,迎廣,45172.00 ,母公司,19.5400 ,營業額,N
6120,達運,108.90 ,包含本公司及合併財務報表內子公司,N/A,N/A,N
6128,上福,17060.00 ,上福全球在台灣營運據點為主（包含本廠、二廠及三廠）,0.0010 ,產品,N
6133,金橋,N/A,N/A,N/A,N/A,N
6136,富爾特,0.09 ,母公司,N/A,N/A,N
6139,亞翔,1991.00 ,新竹廠區總用水量,N/A,N/A,N
6141,柏承,N/A,N/A,N/A,N/A,N
6142,友勁,30578.00 ,母公司,12.3336 ,單位:公噸/百萬營業額,N
6152,百一,2705.00 ,1100101~1101231,N/A,N/A,N
6153,嘉聯益,663378.00 ,僅母公司樹林廠,N/A,N/A,N
6155,鈞寶,53224.00 ,母公司,N/A,N/A,N
6164,華興,N/A,N/A,N/A,N/A,N
6165,浪凡,N/A,N/A,N/A,N/A,N
6166,凌華,13167.00 ,母公司,1.0468 ,人員數量,N
6168,宏齊,50860.20 ,母公司,0.0170 ,營業額,N
6176,瑞儀,1837000.00 ,台灣與中國大陸製造廠區,0.0002 ,原物料塑膠粒投料量(公斤),N
6177,達麗,N/A,N/A,N/A,N/A,N
6183,關貿,10.19 ,總公司位於南港軟體園區，各進駐戶無獨立之水錶，僅有分攤數值,0.0046 ,用水(噸)/營業額(百萬),N
6184,大豐電,N/A,N/A,N/A,N/A,N
6189,豐藝,3471.00 ,母公司及子公司勁豐,N/A,N/A,N
6191,精成科,3990356.00 ,包含合併財務報表之母子公司,144.4700 ,百萬營業額,N
6192,巨路,N/A,N/A,N/A,N/A,N
6196,帆宣,59170.00 ,母公司廠區,59170.0000 ,產品,N
6197,佳必琪,N/A,N/A,N/A,N/A,N
6201,亞弘電,15509.00 ,母公司,N/A,N/A,N
6202,盛群,15674.00 ,本公司台灣總部,2.3695 ,百萬營業額,N
6205,詮欣,N/A,N/A,N/A,N/A,N
6206,飛捷,11099.00 ,飛捷母公司,23.0000 ,人均用水度數,N
6209,今國光,166476.00 ,今國集團,N/A,N/A,N
6213,聯茂,38503.00 ,母公司,N/A,N/A,ISO 14001:2015版
6214,精誠,17426.00 ,僅母公司,15.3700 ,員工人數,N
6215,和椿,1622.00 ,母公司,1.1227 ,百萬營業額,N
6216,居易,4466.00 ,生活污水,N/A,N/A,N
6224,聚鼎,24079.00 ,母公司,N/A,N/A,N
6225,天瀚,N/A,N/A,N/A,N/A,N
6226,光鼎,N/A,N/A,N/A,N/A,N
6230,尼得科超眾,10233.00 ,"中興廠、興德廠、陞泰廠
中興廠、興德廠、陞泰廠",0.9300 ,營業額,N
6235,華孚,N/A,N/A,N/A,N/A,N
6239,力成,2617123.00 ,僅母公司,51.0500 ,營業額(百萬)以台灣地區計算,ISO 14046
6243,迅杰,690.00 ,母公司,0.8364 ,百萬營業額,N
6257,矽格,325.90 ,所有廠區及子公司,N/A,N/A,N
6269,台郡,780441.00 ,僅母公司,0.8000 ,產品,N
6271,同欣電,970669.00 ,母公司,96.0800 ,百萬產值,N
6277,宏正,19878.43 ,範疇一+範疇二,5.9100 ,營業額,N
6278,台表科,64874.00 ,母公司,0.9900 ,百萬營業額,N
6281,全國電,N/A,N/A,N/A,N/A,N
6282,康舒,906930.00 ,2021年康舒科技股份有限公司永續報告書,4140.0240 ,新臺幣每億元營業收入,ISO 14046
6283,淳安,N/A,N/A,N/A,N/A,N
6285,啟,453915.00 ,總部、力行廠、南科廠、啟佳、啟新、啟基永昌（昆山）、啟基永昌（南京）、越南廠,6.7500 ,新臺幣百萬元營收,AA1000 保證標準v3
6288,聯嘉,33684.00 ,"組織邊界

台灣總公司(聯嘉光電股份有限公司)
地址：350苗栗縣竹南鎮科東一路2號

外倉
地址：350苗栗縣竹南鎮和興路364號",33684.0000 ,營業額,N
6405,悅城,173103.00 ,110年,126954.0000 ,製程用水,N
6409,旭隼,0.17 ,"1.包含合併財務報表之母子公司
2.旭隼科技在台灣、大陸及越南，均位於工業區辦公大樓，在生產製造時無需耗用水資源（即無工業用水需求），僅須使用員工生活用水、而其來源均為市政供水，其取得及排放均依市政供水規定。",0.2772 ,員工生活用水,採用ISAE3000及ISAE3410進行確信
6412,群電,725699.40 ,群電台北總公司、群電東莞廠、群電蘇州廠、群電重慶廠、群電泰國廠,0.0179 ,營業額,N
6414,樺漢,3272.00 ,僅母公司,N/A,N/A,N
6415,矽力*-KY,12879.00 ,母公司包含杭州子公司(重要子公司),59.8900 ,營業額,N
6416,瑞祺電通,5.80 ,母公司,3.5859 ,營業額,N
6426,統新,29483.00 ,母公司,N/A,N/A,N
6431,光麗-KY,N/A,N/A,N/A,N/A,N
6438,迅得,6117.00 ,僅母公司,0.0000 ,營業額,N
6442,光聖,18942.00 ,僅母公司,N/A,N/A,N
6443,元晶,371000.00 ,110年新竹廠用水統計,736.5200 ,單位：MW,N
6446,藥華藥,17642.00 ,僅台灣製造廠區,N/A,N/A,N
6449,鈺邦,N/A,N/A,N/A,N/A,N
6451,訊芯-KY,534279.00 ,2021.1~2021.12訊芯電子科技(中山)有限公司及訊芸電子科技(中山)有限公司之廣東省中山市廠區,4.2500 ,噸/萬元產值，訊芯電子科技(中山)有限公司及訊芸電子科技(中山)有限公司之廣東省中山市廠區,N
6456,GIS-KY,2028467.00 ,所有廠區及子公司，不包含於2021年初期營運之業泓台灣公司,14.6000 ,百萬營業額,N
6464,台數科,1.03 ,僅母公司,N/A,N/A,N
6472,保瑞,73652.00 ,竹南廠及台南廠,15.0130 ,營業額,N
6477,安集,18717.00 ,20210101-20211231,0.0190 ,m3/ 百萬台幣,N
6491,晶碩,323400.00 ,晶碩大溪廠及龜山廠,0.0000 ,每百萬單位產品用水量436公噸,N
6504,南六,327866.00 ,110/1/1-110/12/31,N/A,N/A,N
6505,台塑化,2213182971.00 ,母公司,3569.0000 ,百萬營業額,ISO 14046:2014
6515,穎崴,N/A,N/A,N/A,N/A,N
6525,捷敏-KY,190596.00 ,包含合併財務報表之子公司,0.0346 ,產品,N
6531,愛普*,N/A,N/A,N/A,N/A,N
6533,晶心科,1942.00 ,僅母公司,N/A,N/A,N
6541,泰福-KY,N/A,N/A,N/A,N/A,N
6550,北極星藥業-KY,N/A,N/A,N/A,N/A,N
6552,易華電,560329.00 ,易華公司,0.0009 ,產品,N
6558,興能高,N/A,N/A,N/A,N/A,N
6573,虹揚-KY,N/A,N/A,N/A,N/A,N
6579,研揚,4635.00 ,僅母公司,4635.0000 ,營業額,N
6581,鋼聯,58055.00 ,僅母公司。,0.3890 ,服務,N
6582,申豐,286826.00 ,母公司,2.1500 ,產品,N
6585,鼎基,77808.00 ,母公司,77808.0000 ,營業額,N
6591,動力-KY,N/A,N/A,N/A,N/A,N
6592,和潤企業,N/A,N/A,N/A,N/A,N
6598,ABC-KY,N/A,N/A,N/A,N/A,N
6605,帝寶,N/A,N/A,N/A,N/A,ISO 14001
6625,必應,N/A,N/A,N/A,N/A,N
6641,基士德-KY,9031.00 ,合併報表之子公司之一-川源(中國)平湖廠區,6.0611 ,百萬營業額,N
6655,科定,N/A,N/A,N/A,N/A,N
6666,羅麗芬-KY,16980.00 ,子公司嘉文麗（福建）化妝品有限公司,0.0149 ,產品,N
6668,中揚光,35708.00 ,110/1/1~110/12/31的用水噸數,5.9200 ,營業額,N
6669,緯穎,124233.00 ,母公司及及全球有製造廠區的子公司（墨西哥子公司Wiwynn Mexico S.A. de C.V，簡稱WYMX),26.2927 ,員工人數(母公司及WYMX),N
6670,復盛應用,119783.00 ,桃園廠,119783.0000 ,產品,N
6671,三能-KY,N/A,N/A,N/A,N/A,N
6672,騰輝電子-KY,207160.00 ,合併財務報表之子公司生產型廠區,0.0270 ,千元營業額,N
6674,鋐寶科技,49850.90 ,母公司,N/A,N/A,N
6691,洋基工程,N/A,N/A,N/A,N/A,N
6698,旭暉應材,40227.00 ,僅母公司,N/A,N/A,N
6706,惠特,31167.00 ,僅母公司,0.0055 ,營業額,N
6715,嘉基,20802.63 ,母公司及合併財務報表之大陸地區子公司,N/A,N/A,N
6719,力智,N/A,N/A,N/A,N/A,N
6743,安普新,N/A,N/A,N/A,N/A,N
6754,匯僑設計,N/A,N/A,N/A,N/A,N
6756,威鋒電子,2681.00 ,母公司,N/A,N/A,N
6768,志強-KY,765.00 ,僅台灣母公司辦公大樓。,N/A,N/A,N
6770,力積電,6030552.00 ,母公司,67.0200 ,產品,CSR驗證
6776,展眥篕,7467.00 ,包含合併財務報表之母子公司,0.3500 ,百萬營業額,N
6781,AES-KY,20.74 ,嘉普+兆普,57.9400 ,人均用水量(公升),N
6789,采鈺,351715000.00 ,采鈺新竹廠,16.3400 ,公升/ 8吋晶圓當量-層,N
6790,永豐實,1410410.00 ,臺灣紙品工廠：楊梅廠、清水廠,13.6500 ,產品,ISO 14001
6792,詠業,24221.00 ,母公司,N/A,N/A,N
6796,晉弘,N/A,N/A,N/A,N/A,N
6799,來頡,285.00 ,母公司,0.2702 ,營業額單位為佰萬元,N
6806,森崴能源,3763.00 ,僅母公司,35.8400 ,平均每人使用量,N
6807,峰源-KY,N/A,N/A,N/A,N/A,N
8011,台通,N/A,N/A,N/A,N/A,N
8016,矽創,N/A,N/A,N/A,N/A,N
8021,尖點,28247.00 ,僅母公司,0.0001 ,產品,N
8028,昇陽半導體,769184.00 ,僅母公司,2.4280 ,產品,N
8033,雷虎,3031.20 ,110年1月-110年12月,0.0248 ,營業額以仟元計算,N
8039,台虹,86206.00 ,母公司,2.4019 ,產品,N
8046,南電,5480000.00 ,母公司,80.7000 ,噸/百萬營業額,N
8070,長華*,1789952.00 ,包含合併財務報表之母子公司,0.0866 ,營業額,N
8072,陞泰,N/A,N/A,N/A,N/A,N
8081,致新,9186.00 ,母公司,1.1600 ,營業額,N
8101,華冠,N/A,N/A,N/A,N/A,N
8103,瀚荃,N/A,N/A,N/A,N/A,N
8104,錸寶,167753.00 ,母公司-錸寶,103.5900 ,營業額,N
8105,凌巨,2849321.00 ,母公司及子公司KGO,N/A,N/A,N
8110,華東,1043123.00 ,僅母公司，110年1月~110年12月,0.0006 ,產品,N
8112,至上,N/A,N/A,N/A,N/A,N
8114,振樺電,14423.00 ,110年1月~12月,546.7400 ,每億營業額,N
8131,福懋科,1923909.00 ,母公司,0.9901 ,產品,N
8150,南茂,1798515.00 ,母公司(台灣六個廠區),65.6400 ,百萬營業額,N
8163,達方,526306.00 ,台灣廠區+中國廠區,26.3974 ,百萬營業額,N
8201,無敵,N/A,N/A,N/A,N/A,N
8210,勤誠,153360.00 ,母公司+子公司工廠,0.0160 ,營業額,N
8213,志超,722756.00 ,僅母公司,1825.1400 ,(度/人),N
8215,明基材,451700.00 ,桃園廠區、雲林廠區及大陸廠區,2.7400 ,百萬公升/億元營業額,N
8222,寶一,12233.00 ,目前無相關資料,N/A,N/A,N
8249,菱光,1072.00 ,母公司,N/A,N/A,N
8261,富鼎,2688.41 ,僅母公司,21.0000 ,服務,N
8271,宇瞻,9180.00 ,僅母公司,0.0010 ,營業額,N
8341,日友,288030.00 ,母公司(雲林廠及彰濱廠),10.8350 ,焚化量,N
8367,建新國際,17962.00 ,僅母公司,11.2900 ,百萬營業額,N
8374,羅昇,429.00 ,新北辦公室,N/A,N/A,N
8404,百和興業-KY,987125.00 ,江蘇百宏複合材料科技股份有限公司(原公司名稱:無錫百和織造股份有限公司)、東莞百宏實業有限公司、越南百宏責任有限公司,N/A,N/A,N
8411,福貞-KY,800468.00 ,集團所屬生產基地,N/A,N/A,N
8422,可寧衛,42784.00 ,可寧衛、吉衛、大寧(股)公司,0.2754 ,公噸廢棄物處理量,N
8429,金麗-KY,15534.00 ,合併財務報表之母子公司,N/A,N/A,N
8438,昶昕,22123.00 ,大園廠、大園一廠、海湖廠、含銅廢液處理廠、蘆竹廠,N/A,N/A,N
8442,威宏-KY,N/A,N/A,N/A,N/A,N
8443,阿瘦,16861.00 ,僅母公司,N/A,N/A,N
8454,富邦媒,48810.00 ,2021年揭露範圍：總部大樓、北區物流中心、4個主倉(蘆竹、林口、蘆四、南工),17.6200 ,員工用水密集度：當年度用水量(度) / 當年度年底總部總雇用人數、北區物流中心、4個主倉(蘆竹、林口、蘆四、南工)實際常駐人數(含派遣公司進駐人員),N
8462,柏文,467637.00 ,包含合併財務報表之母子公司,179.4463 ,百萬營業額,N
8463,潤泰材,581735.00 ,宜蘭冬山廠冷卻用水,N/A,N/A,N
8464,億豐,N/A,N/A,N/A,N/A,N
8466,美吉吉-KY,N/A,N/A,N/A,N/A,N
8467,波力-KY,186598.00 ,2021年,N/A,N/A,N
8473,山林水,N/A,N/A,N/A,N/A,N
8476,台境,N/A,N/A,N/A,N/A,N
8478,東哥遊艇,7434.00 ,僅母公司,354.0000 ,總用水量( 公噸) / 營收( 億元),N
8481,政伸,15329.00 ,僅母公司,16.4474 ,百萬營業額,N
8482,商億-KY,N/A,N/A,N/A,N/A,N
8488,吉源-KY,N/A,N/A,N/A,N/A,N
8499,鼎炫-KY,N/A,N/A,N/A,N/A,N
8926,台汽電,960000.00 ,台灣汽電共生股份有限公司 官田汽電共生廠,N/A,N/A,N
8940,新天地,N/A,N/A,N/A,N/A,N
8996,高力,8229.00 ,母公司,3.6900 ,百萬營業額,N
9802,鈺齊-KY,618365.00 ,合併財務報表之母子公司,N/A,N/A,N
9902,台火,N/A,N/A,N/A,N/A,N
9904,寶成,14216800.00 ,本公司製鞋廠區,N/A,N/A,N
9905,大華,100007.00 ,母公司,37.0262 ,百萬營業額,N
9906,欣巴巴,N/A,N/A,N/A,N/A,N
9907,統一實,1243739.00 ,用水量為台灣總公司之總取水量,1.2900 ,產品,N
9908,大台北,15726.00 ,母公司自有大樓及辦公場所,0.5072 ,營業額每10萬元,N
9910,豐泰,1657513.00 ,包含合併財務報表之母子公司,0.0133 ,每雙鞋,N
9911,櫻花,12.00 ,僅母公司,N/A,N/A,N
9912,偉聯,N/A,N/A,N/A,N/A,N
9914,美利達,118641.00 ,僅母公司,5.0626 ,營業額單位為佰萬元,N
9917,中保科,52006.00 ,母公司,7.2431 ,計算標準:排放量/每百萬元營收,N
9918,欣天然,1840.00 ,欣欣大樓,1840.0000 ,營業額,N
9919,康那香,226983.00 ,僅個體公司所有製造廠區(不含分公司),19.2200 ,產量(噸),N
9921,巨大,211100.00 ,僅母公司日南廠,0.0184 ,單台,N
9924,福興,50923.00 ,僅母公司,10.1846 ,百萬營業額,N
9925,新保,5807.00 ,母公司,N/A,N/A,N
9926,新海,7411.00 ,僅本公司,N/A,N/A,N
9927,泰銘,29629.00 ,全廠,0.9848 ,產品,N
9928,中視,N/A,N/A,N/A,N/A,N
9929,秋雨,9600.00 ,僅母公司,N/A,N/A,N
9930,中聯資源,220000.00 ,僅母公司,22.2525 ,公噸/百萬營業額,N
9931,欣高,N/A,N/A,N/A,N/A,N
9933,中鼎,192542.00 ,中鼎總部大樓加上全球工地用水量,8346.2437 ,百萬工時,N
9934,成霖,3963.00 ,母公司,N/A,N/A,N
9935,慶豐富,21012.00 ,僅母公司,0.0044 ,營業額,N
9937,全國,394051.00 ,涵蓋本公司所有營運據點及同為經營加油站之子公司埔祥開發(股)公司及上員(股)公司,0.1189 ,公噸/單位洗車用水量,N
9938,百和,30674.41 ,台灣百和工業股份有限公司,3.8558 ,產品,N
9939,宏全,1580417.00 ,僅母公司,N/A,N/A,N
9940,信義,73026.00 ,信義房屋股份有限公司,14.3400 ,員工人數,ISO46001
9941,裕融,7636.00 ,母公司+子公司新鑫、裕富數位,6.1630 ,人,N
9942,茂順,N/A,N/A,N/A,N/A,N
9943,好樂迪,264264.00 ,全省門市,157.1218 ,用水密集度(264264)/其他-營收百萬元(1682),N
9944,新麗,9848.00 ,新麗八德廠,10.7066 ,產品,N
9945,潤泰新,581735.00 ,冬山廠(子公司)冷卻用水,N/A,N/A,N
9946,三發地產,N/A,N/A,N/A,N/A,N
9955,佳龍,14216.00 ,包含合併財務報表之母子公司,N/A,N/A,N
9958,世紀鋼,14025.00 ,桃園市觀音區中山路一段1119號,N/A,N/A,N
