id,name,scope1_ton_CO2e,scope1_boundary,scope1_ISO,scope2_ton_CO2e,scope2_boundary,scope2_ISO,scope3_ton_CO2e,scope3_boundary,scope3_ISO,intensity_ton_CO2e,intensity_unit
1101,台泥,4314312.00 ,台泥台灣個體公司 (涵蓋企業團營運總部、研究室、2座水泥廠、24座製品廠),ISO 14064,218480.00 ,台泥台灣個體公司 (涵蓋企業團營運總部、研究室、2座水泥廠、24座製品廠),ISO 14064,17428.00 ,台泥台灣個體公司(涵蓋營運企業團總部、研究室、2座水泥廠),ISO 14064,0.80 ,產品
1102,亞泥,2924606.47 ,亞洲水泥個體公司,ISO 14064,184773.12 ,亞洲水泥個體公司,ISO 14064,97238.86 ,亞洲水泥個體公司,ISO 14064,0.84 ,產品
1103,嘉泥,834.85 ,包含合併財務報表之母子公司,ISO 14064,6807.56 ,包含合併財務報表之母子公司,ISO 14064,1956.70 ,包含合併財務報表之母子公司,ISO 14064,0.00 ,百萬元營業額
1104,環泥,34528.66 ,母公司,N,20707.60 ,母公司,N,N/A,N/A,N,0.01 ,新台幣千元產值
1108,幸福,526010.00 ,幸福水泥(股)公司東澳廠,ISO 14064,38629.00 ,幸福水泥(股)公司東澳廠,ISO 14064,N/A,N/A,N,0.52 ,產品
1109,信大,479891.48 ,母公司(台北總公司、宜蘭南聖湖工廠、太白山礦區),ISO 14064,37922.41 ,母公司(台北總公司、宜蘭南聖湖工廠、太白山礦區),ISO 14064,13837.24 ,母公司(台北總公司、宜蘭南聖湖工廠、太白山礦區),ISO 14064,75.12 ,百萬元營業額
1110,東泥,2570.00 ,僅母公司,N,17073.00 ,僅母公司,N,N/A,N/A,N,0.03 ,總生產量(噸)
1201,味全,11760.23 ,"1.母公司(公司、中央研究所、營業所、台中廠、斗六廠、高雄廠)
2.直接擁有或控制的排放源所直接排放的溫室氣體
  含2-1營業所/工廠購汽油柴油鍋爐天燃氣等排放及辦公室人員活動之溫室氣體排放
  含2-2工廠購原料之製麴、發酵雙醣等於製程中排放。",N,20663.67 ,"1.母公司(含總公司、中央研究所、營業所、台中廠、斗六廠、高雄廠)
2.外購電力產生溫室氣體排放",N,N/A,N/A,N,4.00 ,百萬元營業額
1203,味王,5754.82 ,僅母公司,N,10013.07 ,僅母公司,N,N/A,N/A,N,4.40 ,百萬元營業額
1210,大成,N/A,N/A,N,N/A,N/A,N,N/A,N/A,N,N/A,N/A
1213,大飲,705.75 ,僅母公司,N,N/A,N/A,N,N/A,N/A,N,N/A,N/A
1215,卜蜂,34271.00 ,南投肉食品加工廠、台中飼料廠、高雄飼料廠、雲林飼料廠,N,41031.00 ,南投肉食品加工廠、台中飼料廠、高雄飼料廠、雲林飼料廠,N,N/A,N/A,N,5.20 ,南投肉食品加工廠:5.2噸CO2e/百萬營收 ; 飼料廠:0.0258噸CO2e/產量(噸)
1216,統一,63364.64 ,僅母公司,ISO 14064,100999.43 ,僅母公司,ISO 14064,1430005.67 ,僅母公司,ISO 14064,35.21 ,營業收入千萬元
1217,愛之味,1074.81 ,母公司之天然氣,N,12998.87 ,母公司之外購電力、外購蒸氣,N,N/A,N/A,N,1.93 ,產品
1218,泰山,3407.88 ,泰山企業所屬田中油脂廠、田中食品廠、水產飼料廠、田中行政大樓、台北長安大樓辦公室。,N,6607.74 ,泰山企業所屬田中油脂廠、田中食品廠、水產飼料廠、田中行政大樓、台北長安大樓辦公室。,N,1912.96 ,泰山企業所屬田中油脂廠、田中食品廠、水產飼料廠、田中行政大樓、台北長安大樓辦公室。,N,1.04 ,百萬元營業額
1219,福壽,7577.84 ,資料涵蓋範圍母公司三個主要生產廠域(沙鹿廠、台中港廠、鹿港廠),ＩＳＯ　１４０６４－１,11729.38 ,資料涵蓋範圍母公司三個主要生產廠域(沙鹿廠、台中港廠、鹿港廠),ＩＳＯ　１４０６４－１,4079.83 ,資料涵蓋範圍母公司三個主要生產廠域(沙鹿廠、台中港廠、鹿港廠),ＩＳＯ　１４０６４－１,1.43 ,千元營業額
1220,台榮,15738.29 ,本公司雲林廠,ISO 14064 part I,15266.69 ,本公司雲林廠,ISO 14064 part I,N/A,N/A,N,0.27 ,產品
1225,福懋油,3304.51 ,母公司,N,2861.48 ,母公司,N,N/A,N/A,N,N/A,N/A
1227,佳格,11520.00 ,佳格集團總部、佳格大園廠、中壢廠、佳乳湖口廠,N,16213.00 ,佳格集團總部、佳格大園廠、中壢廠、佳乳湖口廠,N,3993.00 ,佳格集團總部、佳格大園廠、中壢廠、佳乳湖口廠,N,0.02 ,萬元營業額
1229,聯華,1277.54 ,"母公司-聯華實業投資控股(股)公司以及
子公司-聯華製粉食品(股)公司、聯華置產(股)公司",ISO 14064-1:2018,16358.18 ,"母公司-聯華實業投資控股(股)公司以及
子公司-聯華製粉食品(股)公司、聯華置產(股)公司",ISO 14064-1:2018,3223.58 ,"母公司-聯華實業投資控股(股)公司以及
子公司-聯華製粉食品(股)公司、聯華置產(股)公司用水、廢棄物和商務差旅",ISO 14064-1:2018,2.39 ,百萬元營業額
1231,聯華食,8747.13 ,臺灣地區各工廠之所有營運相關之活動,N,16853.49 ,臺灣地區各工廠之所有營運相關之活動,N,N/A,N/A,N,2.38 ,百萬元營業額
1232,大統益,29545.13 ,僅母公司,ISO 14064,64871.39 ,僅母公司,ISO 14064,N/A,N/A,N,4.67 ,百萬元營業額
1233,天仁,869.73 ,本公司天仁茶業股份有限公司直營單位,N,2630.88 ,本公司天仁茶業股份有限公司直營單位,N,N/A,N/A,N,1.92 ,百萬元營業額
1234,黑松,9170.64 ,黑松總公司、中壢廠、斗六廠,ISO 14064,15087.33 ,黑松總公司、中壢廠、斗六廠,ISO 14064,6302.32 ,黑松總公司、中壢廠、斗六廠,ISO 14064,0.16 ,產品
1235,興泰,919.29 ,依108年製成排放量檢測結果換算111年母子公司排放量,N,208.38 ,依111年台灣電力公司記錄排放量資訊之母子公司排放量,N,N/A,N/A,N,0.02 ,千元營業額
1236,宏亞,2475.00 ,母子公司,N,8569.00 ,母子公司,N,N/A,N/A,N,4.60 ,百萬元營業額
1256,鮮活果汁-KY,2096.90 ,子公司：蘇州鮮活飲品股份有限公司,ISO 14064,13345.04 ,子公司：蘇州鮮活飲品股份有限公司,ISO 14064,N/A,N/A,N,0.00 ,千元營業額
1301,台塑,3338612.00 ,母公司,ISO 14064,4605137.00 ,母公司,ISO 14064,11298608.00 ,母公司,ISO 14064,40.72 ,百萬元營業額
1303,南亞,1628833.19 ,揭露母公司111年度溫室氣體排放量。,ISO 14064,2955506.84 ,揭露母公司111年度溫室氣體排放量。,ISO 14064,6383122.05 ,揭露母公司111年度溫室氣體排放量。,ISO 14064,27.10 ,百萬元營業額
1304,台聚,25483.00 ,台聚高雄廠+龜山研發處+台北總部(個體公司),ISO 14064,117786.00 ,台聚高雄廠+龜山研發處+台北總部(個體公司),ISO 14064,130.00 ,台聚高雄廠,ISO 14064,0.69 ,產品
1305,華夏,161650.00 ,個體公司(華夏公司)及合併財報子公司(華聚、台氯、寰靖公司),ISO 14064,185440.00 ,個體公司(華夏公司)及合併財報子公司(華聚、台氯、寰靖公司),ISO 14064,N/A,N/A,N,0.33 ,產品
1307,三芳,8242.10 ,母公司,ISO 14064,22268.80 ,母公司,ISO 14064,N/A,N/A,N,18.49 ,百萬元營業額
1308,亞聚,10443.52 ,母公司(林園廠及台北總部),ISO 14064,101531.43 ,母公司(林園廠及台北總部),ISO 14064,220420.66 ,母公司(林園廠及台北總部),ISO 14064,0.86 ,產品
1309,台達化,15223.00 ,台北辦、前鎮廠、林園廠、頭份廠(個體公司),ISO 14064,50227.00 ,台北辦、前鎮廠、林園廠、頭份廠(個體公司),ISO 14064,114224.00 ,台北辦、前鎮廠、林園廠、頭份廠(個體公司),ISO 14064,0.21 ,產品
1310,台苯,199683.07 ,台苯高雄廠,ISO 14064,29524.44 ,台苯高雄廠,ISO 14064,N/A,N/A,N,0.69 ,產品
1312,國喬,318971.98 ,僅母公司,ISO 14064,36899.65 ,僅母公司,ISO 14064,827392.24 ,僅母公司,ISO 14064,19.58 ,百萬元營業額
1313,聯成,40948.93 ,母公司林園廠,ISO 14064,15118.83 ,母公司林園廠,ISO 14064,N/A,N/A,N,0.46 ,產品
1314,中石化,796727.00 ,僅母公司,採用ISO 14064驗證標準，預計2023年8月份取得,192690.00 ,僅母公司,採用ISO 14064驗證標準，預計2023年8月份取得,1331732.00 ,僅母公司,採用ISO 14064驗證標準，預計2023年8月份取得,395324.00 ,百萬元營業額
1315,達新,N/A,N/A,N,2688.00 ,母公司,N,N/A,N/A,N,N/A,N/A
1316,上曜,0.00 ,包含本公司及營造業子公司上裕營造和永輝室內裝修辦公室工務所及建案餘屋,N,213.81 ,包含本公司及營造業子公司上裕營造和永輝室內裝修辦公室工務所及建案餘屋,N,6.49 ,包含本公司及營造業子公司上裕營造和永輝室內裝修辦公室工務所及建案餘屋,N,0.01 ,平方公尺
1319,東陽,9512.80 ,母公司,N,52198.31 ,母公司,N,N/A,N/A,N,3.93 ,百萬元營業額
1321,大洋,3491.00 ,母公司,N,40180.00 ,母公司,N,1506.00 ,母公司,N,0.31 ,產品
1323,永裕,441.62 ,"永裕塑膠:285.70噸(無驗證)
上海永裕:148.293噸(有驗證)
威瑪精密:7.63噸(無驗證)",ISO 14064,21450.56 ,"永裕塑膠:11,912.35噸(無驗證)
上海永裕:9,477.021噸(有驗證)
威瑪精密:61.19噸(無驗證)",ISO 14064,2738.18 ,僅母公司永裕塑膠,N,0.01 ,"永裕塑膠12,198.05(噸)/1,816,611千元營業額=0.0067"
1324,地球,4338.76 ,母公司(幼一二廠),ISO 14064,2007.62 ,母公司(幼一二廠),ISO 14064,2841.09 ,母公司(幼一二廠),ISO 14064,9.35 ,百萬元營業額
1325,恆大,N/A,N/A,N,N/A,N/A,N,N/A,N/A,N,N/A,N/A
1326,台化,4698681.00 ,資料係111年度母公司及台醋經第三方查證數據。,ISO 14064,3166588.00 ,資料係111年度母公司及台醋經第三方查證數據。,ISO 14064,14488269.07 ,資料係111年度母公司及台醋經第三方查證數據。,ISO 14064,3084.76 ,營業額億元
1337,再生-KY,N/A,N/A,N,N/A,N/A,N,N/A,N/A,N,N/A,N/A
1338,廣華-KY,1105.58 ,僅重要子公司東莞廣澤汽車飾件有限公司,N,22146.82 ,僅重要子公司東莞廣澤汽車飾件有限公司,N,0.00 ,僅重要子公司東莞廣澤汽車飾件有限公司,N,0.00 ,產品
1339,昭輝,N/A,N/A,N,N/A,N/A,N,N/A,N/A,N,N/A,N/A
1340,勝悅-KY,N/A,N/A,N,N/A,N/A,N,N/A,N/A,N,N/A,N/A
1341,富林-KY,21296.43 ,越南子公司,Higg Index (FEM),13850.70 ,越南子公司,Higg Index (FEM),N/A,N/A,N,2.46 ,產品
1342,八貫,3164.42 ,111年,N,4418.47 ,111年,N,1562.32 ,111年,N,N/A,N/A
1402,遠東新,1222934.00 ,母公司及68家合併財務報表子公司,ISO 14064,1171343.00 ,母公司及68家合併財務報表子公司,ISO 14064,8592304.00 ,生產事業21個生產據點,ISO 14064,7.24 ,百萬元營業額
1409,新纖,103082.01 ,新光合纖中壢廠,ISO 14064,168666.78 ,新光合纖中壢廠,ISO 14064,N/A,N/A,N,12.98 ,百萬元營業額
1410,南染,N/A,N/A,N,N/A,N/A,N,N/A,N/A,N,N/A,N/A
1413,宏洲,14591.31 ,宏洲纖維工業股份有限公司桃園工廠,依據行政院環保署發布之溫室氣體查驗指引,25703.78 ,宏洲纖維工業股份有限公司桃園工廠,依據行政院環保署發布之溫室氣體查驗指引,N/A,N/A,N,12.81 ,百萬元營業額
1414,東和,31.40 ,本公司,N,14806.42 ,本公司,N,N/A,N/A,N,65.36 ,員工數
1416,廣豐,N/A,N/A,N,N/A,N/A,N,N/A,N/A,N,N/A,N/A
1417,嘉裕,N/A,N/A,N,N/A,N/A,N,N/A,N/A,N,N/A,N/A
1418,東華,7.55 ,母子公司,N,448.33 ,母子公司,N,N/A,N/A,N,N/A,N/A
1419,新紡,2206.75 ,母公司及生產單位,N,17272.60 ,母公司及生產單位,N,484.33 ,母公司及生產單位,N,0.00 ,產品
1423,利華,546.00 ,母公司,N,N/A,N/A,N,N/A,N/A,N,0.00 ,營業額
1432,大魯閣,N/A,N/A,N,N/A,N/A,N,N/A,N/A,N,N/A,N/A
1434,福懋,192398.00 ,台灣廠區,ISO 14064,88692.00 ,台灣廠區,ISO 14064,N/A,N/A,N,10.74 ,百萬元營業額
1435,中福,N/A,N/A,N,N/A,N/A,N,N/A,N/A,N,N/A,N/A
1436,華友聯,N/A,N/A,N,70.51 ,僅母公司,N,N/A,N/A,N,N/A,N/A
1437,勤益控,1.77 ,母公司及部分子公司,N,34.94 ,母公司及部分子公司,N,N/A,N/A,N,0.05 ,百萬元營業額
1438,三地開發,N/A,N/A,N,N/A,N/A,N,N/A,N/A,N,N/A,N/A
1439,雋揚,N/A,N/A,N,7.88 ,母公司,N,N/A,N/A,N,N/A,N/A
1440,南紡,55207.43 ,母公司,ISO 14064,80073.10 ,母公司,ISO 14064,627638.12 ,母公司,ISO 14064,12.09 ,百萬元營業額
1441,大東,N/A,N/A,N,N/A,N/A,N,N/A,N/A,N,N/A,N/A
1442,名軒,N/A,N/A,N,30.29 ,母公司,N,N/A,N/A,N,N/A,N/A
1443,立益物流,N/A,N/A,N,N/A,N/A,N,N/A,N/A,N,N/A,N/A
1444,力麗,90107.49 ,力麗化纖總廠,ISO 14064,68277.08 ,力麗化纖總廠,ISO 14064,N/A,N/A,N,0.36 ,產品
1445,大宇,N/A,N/A,N,N/A,N/A,N,N/A,N/A,N,N/A,N/A
1446,宏和,N/A,N/A,N,276.32 ,母公司,N,N/A,N/A,N,N/A,N/A
1447,力鵬,114687.10 ,母公司楊梅廠及尼龍廠,ISO 14064,111957.80 ,母公司楊梅廠及尼龍廠,ISO 14064,N/A,N/A,N,1.06 ,產品
1449,佳和,12633.46 ,母公司,N,82121.78 ,母公司,N,N/A,N/A,N,0.01 ,產品
1451,年興,16472.16 ,僅母公司,N,19221.81 ,僅母公司,N,N/A,N/A,N,0.00 ,產品
1452,宏益,45.06 ,包含合併財務報表之母子公司,N,23152.37 ,包含合併財務報表之母子公司,N,N/A,N/A,N,0.97 ,每公噸產品
1453,大將,N/A,N/A,N,N/A,N/A,N,N/A,N/A,N,N/A,N/A
1454,台富,N/A,N/A,N,N/A,N/A,N,N/A,N/A,N,N/A,N/A
1455,集盛,27860.49 ,母公司。,ISO 14064,129452.13 ,母公司。,ISO 14064,3223.06 ,母公司之龜山一廠、觀音四廠及台北辦事處。,ISO 14064,0.92 ,產品
1456,怡華,12.63 ,台南官田廠,N,82.12 ,台南官田廠,N,N/A,N/A,N,0.01 ,服務
1457,宜進,18.24 ,宜進實業股份有限公司及子公司(光明絲織廠股份有限公司、宏洲纖維工業股份有限公司、億東纖維股份有限公司、欣懋投資股份有限公司、大田國際開發股份有限公司、大宜國際開發股份有限公司)台北公司,ISO 14064,54.89 ,宜進實業股份有限公司及子公司(光明絲織廠股份有限公司、宏洲纖維工業股份有限公司、億東纖維股份有限公司、欣懋投資股份有限公司、大田國際開發股份有限公司、大宜國際開發股份有限公司)台北公司,ISO 14064,2939.83 ,宜進實業股份有限公司及子公司(光明絲織廠股份有限公司、宏洲纖維工業股份有限公司、億東纖維股份有限公司、欣懋投資股份有限公司、大田國際開發股份有限公司、大宜國際開發股份有限公司)台北公司,ISO 14064,0.09 ,百萬元營業額
1459,聯發,0.00 ,工廠,N,22685.00 ,工廠,N,N/A,N/A,N,1.16 ,產品
1460,宏遠,68671.08 ,母公司,ISO 14064,61883.90 ,母公司,ISO 14064,N/A,N/A,N,9.47 ,產品
1463,強盛,N/A,N/A,N,N/A,N/A,N,N/A,N/A,N,N/A,N/A
1464,得力,49421.33 ,僅母公司,ISO 14064,33973.77 ,僅母公司,ISO 14064,N/A,N/A,N,19.14 ,百萬元營業額
1465,偉全,N/A,N/A,N,N/A,N/A,N,N/A,N/A,N,N/A,N/A
1466,聚隆,548.17 ,母公司,N,43806.17 ,母公司,N,7786.47 ,母公司,N,15.93 ,百萬元營業額
1467,南緯,N/A,N/A,N,296.00 ,母公司,N,N/A,N/A,N,N/A,N/A
1468,昶和,11.57 ,母公司,N,1897.01 ,母公司,N,N/A,N/A,N,2.78 ,百萬元營業額
1470,大統新創,19644.97 ,合併財務報表之母子公司之桃園廠區,ISO 14064,5151.28 ,合併財務報表之母子公司之桃園廠區,ISO 14064,N/A,N/A,N,4.60 ,產量(公噸)
1471,首利,N/A,N/A,N,N/A,N/A,N,N/A,N/A,N,N/A,N/A
1472,三洋實業,N/A,N/A,N,N/A,N/A,N,N/A,N/A,N,N/A,N/A
1473,台南,7562.00 ,包含合併財務報表之母子公司,N,6373.00 ,包含合併財務報表之母子公司,N,N/A,N/A,N,0.00 ,產品
1474,弘裕,1481.00 ,母公司,N,15381.70 ,母公司,N,N/A,N/A,N,6.79 ,百萬元營業額
1475,業旺,N/A,N/A,N,N/A,N/A,N,N/A,N/A,N,N/A,N/A
1476,儒鴻,27129.81 ,包含合併財務報表之母子公司,ISO 14064,97001.45 ,包含合併財務報表之母子公司,ISO 14064,2848.90 ,包含合併財務報表之母子公司,ISO 14064,0.00 ,百萬元營業額
1477,聚陽,15114.56 ,"範圍含聚陽股份有限公司(總公司)、Leader Garments Corp.、Moha Garments Co., Ltd.、Triple Garment(Vietnam) Co., Ltd.、Makalot Garments(Vietnam) Co., Ltd.、Makalot Garments(Cambodia) Co., Ltd.、PT. Glory Industrial Semarang、 PT. Starlight Garment Semarang、Leader Garment(Vietnam) Co., Ltd.、Jiaxing Ruiyang Garment Co., Ltd、Jiaxing Rising Garment Co.,Ltd、Jiaxing Suntex Garment Co.,Ltd",ISO 14064,22446.32 ,"範圍含聚陽股份有限公司(總公司)、Leader Garments Corp.、Moha Garments Co., Ltd.、Triple Garment(Vietnam) Co., Ltd.、Makalot Garments(Vietnam) Co., Ltd.、Makalot Garments(Cambodia) Co., Ltd.、PT. Glory Industrial Semarang、 PT. Starlight Garment Semarang、Leader Garment(Vietnam) Co., Ltd.、Jiaxing Ruiyang Garment Co., Ltd、Jiaxing Rising Garment Co.,Ltd、Jiaxing Suntex Garment Co.,Ltd",ISO 14064,587.98 ,聚陽股份有限公司(總公司),ISO 14064,1.17 ,百萬元營業額
1503,士電,1230.87 ,揭露範疇涵蓋士電台灣營運地區，包含台北總部及四大事業群(重電事業群、電裝品事業群、機器事業群與自動化事業群)但揭露範疇不包含合併報表之子公司及海外據點。,N,19064.61 ,揭露範疇涵蓋士電台灣營運地區，包含台北總部及四大事業群(重電事業群、電裝品事業群、機器事業群與自動化事業群)但揭露範疇不包含合併報表之子公司及海外據點。,N,N/A,N/A,N,0.66 ,百萬元營業額
1504,東元,55536.06 ,包含部分合併財務報表之母子公司,ISO 14064,21007.49 ,包含部分合併財務報表之母子公司,ISO 14064,148567.42 ,僅母公司,ISO 14064,1.59 ,百萬元營業額
1506,正道,1667.07 ,母公司及馬來西亞子公司,N,6413.93 ,母公司及馬來西亞子公司,N,N/A,N/A,N,12.76 ,百萬元營業額
1512,瑞利,2216.00 ,母公司,N,N/A,N/A,N,N/A,N/A,N,N/A,N/A
1513,中興電,363.84 ,母公司,N,5572.50 ,母公司,N,4.14 ,母公司,N,0.32 ,百萬元營業額
1514,亞力,N/A,N/A,N,2121.48 ,母公司,N,N/A,N/A,N,N/A,N/A
1515,力山,351.37 ,僅母公司,N,2813.24 ,僅母公司,N,37504.03 ,僅母公司,N,8.94 ,百萬元營業額
1516,川飛,N/A,N/A,N,N/A,N/A,N,N/A,N/A,N,N/A,N/A
1517,利奇,974.38 ,"利奇機械工業股份有限公司
總公司：彰化市石牌里石牌路一段112號
南崗廠：南投縣南投市南崗工業區工業南五路8號",N,5294.84 ,"利奇機械工業股份有限公司
總公司：彰化市石牌里石牌路一段112號
南崗廠：南投縣南投市南崗工業區工業南五路8號",N,3778.42 ,"利奇機械工業股份有限公司
總公司：彰化市石牌里石牌路一段112號
南崗廠：南投縣南投市南崗工業區工業南五路8號",N,1.63 ,百萬元營業額
1519,華城,661.02 ,僅母公司,N,4586.66 ,僅母公司,N,N/A,N/A,N,0.72 ,百萬元營業額
1521,大億,N/A,N/A,N,N/A,N/A,N,N/A,N/A,N,N/A,N/A
1522,堤維西,671.66 ,母公司,ISO 14064,17494.41 ,母公司,ISO 14064,4000.11 ,母公司-類別3及類別4,ISO 14064,157.54 ,億元營收
1524,耿鼎,N/A,N/A,N,5502.15 ,母公司,N,N/A,N/A,N,0.37 ,產品
1525,江申,934.00 ,僅母公司,N,2883.00 ,僅母公司,N,N/A,N/A,N,3.93 ,百萬元營業額
1526,日馳,152.71 ,母公司,N,975.70 ,母公司,N,N/A,N/A,N,0.46 ,新台幣仟元為單位
1527,鑽全,15275.65 ,全公司,ISO 14064,8539.20 ,全公司,ISO 14064,43677.46 ,全公司,ISO 14064,0.01 ,千元營業額
1528,恩德,N/A,N/A,N,N/A,N/A,N,N/A,N/A,N,N/A,N/A
1529,樂事綠能,N/A,N/A,N,N/A,N/A,N,N/A,N/A,N,N/A,N/A
1530,亞崴,N/A,N/A,N,N/A,N/A,N,N/A,N/A,N,N/A,N/A
1531,高林股,470.54 ,總公司.桃園廠及高銀廠,ISO 14064,5518.12 ,總公司.桃園廠及高銀廠,ISO 14064,61.87 ,總公司.桃園廠及高銀廠,ISO 14064,N/A,N/A
1532,勤美,3499.22 ,勤美股份有限公司金屬成型事業處,N,16044.24 ,勤美股份有限公司金屬成型事業處,N,22773.08 ,勤美股份有限公司金屬成型事業處,N,1.20 ,產品
1533,車王電,79.68 ,母公司,ISO 14064,1619.92 ,母公司,ISO 14064,281.54 ,母公司,ISO 14064,0.00 ,千元營業額
1535,中宇,330.48 ,包含合併財務報表之母子公司,ISO 14064,1954.91 ,包含合併財務報表之母子公司,ISO 14064,4.51 ,包含合併財務報表之母子公司,ISO 14064,0.26 ,百萬元營業額
1536,和大,2722.43 ,僅母公司,ISO 14064,44735.97 ,僅母公司,ISO 14064,1449.01 ,僅母公司,ISO 14064,7.77 ,百萬元營業額
1537,廣隆,8024.10 ,包含合併財務報表之母子公司,N,71621.80 ,包含合併財務報表之母子公司,N,N/A,N/A,N,N/A,N/A
1538,正峰,N/A,N/A,N,N/A,N/A,N,N/A,N/A,N,N/A,N/A
1539,巨庭,175.59 ,母公司,ISO 14064,773.66 ,母公司,ISO 14064,42.65 ,母公司,ISO 14064,0.40 ,百萬元營業額
1540,喬福,6.89 ,母公司,N,N/A,N/A,N,117.99 ,母公司,N,N/A,N/A
1541,錩泰,1353.00 ,僅母公司,N,3703.00 ,僅母公司,N,N/A,N/A,N,0.00 ,百萬元營業額
1558,伸興,1801.00 ,合併財務報表之母子公司,永續報告書,14831.00 ,合併財務報表之母子公司,永續報告書,75717.00 ,合併財務報表之母子公司,永續報告書,0.01 ,產品
1560,中砂,8235.68 ,母公司,ISO 14064,35592.84 ,母公司,ISO 14064,7034.79 ,母公司,ISO 14064,8.44 ,營業額
1568,倉佑,296.90 ,僅母公司,N,4306.37 ,僅母公司,N,N/A,N/A,N,3.41 ,百萬營業額
1582,信錦,10.49 ,母公司,N,420.03 ,母公司,N,N/A,N/A,N,N/A,N/A
1583,程泰,133.03 ,母公司,N,2110.00 ,母公司,N,N/A,N/A,N,N/A,N/A
1587,吉茂,N/A,N/A,N,N/A,N/A,N,N/A,N/A,N,N/A,N/A
1589,永冠-KY,5285.51 ,合併財務報表之母子公司,N,129567.58 ,合併財務報表之母子公司,N,N/A,N/A,N,14.37 ,百萬元營業額
1590,亞德客-KY,13367.00 ,包含集團全部生產工廠及大陸地區全部銷售公司，已涵蓋集團95%以上之排放量,N,108044.00 ,包含集團全部生產工廠及大陸地區全部銷售公司，已涵蓋集團95%以上之排放量,N,N/A,N/A,N,7.58 ,每百萬元產值
1597,直得,55.01 ,母公司,N,5220.96 ,母公司,N,55.55 ,母公司,N,3.75 ,百萬元營業額
1598,岱宇,238.68 ,彰化一廠、二廠及五廠,N,1525.14 ,彰化一廠、二廠及五廠,N,N/A,N/A,N,N/A,N/A
1603,華電,N/A,N/A,N,N/A,N/A,N,N/A,N/A,N,N/A,N/A
1604,聲寶,N/A,N/A,N,N/A,N/A,N,N/A,N/A,N,N/A,N/A
1605,華新,194649.63 ,"台灣廠區：新莊廠、楊梅廠、台中廠、鹽水廠
海外區：東莞華新、江陰華新、江陰合金、上海華新、煙台華新、常熟華新、華新精密",ISO 14064,427116.80 ,"台灣廠區：新莊廠、楊梅廠、台中廠、鹽水廠
海外區：東莞華新、江陰華新、江陰合金、上海華新、煙台華新、常熟華新、華新精密",ISO 14064,2969214.53 ,台灣廠區：新莊廠、楊梅廠、台中廠、鹽水廠,ISO 14064,0.49 ,產品
1608,華榮,1538.69 ,涵蓋範圍僅限華榮電線電纜股份有限公司高楠工廠廠區,N,15876.32 ,涵蓋範圍僅限華榮電線電纜股份有限公司高楠工廠廠區,N,N/A,N/A,N,2.20 ,百萬元營業額
1609,大亞,15953.00 ,包含合併財務報表之母子公司,ISO 14064,59492.00 ,包含合併財務報表之母子公司,ISO 14064,295369.00 ,關廟總公司,ISO 14064,2.82 ,百萬元營業額
1611,中電,74.65 ,工廠,N,394.32 ,工廠,N,N/A,N/A,N,N/A,N/A
1612,宏泰,1450.47 ,僅母公司,N,10846.96 ,僅母公司,N,N/A,N/A,N,1.93 ,百萬元營業額
1614,三洋電,5061.16 ,包含合併財務報表之母子公司,N,4699.39 ,包含合併財務報表之母子公司,N,80714.61 ,包含合併財務報表之母子公司,N,1.59 ,百萬元營業額
1615,大山,N/A,N/A,N,N/A,N/A,N,N/A,N/A,N,N/A,N/A
1616,億泰,7380.00 ,母公司,N,N/A,N/A,N,N/A,N/A,N,0.00 ,千元營業額
1617,榮星,N/A,N/A,N,N/A,N/A,N,N/A,N/A,N,N/A,N/A
1618,合機,8056.23 ,所有廠區及辦公室(未含子公司),N,N/A,N/A,N,N/A,N/A,N,2.81 ,百萬元營業額
1626,艾美特-KY,281.42 ,主要生產公司深圳艾美特,SZDB/ 69-2018 《組織的溫室氣體排放量化和報告指南》、SZDB/ 70-2018 《組織的溫室氣體排放查核指南》、《深圳市碳交易控管單位碳排放查核技術要點》,14789.39 ,主要生產公司深圳艾美特,SZDB/ 69-2018 《組織的溫室氣體排放量化和報告指南》、SZDB/ 70-2018 《組織的溫室氣體排放查核指南》、《深圳市碳交易控管單位碳排放查核技術要點》,N/A,N/A,N,15070.81 ,百萬元營業額
1701,中化,6417.11 ,僅母公司,N,11673.06 ,僅母公司,N,N/A,N/A,N,0.01 ,產品
1702,南僑,87119.32 ,台灣、中國大陸、泰國地區之製造單位及餐飲事業,N,99179.33 ,台灣、中國大陸、泰國地區之製造單位及餐飲事業,N,N/A,N/A,N,9.10 ,百萬元營業額
1707,葡萄王,5633.72 ,葡萄王生技(通過SGS驗證)、葡眾企業(自行計算，數值經過勤業眾信確信),ISO 14064,16544.05 ,葡萄王生技(通過SGS驗證)、葡眾企業(自行計算，數值經過勤業眾信確信),ISO 14064,21853.95 ,僅葡萄王生技(通過SGS驗證)，並將葡眾企業以類別5投資項納入SGS驗證,ISO 14064,2.83 ,產品
1708,東鹼,49934.53 ,僅母公司,N,7127.62 ,僅母公司,N,N/A,N/A,N,7.11 ,百萬元營業額
1709,和益,62058.75 ,僅母公司(工廠),CNS 14064-1:2006 溫室氣體查驗指引: 2010,19646.10 ,僅母公司(工廠),CNS 14064-1:2006 溫室氣體查驗指引: 2010,N/A,N/A,N,9.97 ,百萬元營業額
1710,東聯,30434.40 ,母公司,ISO 14064,316170.39 ,母公司,ISO 14064,456940.31 ,母公司,ISO 14064,27.10 ,百萬元營業額
1711,永光,15763.85 ,永光化學一~四廠、新竹全通科技、蘇州永光,ISO 14001,57133.70 ,永光化學一~四廠、新竹全通科技、蘇州永光,ISO 14001,N/A,N/A,N,8.30 ,百萬元產值
1712,興農,12737.79 ,母公司王田廠、王田二廠、生物工廠、大肚廠、彰濱廠,ISO 14064,22959.37 ,母公司王田廠、王田二廠、生物工廠、大肚廠、彰濱廠,ISO 14064,46358.77 ,母公司王田廠、王田二廠、生物工廠、大肚廠、彰濱廠,ISO 14064,1.55 ,百萬元營業額
1713,國化,3225.88 ,屏南分公司,N,2585.31 ,屏南分公司,N,N/A,N/A,N,5811.19 ,範疇一+二
1714,和桐,18200.11 ,母公司,環境部氣候變遷因應法、溫室氣體排放量盤查作業指引,3889.27 ,母公司,環境部氣候變遷因應法、溫室氣體排放量盤查作業指引,N/A,N/A,N,0.61 ,產品
1717,長興,83654.00 ,母公司及包含合併財務報表之國內與國外子公司,ISO 14064：2018,161475.00 ,母公司及包含合併財務報表之國內與國外子公司,ISO 14064：2018,1738304.00 ,母公司及包含合併財務報表之國內與國外子公司,ISO 14064：2018,0.43 ,產品(公噸)
1718,中纖,428636.18 ,僅母公司,ISO 14064,10543.52 ,僅母公司,ISO 14064,N/A,N/A,N,1.83 ,總產品239638.7485公噸
1720,生達,1377.30 ,生達一廠+生達二廠,ISO 14064,7522.48 ,生達一廠+生達二廠,ISO 14064,225.04 ,生達一廠+生達二廠,ISO 14064,3.21 ,百萬元營業額
1721,三晃,12413.00 ,母公司,N,21098.00 ,母公司,N,N/A,N/A,N,1.47 ,產品
1722,台肥,476195.00 ,母公司 台中廠 苗栗廠,N,49073.00 ,母公司 台中廠 苗栗廠,N,N/A,N/A,N,0.65 ,產品
1723,中碳,32859.00 ,母公司,ISO 14064,76647.00 ,母公司,ISO 14064,N/A,N/A,N,10.49 ,百萬元營業額
1725,元禎,N/A,N/A,N,487.87 ,母公司,N,N/A,N/A,N,0.07 ,百萬元營業額
1726,永記,N/A,N/A,N,4358.00 ,僅母公司,N,N/A,N/A,N,0.05 ,電力使用量
1727,中華化,1159.48 ,桃園一廠、桃園二廠、彰化廠,N,10534.57 ,桃園一廠、桃園二廠、彰化廠,N,N/A,N/A,N,0.06 ,產品
1730,花仙子,498.99 ,包含合併財務報表之母子公司,ISO 14064,1884.98 ,包含合併財務報表之母子公司,ISO 14064,22741.25 ,包含合併財務報表之母子公司,ISO 14064,9.02 ,百萬元營業額
1731,美吾華,125.33 ,台北總公司、台中及高雄服務中心及楊梅工廠及物流中心,N,707.79 ,台北總公司、台中及高雄服務中心及楊梅工廠及物流中心,N,N/A,N/A,N,N/A,N/A
1732,毛寶,181.86 ,母公司,N,427.81 ,母公司,N,123.47 ,母公司_工廠原物料、影印紙張電力等,N,1.25 ,噸CO2e/百萬營收
1733,五鼎,21.69 ,母子公司,N,12228.58 ,母子公司,N,N/A,N/A,N,0.01 ,千元營收
1734,杏輝,1068.41 ,母公司,N,8556.83 ,母公司,N,N/A,N/A,N,0.00 ,營業額仟元
1735,日勝化,3517.91 ,母公司,N,5124.17 ,母公司,N,N/A,N/A,N,0.47 ,產品
1736,喬山,880.49 ,母公司,N,1704.45 ,母公司,N,N/A,N/A,N,0.21 ,個體營業收入（百萬元）
1737,臺鹽,24721.10 ,僅母公司,N,3167.80 ,僅母公司,N,N/A,N/A,N,27889.00 ,百萬元營業額
1752,南光,3214.71 ,總公司與台北辦公室之範疇-直接溫室氣體排放,N,10053.47 ,總公司與台北辦公室之能源間接溫室氣體排放,N,6325.47 ,總公司與台北辦公室之其他間接溫室氣體排放,N,1009.98 ,碳排量19593.6540噸/營業額19.4億=1009.9821
1760,寶齡富錦,437.50 ,僅母公司,NA,3486.15 ,僅母公司,NA,758.66 ,僅母公司,NA,1.95 ,NA
1762,中化生,4029.00 ,母公司,N,11913.00 ,母公司,N,N/A,N/A,N,0.08 ,產品
1773,勝一,52562.31 ,母公司,ISO 14064,8894.96 ,母公司,ISO 14064,16927.62 ,母公司,ISO 14064,0.29 ,產品
1776,展宇,878.92 ,母公司(第1廠及第2廠),ISO 14064,1351.45 ,母公司(第1廠及第2廠),ISO 14064,374.34 ,母公司(第1廠及第2廠),ISO 14064,2.84 ,營業額
1783,和康生,114.20 ,母公司,N,1981.69 ,母公司,N,145.97 ,母公司,N,N/A,N/A
1786,科妍,N/A,N/A,N,N/A,N/A,N,N/A,N/A,N,N/A,N/A
1789,神隆,3494.00 ,僅母公司(台南市善化區南科八路一號)及台北辦公室(台北市中山區中山北路二段129號7樓之2),N,16499.00 ,僅母公司(台南市善化區南科八路一號)及台北辦公室(台北市中山區中山北路二段129號7樓之2),N,N/A,N/A,N,6.51 ,百萬元營業額
1795,美時,10662.00 ,母公司及重要子公司生產基地及研發中心,N,10647.00 ,母公司及重要子公司生產基地及研發中心,N,N/A,N/A,N,1.46 ,百萬元營業額
1802,台玻,439157.47 ,僅母公司,ISO 14064,248448.45 ,僅母公司,ISO 14064,N/A,N/A,N,N/A,N/A
1805,寶徠,N/A,N/A,N,N/A,N/A,N,N/A,N/A,N,N/A,N/A
1806,冠軍,62354.20 ,工廠,ISO 14064,27143.14 ,工廠,ISO 14064,N/A,N/A,N,0.01 ,產品
1808,潤隆,6.00 ,本公司2輛公務車,N,108.00 ,本公司台北辦公室,N,N/A,N/A,N,N/A,N/A
1809,中釉,10140.68 ,僅母公司,N,3791.24 ,僅母公司,N,N/A,N/A,N,N/A,N/A
1810,和成,N/A,N/A,N,N/A,N/A,N,N/A,N/A,N,N/A,N/A
1817,凱撒衛,176.03 ,母公司(台灣地區),N,194.81 ,母公司(台灣地區),N,N/A,N/A,N,0.14 ,百萬元營業額
1903,士紙,N/A,N/A,N,N/A,N/A,N,N/A,N/A,N,N/A,N/A
1904,正隆,1113036.86 ,母公司,ISO 14064,289518.80 ,母公司,ISO 14064,251165.62 ,母公司,ISO 14064,0.91 ,公噸；工業用紙
1905,華紙,601988.00 ,華紙台灣四個生產據點,ISO 14064,201276.00 ,華紙台灣四個生產據點,ISO 14064,30043.00 ,僅包含台灣所屬營運據點，以主要上游原物料(木片、紙漿與回收紙)經海運及陸運運輸之海內外採購。,N,1.27 ,產品
1906,寶隆,N/A,N/A,N,N/A,N/A,N,N/A,N/A,N,N/A,N/A
1907,永豐餘,1174074.00 ,永豐餘年報所稱三大事業群（林漿紙事業群、工紙紙器事業群、消費品事業群）之台灣區合計13個生產據點。,ISO 14064,324650.00 ,永豐餘年報所稱三大事業群（林漿紙事業群、工紙紙器事業群、消費品事業群）之台灣區合計13個生產據點。,ISO 14064,30043.00 ,僅包含2022 年華紙台灣所屬營運據點，以主要上游原物料（木片、紙漿與回收紙）經海運及陸運運輸之海內外採購。,N,0.93 ,產品
1909,榮成,556366.83 ,全台灣廠區,ISO 14064,49693.36 ,全台灣廠區,ISO 14064,77121.47 ,全台灣廠區及其他,ISO 14064,11.44 ,百萬元營業額
2002,中鋼,18248901.00 ,母公司,ISO 14064,1412524.00 ,母公司,ISO 14064,1606142.00 ,母公司：僅包含納入查證項目，統計「營運產生的廢棄物處理」、「商務旅行」、「燃料與能源相關活動廢棄物處理」及「上游運送與貨物配送」等四項,ISO 14064,2.33 ,產品
2006,東和鋼鐵,188592.40 ,母公司 (總公司、桃園廠、苗栗廠、高雄廠),ISO 14064,621511.63 ,母公司 (總公司、桃園廠、苗栗廠、高雄廠),ISO 14064,1441997.94 ,母公司 (總公司、桃園廠、苗栗廠、高雄廠),ISO 14064,0.42 ,鋼胚生產量
2007,燁興,26403.00 ,本公司,N,44334.00 ,本公司,N,N/A,N/A,N,10.36 ,百萬元營業額
2008,高興昌,2557.47 ,總公司(無子公司)含屏南廠,N,4079.00 ,總公司(無子公司)含屏南廠,N,1279.05 ,總公司(無子公司)含屏南廠,N,0.13 ,產品
2009,第一銅,3906.56 ,第一伸銅科技股份有限公司,ISAE3410,18447.49 ,第一伸銅科技股份有限公司,ISAE3410,4558.37 ,第一伸銅科技股份有限公司,N,2.08 ,產品
2010,春源,4357.88 ,台灣總公司及北中南各生產營業據點,N,9579.18 ,台灣總公司及北中南各生產營業據點,N,N/A,N/A,N,0.03 ,產品
2012,春雨,15248.22 ,母公司,N,19439.59 ,母公司,N,260897.56 ,母公司,N,0.01 ,千元營業額
2013,中鋼構,2328.96 ,僅母公司,N,7017.68 ,僅母公司,N,N/A,N/A,N,0.09 ,噸產品
2014,中鴻,141949.90 ,母公司,環境保護署 溫室氣體排放量盤查作業指引、ISO 14064 1:2018 /CNS 14064 1: 2021,140726.60 ,母公司,環境保護署 溫室氣體排放量盤查作業指引、ISO 14064 1:2018 /CNS 14064 1: 2021,4960629.46 ,母公司,ISO 14064 1:2018 /CNS 14064 1: 2021,0.13 ,產品
2015,豐興,226105.49 ,僅母公司,ISO 14064,524494.25 ,僅母公司,ISO 14064,114032.92 ,僅盤查與母公司直接關係項目，燃料和能源有關的活動(外購電力)和廢棄物處理與運輸。,ISO 14064,19.44 ,百萬元營業額
2017,官田鋼,236.56 ,母公司,N,9975.01 ,母公司,N,N/A,N/A,N,3.75 ,百萬元營業額
2020,美亞,3735.33 ,母公司,N,5953.06 ,母公司,N,N/A,N/A,N,0.00 ,營業額單位：千元營業額
2022,聚亨,1726.32 ,母公司,ISO 14064,11922.41 ,母公司,ISO 14064,1579.39 ,母公司,ISO 14064,0.20 ,產品
2023,燁輝,70297.00 ,燁輝企業股份有限公司(僅母公司),確信準則 3000號,82674.00 ,燁輝企業股份有限公司(僅母公司),確信準則 3000號,N/A,N/A,N,4.56 ,百萬元營業額
2024,志聯,2568.54 ,志聯公司新屋廠,N,3858.83 ,志聯公司新屋廠,N,N/A,N/A,N,5.50 ,百萬元營業額
2025,千興,2981.78 ,僅母公司,N,5103.32 ,僅母公司,N,N/A,N/A,N,0.01 ,千元營業額
2027,大成鋼,1287.44 ,僅母公司,N,11731.31 ,僅母公司,N,N/A,N/A,N,0.31 ,產品
2028,威致,95634.00 ,個別公司,ISO 14064,189286.00 ,個別公司,ISO 14064,N/A,N/A,N,N/A,N/A
2029,盛餘,23586.44 ,僅母公司,ISO 14064,44970.21 ,僅母公司,ISO 14064,739536.61 ,僅母公司,N,0.07 ,產品
2030,彰源,6121.23 ,一廠、二廠、三廠、大連廠、元山廠、元富廠、員製課、南營部、北營部,N,13090.20 ,一廠、二廠、三廠、大連廠、元山廠、元富廠、員製課、南營部、北營部,N,N/A,N/A,N,0.13 ,生產量
2031,新光鋼,2252.39 ,母公司,ISO 14064,2684.12 ,母公司,ISO 14064,756389.36 ,母公司,ISO 14064,0.34 ,百萬元營業額
2032,新鋼,350.34 ,僅母公司,N,499.19 ,僅母公司,N,2027.75 ,僅母公司,N,N/A,N/A
2033,佳大,878.86 ,母公司,N,3610.39 ,母公司,N,218.15 ,母公司,N,5.54 ,百萬元營業額
2034,允強,1603.02 ,僅母公司，天然氣、汽柴油、焊接、冷媒逸散及其他生產中直接排放,ISO 14064,17965.28 ,僅母公司，外購電力。,ISO 14064,7732.41 ,僅母公司，過程(外購電力、自來水、藥劑使用)、運輸、廢水排放、廢棄物處理及其他間接排放。,ISO 14064,0.16 ,產品
2038,海光,57532.33 ,僅母公司,環保署溫室氣體排放量盤查作業指引,143381.72 ,僅母公司,環保署溫室氣體排放量盤查作業指引,N/A,N/A,N,0.60 ,產品
2049,上銀,10101.15 ,100%營運控制權，包含上銀科技股份有限公司(營運總部、台中廠區、雲林廠區及嘉義廠區),ISO 14064-1:2018,139912.20 ,100%營運控制權，包含上銀科技股份有限公司(營運總部、台中廠區、雲林廠區及嘉義廠區),ISO 14064-1:2018,47885.74 ,100%營運控制權，包含上銀科技股份有限公司(營運總部、台中廠區、雲林廠區及嘉義廠區),ISO 14064-1:2018,6.72 ,百萬元營業額
2059,川湖,619.36 ,母公司及子公司川益科技(股)公司兩個廠區,N,10439.82 ,母公司及子公司川益科技(股)公司兩個廠區,N,N/A,N/A,N,0.71 ,千組產品
2062,橋椿,685.16 ,母公司,N,15976.90 ,母公司,N,N/A,N/A,N,5.09 ,產品
2069,運錩,84.43 ,僅母公司,N,1058.34 ,僅母公司,N,163602.67 ,僅母公司,N,N/A,N/A
2101,南港,12740.41 ,僅母公司,ISO 14064,26949.25 ,僅母公司,ISO 14064,N/A,N/A,N,1.29 ,產品
2102,泰豐,3920.36 ,僅母公司,N,9192.95 ,僅母公司,N,N/A,N/A,N,0.99 ,每噸產品
2103,台橡,138446.65 ,合併財務報表之母子公司,N,408180.55 ,合併財務報表之母子公司,N,1346559.93 ,合併財務報表之母子公司,N,1.01 ,產品
2104,國際中橡,227064.00 ,國際中橡100%持有之子公司林園先進。,N,22764.00 ,國際中橡100%持有之子公司林園先進。,N,N/A,N/A,N,2.58 ,產品
2105,正新,50297.00 ,母公司,ISO 14064,93802.00 ,母公司,ISO 14064,N/A,N/A,N,1.15 ,產品
2106,建大,24618.95 ,台灣地區,ISO 14064-1：2018,26387.95 ,台灣地區,ISO 14064-1：2018,66683.28 ,台灣地區,ISO 14064-1：2018,1.32 ,百萬元營業額
2107,厚生,890.85 ,母公司,N,7658.24 ,母公司,N,N/A,N/A,N,4.46 ,百萬元營業額
2108,南帝,1120.64 ,僅母公司,ISO 14064,31694.46 ,僅母公司,ISO 14064,2725.61 ,僅母公司,N,6.55 ,百萬元營業額
2109,華豐,N/A,N/A,N,N/A,N/A,N,N/A,N/A,N,N/A,N/A
2114,鑫永銓,2700.93 ,母公司,N,5455.76 ,母公司,N,38242.83 ,母公司,N,4.42 ,百萬元營業額
2115,六暉-KY,N/A,N/A,N,N/A,N/A,N,N/A,N/A,N,N/A,N/A
2201,裕隆,6926.47 ,裕隆汽車製造(股)公司三義廠區,ISO 14064,5675.16 ,裕隆汽車製造(股)公司三義廠區,ISO 14064,3493.50 ,裕隆汽車製造(股)公司三義廠區,ISO 14064,0.56 ,百萬營業額
2204,中華,7716.10 ,組織邊界(楊梅廠、新竹廠、幼獅廠倉庫),ISO 14064,12995.34 ,組織邊界(楊梅廠、新竹廠、幼獅廠倉庫),ISO 14064,2861777.92 ,組織邊界(楊梅廠、新竹廠、幼獅廠倉庫)外之上下游相關活動,ISO 14064,0.41 ,產品
2206,三陽工業,11285.87 ,母公司(新竹廠(含宿舍)、新豐廠、零件中心),ISO 14064,27606.79 ,母公司(新竹廠(含宿舍)、新豐廠、零件中心),ISO 14064,7699.64 ,母公司(新竹廠(含宿舍)、新豐廠、零件中心),ISO 14064,1.08 ,百萬元營業額
2207,和泰車,280.00 ,母公司,N,1493.00 ,母公司,N,13189.00 ,母公司,N,26.60 ,人數
2208,台船,6876.57 ,台船高雄廠,EPA環保署溫室氣體查驗指引+環保署溫室氣體登錄相關規範,21827.55 ,台船高雄廠,EPA環保署溫室氣體查驗指引+環保署溫室氣體登錄相關規範,N/A,N/A,N,28704.11 ,"22,753,512仟元產值"
2211,長榮鋼,4178.01 ,僅母公司(長榮鋼鐵),IS014064-1:2018,8768.52 ,僅母公司(長榮鋼鐵),IS014064-1:2018,227322.71 ,僅母公司(長榮鋼鐵),IS014064-1:2018,1.13 ,百萬元營業額
2227,裕日車,146.79 ,母公司,N,901.71 ,母公司,N,N/A,N/A,N,2.86 ,人均溫室氣體排放量 (公噸-CO2 e /人)
2228,劍麟,110.30 ,僅母公司,N,4115.91 ,僅母公司,N,14817.48 ,僅母公司,N,2.58 ,百萬元營業額
2231,為升,324.60 ,為升電裝工業(股)公司彰化廠區(彰化縣福興鄉彰鹿路六段546巷6號),N,3789.00 ,為升電裝工業(股)公司彰化廠區(彰化縣福興鄉彰鹿路六段546巷6號),N,N/A,N/A,N,N/A,N/A
2233,宇隆,682.34 ,僅母公司,N,2100.91 ,僅母公司,N,28769.32 ,僅母公司,N,N/A,N/A
2236,百達-KY,N/A,N/A,N,N/A,N/A,N,N/A,N/A,N,N/A,N/A
2239,英利-KY,N/A,N/A,N,N/A,N/A,N,N/A,N/A,N,N/A,N/A
2241,艾姆勒,8.92 ,母公司,N,4754.92 ,母公司,N,N/A,N/A,N,0.00 ,產品
2243,宏旭-KY,N/A,N/A,N,N/A,N/A,N,N/A,N/A,N,N/A,N/A
2247,汎德永業,N/A,N/A,N,7310.18 ,合併財報之母子公司,N,N/A,N/A,N,0.17 ,百萬元營業額
2250,IKKA-KY,N/A,N/A,N,N/A,N/A,N,N/A,N/A,N,N/A,N/A
2301,光寶科,7278.25 ,"包含母公司與合併財報之部分子公司
光寶科技股份有限公司、光寶電子(天津)有限公司、光寶網絡通訊(東莞)有限公司、光寶光電(常州)有限公司、光寶科技(常州)有限公司、光寶電子(東莞)有限公司、光寶電源科技(東莞)有限公司、旭麗電子(東莞)有限公司、惠州市力信電子有限公司、光寶電子(廣州)有限公司、建興光電科技(北海)有限公司、敦揚(廣州)汽車電子有限公司、光寶智能汽車(廣州)有限公司、LITE-ON VIETNAM CO., LTD.、Lite-On Electronics (Thailand) Co., Ltd.、LITE-ON POWER ELECTRONIC INDIA PRIVATE LIMITED",ISO 14064,178010.35 ,"包含母公司與合併財報之部分子公司
光寶科技股份有限公司、光寶電子(天津)有限公司、光寶網絡通訊(東莞)有限公司、光寶光電(常州)有限公司、光寶科技(常州)有限公司、光寶電子(東莞)有限公司、光寶電源科技(東莞)有限公司、旭麗電子(東莞)有限公司、惠州市力信電子有限公司、光寶電子(廣州)有限公司、建興光電科技(北海)有限公司、敦揚(廣州)汽車電子有限公司、光寶智能汽車(廣州)有限公司、LITE-ON VIETNAM CO., LTD.、Lite-On Electronics (Thailand) Co., Ltd.、LITE-ON POWER ELECTRONIC INDIA PRIVATE LIMITED",ISO 14064,10869212.37 ,"包含母公司與合併財報之部分子公司
光寶科技股份有限公司、光寶電子(天津)有限公司、光寶網絡通訊(東莞)有限公司、光寶光電(常州)有限公司、光寶科技(常州)有限公司、光寶電子(東莞)有限公司、光寶電源科技(東莞)有限公司、旭麗電子(東莞)有限公司、惠州市力信電子有限公司、光寶電子(廣州)有限公司、建興光電科技(北海)有限公司、敦揚(廣州)汽車電子有限公司、光寶智能汽車(廣州)有限公司、LITE-ON VIETNAM CO., LTD.、Lite-On Electronics (Thailand) Co., Ltd.、LITE-ON POWER ELECTRONIC INDIA PRIVATE LIMITED",ISO 14064,1.24 ,百萬元營業額
2302,麗正,25.37 ,母子公司,N,599.73 ,母子公司,N,N/A,N/A,N,2.00 ,產品
2303,聯電,591781.00 ,母公司(含新加坡分公司),ISO 14064,1373914.00 ,母公司(含新加坡分公司),ISO 14064,2064284.00 ,母公司(含新加坡分公司),ISO 14064,7.91 ,wafer-m2
2305,全友,3.45 ,僅母公司,N,653.00 ,僅母公司,N,N/A,N/A,N,5.26 ,百萬元營業額
2308,台達電,38807.00 ,全球據點,ISO 14064,148838.00 ,全球據點,ISO 14064,6963291.68 ,全球據點,ISO 14064、AA1000,17.08 ,產值(單位：百萬美金)
2312,金寶,15499.61 ,合併財務報表之母子公司,ISO 14064,232616.08 ,合併財務報表之母子公司,ISO 14064,497371.69 ,合併財務報表之母子公司,ISO 14064,1.36 ,百萬元營業額
2313,華通,3766.00 ,母公司,ISO 14064,127775.00 ,母公司,ISO 14064,55651.00 ,母公司,ISO 14064,11.06 ,百萬元營業額
2314,台揚,136.00 ,僅台揚科技,N,4395.00 ,僅台揚科技,N,N/A,N/A,N,1.01 ,百萬元營業額
2316,楠梓電,2470.77 ,僅母公司,ISO 14064,45647.60 ,僅母公司,ISO 14064,N/A,N/A,N,0.03 ,產品
2317,鴻海,222295.00 ,包含合併財務報表母子公司,ISO 14064,5515849.00 ,包含合併財務報表母子公司,ISO 14064,N/A,N/A,N,0.87 ,百萬元營業額
2321,東訊,N/A,N/A,N,932.15 ,111.01~111.12台電用電資料,N,N/A,N/A,N,N/A,N/A
2323,中環,0.00 ,僅母公司生產廠區,N,122634.00 ,僅母公司生產廠區之外購電力,N,N/A,N/A,N,0.04 ,千元營業額
2324,仁寶,20437.04 ,母公司、仁寶(越南)、仁寶電腦(重慶)、仁寶電腦(成都)及仁寶視訊電子(昆山)、仁寶電子科技(昆山)、仁寶資訊工業(昆山)、仁寶信息技術(昆山)、仁寶數碼科技（昆山）、吉寶通訊（南京）及重慶翊寶智慧電子裝置,ISO 14064,156559.24 ,母公司、仁寶(越南)、仁寶電腦(重慶)、仁寶電腦(成都)及仁寶視訊電子(昆山)、仁寶電子科技(昆山)、仁寶資訊工業(昆山)、仁寶信息技術(昆山)、仁寶數碼科技(昆山)、吉寶通訊（南京）及重慶翊寶智慧電子裝置,ISO 14064,15157.03 ,重慶翊寶智慧電子裝置有限公司員工宿舍溫室氣體排放,ISO 14064,0.17 ,百萬元營業額
2327,國巨,3753.76 ,母公司,ISO 14064,113902.59 ,母公司,ISO 14064,41747.36 ,母公司,ISO 14064,42.89 ,百萬營業額
2328,廣宇,4.21 ,母公司,N,65.01 ,母公司,N,N/A,N/A,N,0.01 ,百萬元營業額
2329,華泰,310.64 ,母公司(2022.01.01~2022.12.31),ISO 14064,84899.57 ,母公司(2022.01.01~2022.12.31),ISO 14064,2753985.07 ,母公司(2022.01.01~2022.12.31),ISO 14064,5.48 ,百萬元營業額
2330,台積電,2018789.00 ,台灣廠區及部分子公司,ISO 14064,9539765.00 ,台灣廠區及部分子公司,ISO 14064,7502136.00 ,僅母公司,ISO 14064,5.12 ,百萬元營業額
2331,精英,54.00 ,溫室氣體排放涵蓋台灣母公司總部大樓。,ISO 14064,1089.00 ,溫室氣體排放涵蓋台灣母公司總部大樓。,ISO 14064,764.00 ,溫室氣體排放類別3~5涵蓋台灣母公司總部大樓。,ISO 14064,0.04 ,百萬元營業額
2332,友訊,119.87 ,僅母公司大樓,ISO 14064,1409.78 ,僅母公司大樓,ISO 14064,523159.00 ,僅母公司大樓,ISO 14064,2.82 ,員工人數
2337,旺宏,135818.86 ,僅母公司,ISO 14064,254129.16 ,僅母公司,ISO 14064,264671.78 ,僅母公司,ISO 14064,0.01 ,千元營業額
2338,光罩,304.82 ,僅母公司,N,15654.65 ,僅母公司,N,N/A,N/A,N,0.78 ,公斤
2340,台亞,2190.41 ,創新廠及力行廠,ISO 14064,32788.97 ,創新廠及力行廠,ISO 14064,6253.31 ,創新廠及力行廠,ISO 14064,9.10 ,百萬元營業額
2342,茂矽,148898.84 ,僅母公司,ISO 14064,49789.48 ,僅母公司,ISO 14064,N/A,N/A,N,18.44 ,產品
2344,華邦電,44373.00 ,母公司,ISO 14064,353523.00 ,母公司,ISO 14064,443204.00 ,母公司,ISO 14064,0.01 ,layer(層-晶圓光罩)
2345,智邦,809.00 ,母公司。,ISO 14064,14439.00 ,母公司。,ISO 14064,5191.00 ,"母公司，說明如下：
新竹一廠及竹南廠(3.1上游貨物運輸/3.3員工通勤/3.5商務旅/4.1外購電力及氮氣/4.3一般廢棄物處理及4.5自來水)
新竹二廠(3.3員工通勤/4.1外購電力/4.3一般廢棄物處理及4.5自來水)",ISO 14064,0.20 ,百萬元營業額
2347,聯強,1834.00 ,僅母公司,N,2250.00 ,僅母公司,N,N/A,N/A,N,0.00 ,服務
2348,海悅,N/A,N/A,N,N/A,N/A,N,N/A,N/A,N,N/A,N/A
2349,錸德,67.90 ,僅母公司,N,15721.39 ,僅母公司,N,N/A,N/A,N,0.01 ,營業額單位:千元
2351,順德,1932.76 ,母公司,N,27605.79 ,母公司,N,13850.46 ,母公司,N,0.00 ,千元營業額
2352,佳世達,4804.97 ,佳世達台灣/蘇州/越南廠區,ISO 14064,68964.83 ,佳世達台灣/蘇州/越南廠區,ISO 14064,1801.86 ,"台灣廠區：商務旅行、員工通勤(交通車)、能資源上游、運營中產生的廢物
蘇州廠區：商務旅行、員工通勤(交通車)
越南廠區：商務旅行、員工通勤(交通車)",ISO 14064,16.50 ,百萬元營業額
2353,宏,2705.30 ,含合併財務報表之母子公司,ISO 14064,8784.50 ,含合併財務報表之母子公司,ISO 14064,6694194.58 ,含合併財務報表之母子公司,ISO 14064,0.04 ,百萬元營業額
2354,鴻準,6025.00 ,鴻準集團主要廠區,N,247970.00 ,鴻準集團主要廠區,N,N/A,N/A,N,2.80 ,百萬元營業額
2355,敬鵬,3605.66 ,母公司+ 子公司 敬鵬(常熟)電子有限公司,N,170323.63 ,母公司+ 子公司 敬鵬(常熟)電子有限公司,N,11291.37 ,母公司+ 子公司 敬鵬(常熟)電子有限公司,N,11.25 ,百萬元營業額
2356,英業達,7344.38 ,"*英業達股份有限公司Inventec Corporation(士林廠 Shilin site(IET)、桃園廠 Taoyuan site(TAO)、桃園廠 Taoyuan site(TRDC/ITO)、台北辦公室Taipei office、台南建物Tainan building、日本東京辦公室(IJC))
*英業達(重慶)有限公司Inventec (Chongqing) Corporation (ICC)
*英業達科技有限公司Inventec (Pudong) Technology Corporation (IPT)
*上海順詮科技有限公司SQ Technology (Shanghai) Corporation (SQT)
*Inventec (Czech) S.R.O. (ICZ)
*IEC Technologies, S . de R. L. de C. V. (IMX)",ISO 14064,93424.55 ,"*英業達股份有限公司Inventec Corporation(士林廠 Shilin site(IET)、桃園廠 Taoyuan site(TAO)、桃園廠 Taoyuan site(TRDC/ITO)、台北辦公室Taipei office、台南建物Tainan building、日本東京辦公室(IJC))
*英業達(重慶)有限公司Inventec (Chongqing) Corporation (ICC)
*英業達科技有限公司Inventec (Pudong) Technology Corporation (IPT)
*上海順詮科技有限公司SQ Technology (Shanghai) Corporation (SQT)
*Inventec (Czech) S.R.O. (ICZ)
*IEC Technologies, S . de R. L. de C. V. (IMX)",ISO 14064,879218.83 ,"*英業達股份有限公司Inventec Corporation(士林廠 Shilin site(IET)、桃園廠 Taoyuan site(TAO)、桃園廠 Taoyuan site(TRDC/ITO)、台北辦公室Taipei office)
*英業達(重慶)有限公司Inventec (Chongqing) Corporation (ICC)
*英業達科技有限公司Inventec (Pudong) Technology Corporation (IPT)
*上海順詮科技有限公司SQ Technology (Shanghai) Corporation (SQT)
*Inventec (Czech) S.R.O. (ICZ)
*IEC Technologies, S . de R. L. de C. V. (IMX)",ISO 14064,100768.93 ,"(千億營業額)英業達 2022 年範疇一(類別1)和範疇二(類別2)溫室氣體排放密集度為 22,276公噸CO2e /千億元"
2357,華碩,1388.35 ,依當年度合併財務報表所列有關華碩產品全球營運據點之母子公司，並採用營運控制權法排除不具控制權之子公司,ISO 14064,17346.23 ,依當年度合併財務報表所列有關華碩產品全球營運據點之母子公司，並採用營運控制權法排除不具控制權之子公司,ISO 14064,2502095.14 ,"「上游運輸與配銷」：63,961.95噸CO2e。依當年度合併財務報表所列有關華碩產品全球營運據點之母子公司，並採用營運控制權法排除不具控制權之子公司。
「產品下游運輸與配銷」：58,345.42噸CO2e。依當年度合併財務報表所列有關華碩產品全球營運據點之母子公司，並採用營運控制權法排除不具控制權之子公司。
「商務旅行」：1,361.32噸CO2e。僅母公司。
「員工通勤」：6,308.83噸CO2e。僅母公司。
「採購產品與服務(供應鏈)」：1,062,862.96噸CO2e。依當年度合併財務報表所列有關華碩產品全球營運據點之母子公司，並採用營運控制權法排除不具控制權之子公司。
「燃料與能源相關活動」：3,672.07噸CO2e。依當年度合併財務報表所列有關華碩產品全球營運據點之母子公司，並採用營運控制權法排除不具控制權之子公司。
「產品使用」：1,296,320.23噸CO2e。依當年度合併財務報表所列有關華碩產品全球營運據點之母子公司，並採用營運控制權法排除不具控制權之子公司。
「售出產品的最終處置」：9,262.36噸CO2e依當年度合併財務報表所列有關華碩產品全球營運據點之母子公司，並採用營運控制權法排除不具控制權之子公司。",ISO 14064,187.61 ,百萬元營業額
2358,廷鑫,N/A,N/A,N,N/A,N/A,N,N/A,N/A,N,N/A,N/A
2359,所羅門,196.96 ,母公司及實質營運之子公司,ISO 14064,5602.85 ,母公司及實質營運之子公司,ISO 14064,5799.82 ,母公司及實質營運之子公司,ISO 14064,1.10 ,百萬元營業額
2360,致茂,398.70 ,母公司及台灣地區分公司,ISO 14064,8607.33 ,母公司及台灣地區分公司,ISO 14064,1692.78 ,母公司及台灣地區分公司,ISO 14064,0.00 ,千元營業額
2362,藍天,130.58 ,台灣母公司總部及主要製造廠昆山廠,詳上所述,3621.72 ,台灣母公司總部及主要製造廠昆山廠,詳上所述,N/A,N/A,N,0.20 ,百萬元營業額
2363,矽統,N/A,N/A,N,N/A,N/A,N,N/A,N/A,N,N/A,N/A
2364,倫飛,653.02 ,母公司,N,N/A,N/A,N,N/A,N/A,N,0.00 ,千元營業額
2365,昆盈,36.63 ,台北總公司及東莞廠,N,722.50 ,台北總公司及東莞廠,N,N/A,N/A,N,0.07 ,平方公尺
2367,燿華,4235.25 ,僅母公司,ISO 14064,111487.12 ,僅母公司,ISO 14064,33568.31 ,僅母公司,ISO 14064,0.04 ,產品
2368,金像電,39330.22 ,合併財務報表之母子公司,ISO 14064,269105.99 ,合併財務報表之母子公司,ISO 14064,24904.34 ,合併財務報表之母子公司,ISO 14064,12.78 ,百萬元營業額
2369,菱生,1750.45 ,僅母公司,ISO 14064,63035.32 ,僅母公司,ISO 14064,11581.47 ,僅母公司,ISO 14064,17.47 ,產品
2371,大同,31998.82 ,僅母公司,N,18793.03 ,僅母公司,N,N/A,N/A,N,50791.85 ,"16,792,440千元營業額"
2373,震旦行,1051.87 ,僅母公司,N,1481.95 ,僅母公司,N,N/A,N/A,N,0.00 ,千元營業額
2374,佳能,106.37 ,母公司,N,1002.14 ,母公司,N,N/A,N/A,N,0.21 ,百萬元營業額
2375,凱美,1192.11 ,子公司,N,8498.04 ,子公司,N,N/A,N/A,N,N/A,N/A
2376,技嘉,627.81 ,技嘉科技營運總部、桃園南平廠、中國東莞廠和中國寧波廠，及子公司百事益國際、盈嘉科技、技宸、智力精密工業等所在的臺北矽谷園區辦公室,ISO 14064,27283.64 ,技嘉科技營運總部、桃園南平廠、中國東莞廠和中國寧波廠，及子公司百事益國際、盈嘉科技、技宸、智力精密工業等所在的臺北矽谷園區辦公室,ISO 14064,6593183.15 ,依據廠區及產品別而有不同的統計邊界,ISO 14064,0.26 ,百萬元營業額
2377,微星,1097.00 ,台灣及大陸廠區,ISO14064-1,45627.00 ,台灣及大陸廠區,ISO14064-1,4903.00 ,僅盤查總部員工之國外商務旅行、微星台北之下游貨物運輸和配送、台灣地區廠區廢棄物處置、微星台北餐廳外包商液化石油氣使用以及微盟廠外租空間能源間接。,ISO14064-1,0.26 ,百萬元營業額
2379,瑞昱,808.49 ,僅包含瑞昱台灣母公司營運總部,ISO 14064,25654.39 ,僅包含瑞昱台灣母公司營運總部,ISO 14064,N/A,N/A,N,0.24 ,百萬元營業額
2380,虹光,46.98 ,母公司,N,852.84 ,僅母公司,N,N/A,N/A,N,0.50 ,百萬元營業額
2382,廣達,32418.94 ,廣達電腦(股)公司臺灣總部QRDC及廣達台灣製造城QTMC、廣達上海製造城QSMC、廣達重慶製造城QCMC、廣達泰國廠QMB,ISO 14064,284852.69 ,廣達電腦(股)公司臺灣總部QRDC及廣達台灣製造城QTMC、廣達上海製造城QSMC、廣達重慶製造城QCMC、廣達泰國廠QMB,ISO 14064,32101.00 ,廣達電腦(股)公司臺灣總部QRDC及廣達台灣製造城QTMC、廣達上海製造城QSMC、廣達重慶製造城QCMC、廣達泰國廠QMB,ISO 14064,0.06 ,百萬元營業額
2383,台光電,58996.22 ,合併財務報表之母子公司(不含美國子公司),ISO 14064,97958.22 ,合併財務報表之母子公司(不含美國子公司),ISO 14064,5717.77 ,合併財務報表之母子公司(不含美國子公司),ISO 14064,0.00 ,千元營業額
2385,群光,7555.21 ,群光電子(含海外各廠區，不含子公司),ISO 14064,67148.05 ,群光電子(含海外各廠區，不含子公司),ISO 14064,862807.22 ,群光電子(含海外各廠區，不含子公司),ISO 14064,1.04 ,百萬元營業額
2387,精元,N/A,N/A,N,N/A,N/A,N,N/A,N/A,N,N/A,N/A
2388,威盛,0.04 ,威盛台北總公司,GRI STANDARDS / AA1000 TYPE1,1132.56 ,威盛台北總公司,GRI STANDARDS / AA1000 TYPE1,2.25 ,威盛台北總公司,GRI STANDARDS / AA1000 TYPE1,0.12 ,百萬元營業額
2390,云辰,N/A,N/A,N,N/A,N/A,N,N/A,N/A,N,N/A,N/A
2392,正崴,10563.00 ,母公司及主要生產基地之子公司11個廠區,ISO 14064,196427.00 ,母公司及主要生產基地之子公司11個廠區,ISO 14064,1046296.00 ,母公司及主要生產基地之子公司11個廠區,ISO 14064,N/A,N/A
2393,億光,480.80 ,總部、苗栗苑裡廠、苗栗銅鑼廠,N,27331.10 ,億光電子台灣地區,N,N/A,N/A,N,6.10 ,產品
2395,研華,3470.41 ,邊界範疇包含研華台灣(瑞光、陽光、林口、東湖)及中國昆山廠區,ISO 14064,29907.92 ,邊界範疇包含研華台灣(瑞光、陽光、林口、東湖)及中國昆山廠區,ISO 14064,1138767.48 ,邊界範疇包含研華台灣(瑞光、陽光、林口、東湖)及中國昆山廠區，部分項目包含全球,ISO 14064,0.49 ,百萬元營業額
2397,友通,164.85 ,友通資訊之組織邊界設定以營運控制權為主，其盤查組織邊界之溫室氣體排放量百分之百歸屬本公司，友通包括汐止遠雄總部、新店辦公室及桃園工廠。,ISO 14064,3321.94 ,友通資訊之組織邊界設定以營運控制權為主，其盤查組織邊界之溫室氣體排放量百分之百歸屬本公司，友通包括汐止遠雄總部、新店辦公室及桃園工廠。,ISO 14064,14379.89 ,友通資訊之組織邊界設定以營運控制權為主，其盤查組織邊界之溫室氣體排放量百分之百歸屬本公司，友通包括汐止遠雄總部、新店辦公室及桃園工廠。本年度新增盤查員工通勤碳排放量，於111年12月9日進行線上問卷調查(https://forms.gle/ixnBFDw5hDvq3igm6)，本問卷對象為全體台籍同仁(外籍同仁皆為公司住宿)，並採實名制以確認全體同仁皆已完成填答。問卷調查內容包括交通車、高鐵、台鐵、捷運、公車、計程車、自駕小客車、機車、腳踏車及步行等交通方式，並請同仁提供上下車站點或移動距離(以Google Map進行估算)，現僅針對環保署產品碳足跡系統公告項目計算之。,ISO 14064,N/A,N/A
2399,映泰,N/A,N/A,N,N/A,N/A,N,N/A,N/A,N,N/A,N/A
2401,凌陽,2.41 ,僅母公司,N,3631.82 ,僅母公司,N,N/A,N/A,N,0.54 ,百萬元營業額
2402,毅嘉,485.09 ,母公司,ISO 14064,10109.61 ,母公司,ISO 14064,1138.86 ,母公司,ISO 14064,2.06 ,百萬元營業額
2404,漢唐,N/A,N/A,N,589.16 ,母公司,N,N/A,N/A,N,0.01 ,百萬元營業額
2405,輔信,13.80 ,母公司,N,387.80 ,母公司,N,N/A,N/A,N,N/A,N/A
2406,國碩,36.20 ,國碩二廠和國碩新豐廠,N,3703.64 ,國碩二廠和國碩新豐廠,N,N/A,N/A,N,0.00 ,千元營業額
2408,南亞科,59787.80 ,母公司,ISO 14064,381165.89 ,母公司,ISO 14064,740675.32 ,母公司,ISO 14064,0.41 ,千顆晶粒
2409,友達,69745.35 ,全球營運據點,ISO 14064,2396609.69 ,全球營運據點,ISO 14064,1004485.85 ,全球營運據點及友達晶材,ISO 14064,0.05 ,產品
2412,中華電,19185.32 ,母公司,ISO 14064,694912.72 ,母公司,ISO 14064,1828060.88 ,母公司,ISO 14064,3.30 ,百萬元營業額
2413,環科,218.84 ,母公司,N,3463.74 ,母公司,N,730.69 ,母公司,N,0.91 ,百萬元營業額
2414,精技,N/A,N/A,N,733.78 ,僅母公司,N,N/A,N/A,N,0.03 ,百萬元營業額
2415,錩新,2913.26 ,母公司+錩新科技(越南)公司,N,12843.56 ,母公司+錩新科技(越南)公司,N,494.92 ,母公司+錩新科技(越南)公司,N,40324.21 ,百萬元營業額
2417,圓剛,26.92 ,母公司,ISO 14064,512.22 ,母公司,ISO 14064,6084.00 ,母公司,ISO 14064,0.24 ,噸CO2e/坪
2419,仲琦,191.43 ,新竹總部+海外駐點(越南工廠),ISO 14064,8878.67 ,新竹總部+海外駐點(越南工廠),ISO 14064,28410.35 ,新竹總部+海外駐點(越南工廠),ISO 14064,21.89 ,百萬元營業額
2420,新巨,326.00 ,包含合併財務報表之母子公司,N,4480.00 ,包含合併財務報表之母子公司,N,N/A,N/A,N,1.82 ,百萬元營業額
2421,建準,2148.66 ,高雄總部及工廠、台北辦事處、昆山廣興電子有限公司、北海建準電子有限公司、北海立準電子有限公司、Sunon Electronics Philippines Corp、Sunon Inc、Sunon SAS、Sunon Electronics India Private Limited,ISO 14064,22281.16 ,高雄總部及工廠、台北辦事處、昆山廣興電子有限公司、北海建準電子有限公司、北海立準電子有限公司、Sunon Electronics Philippines Corp、Sunon Inc、Sunon SAS、Sunon Electronics India Private Limited,ISO 14064,1830.38 ,高雄總部及工廠、台北辦事處、昆山廣興電子有限公司、北海建準電子有限公司、北海立準電子有限公司、Sunon Electronics Philippines Corp、Sunon Inc、Sunon SAS、Sunon Electronics India Private Limited,ISO 14064,13.02 ,百萬元營業額
2423,固緯,23.97 ,母公司,N,1391.71 ,母公司,N,N/A,N/A,N,0.49 ,百萬元營業額
2424,隴華,72.71 ,僅母公司,N,N/A,N/A,N,N/A,N/A,N,N/A,N/A
2425,承啟,N/A,N/A,N,N/A,N/A,N,N/A,N/A,N,N/A,N/A
2426,鼎元,9847.61 ,僅母公司,ISO 14064,16159.30 ,僅母公司,ISO 14064,3584.61 ,僅母公司,ISO 14064,11.80 ,百萬元營業額
2427,三商電,N/A,N/A,N,269.07 ,總公司及桃園倉庫,N,N/A,N/A,N,0.85 ,員工人數
2428,興勤,1070.11 ,本公司所有廠區及子公司元耀科技股份有限公司、興勤(常州)電子有限公司、東莞為勤電子有限公司、興勤(宜昌)電子有限公司及江西興勤電子有限公司,ISO 14064,51190.47 ,本公司所有廠區及子公司元耀科技股份有限公司、興勤(常州)電子有限公司、東莞為勤電子有限公司、興勤(宜昌)電子有限公司及江西興勤電子有限公司,ISO 14064,2598.38 ,本公司所有廠區及子公司元耀科技股份有限公司、興勤(常州)電子有限公司、東莞為勤電子有限公司、興勤(宜昌)電子有限公司及江西興勤電子有限公司,ISO 14064,0.01 ,KPCS產品
2429,銘旺科,56.09 ,僅母公司,N,1526.35 ,僅母公司,N,N/A,N/A,N,N/A,N/A
2430,燦坤,N/A,N/A,N,N/A,N/A,N,N/A,N/A,N,N/A,N/A
2431,聯昌,N/A,N/A,N,N/A,N/A,N,N/A,N/A,N,N/A,N/A
2432,倚天酷-創,0.05 ,僅申報公司,ISO 14064,67.00 ,僅申報公司,ISO 14064,N/A,N/A,ISO 14064,0.04 ,百萬元營業額
2433,互盛電,253.90 ,僅母公司,N,255.64 ,僅母公司,N,N/A,N/A,N,0.00 ,千元營業額
2434,統懋,N/A,N/A,N,N/A,N/A,N,N/A,N/A,N,N/A,N/A
2436,偉詮電,44.00 ,僅母公司,N,1416.00 ,僅母公司,N,N/A,N/A,N,0.53 ,百萬元營業額
2438,翔耀,N/A,N/A,N,N/A,N/A,N,N/A,N/A,N,N/A,N/A
2439,美律,1283.01 ,母公司與部分合併財務報表之子公司,ISO 14064,19972.47 ,母公司與部分合併財務報表之子公司,ISO 14064,11756259.92 ,母公司與部分合併財務報表之子公司,ISO 14064,0.60 ,百萬元營業額
2440,太空梭,N/A,N/A,N,N/A,N/A,N,N/A,N/A,N,N/A,N/A
2441,超豐,1176.25 ,公義廠及頭份廠,ISO 14064,107478.10 ,公義廠及頭份廠,ISO 14064,32247.41 ,公義廠及頭份廠,ISO 14064,8.83 ,百萬元營業額
2442,新美齊,N/A,N/A,N,80.27 ,僅母公司,N,N/A,N/A,N,N/A,N/A
2443,昶虹,N/A,N/A,N,2.69 ,母公司,N,N/A,N/A,N,N/A,N/A
2444,兆勁,N/A,N/A,N,N/A,N/A,N,N/A,N/A,N,N/A,N/A
2449,京元電子,6522.00 ,包含合併財務報表之母子公司,ISO 14064,412522.00 ,包含合併財務報表之母子公司,ISO 14064,79728.00 ,包含合併財務報表之母子公司,ISO 14064,1356.00 ,億元
2450,神腦,341.72 ,2022年盤查邊界，以營運控制權法，包含新店總公司共10處辦公室,2022年按ISO 14064-1:2018進行溫室氣體盤查，並通過SGS-Taiwan查證。,324.82 ,2022年盤查邊界，以營運控制權法，包含新店總公司共10處辦公室,2022年按ISO 14064-1:2018進行溫室氣體盤查，並通過SGS-Taiwan查證。,164.48 ,2022年盤查邊界，以營運控制權法，包含新店總公司共10處辦公室,2022年按ISO 14064-1:2018進行溫室氣體盤查，並通過SGS-Taiwan查證。,1.92 ,人
2451,創見,34.99 ,僅母公司,N,4087.88 ,僅母公司,N,N/A,N/A,N,0.34 ,百萬元營業額
2453,凌群,N/A,N/A,N,1107.00 ,母公司,N,N/A,N/A,N,0.20 ,百萬元營業額
2454,聯發科,6078.00 ,僅母公司,BSI依據AA1000標準進行ESG報告書查證,84243.00 ,僅母公司,BSI依據AA1000標準進行ESG報告書查證,N/A,N/A,N,7.32 ,母公司員工人數
2455,全新,270.78 ,平鎮廠、平鎮二廠,N,15290.46 ,平鎮廠、平鎮二廠,N,N/A,N/A,N,15561.24 ,產品
2457,飛宏,53.36 ,母公司,N,847.49 ,母公司,N,613.17 ,母公司,N,0.06 ,百萬元營業額
2458,義隆,154.92 ,義隆電子(新竹.中和.台南.高雄)、義隆香港、義晶、義碩、義傳,AA1000,2913.47 ,義隆電子(新竹.中和.台南.高雄)、義隆香港、義晶、義碩、義傳,AA1000,575.16 ,義隆電子(新竹.中和)、義晶、義碩、義傳,AA1000,0.01 ,每單位產品
2459,敦吉,N/A,N/A,N,361.00 ,母公司及子公司敦吉檢測科技股份有限公司台北商辦大樓,N,N/A,N/A,N,N/A,N/A
2460,建通,N/A,N/A,N,N/A,N/A,N,N/A,N/A,N,N/A,N/A
2461,光群雷,3.52 ,僅母公司,N,1628.79 ,僅母公司,N,N/A,N/A,N,0.93 ,百萬元營業額
2462,良得電,N/A,N/A,N,N/A,N/A,N,N/A,N/A,N,N/A,N/A
2464,盟立,N/A,N/A,N,N/A,N/A,N,N/A,N/A,N,N/A,N/A
2465,麗臺,N/A,N/A,N,N/A,N/A,N,N/A,N/A,N,N/A,N/A
2466,冠西電,N/A,N/A,N,2861.46 ,母公司宜蘭廠,N,N/A,N/A,N,0.00 ,仟元營業額
2467,志聖,443.09 ,母公司,N,1438.19 ,母公司,N,276.18 ,母公司,N,N/A,N/A
2468,華經,0.00 ,包含合併財務報表之母子公司,N,288.73 ,包含合併財務報表之母子公司,N,0.00 ,包含合併財務報表之母子公司,N,N/A,N/A
2471,資通,N/A,N/A,N,N/A,N/A,N,246.00 ,僅母公司,N,N/A,N/A
2472,立隆電,557.20 ,立隆、立隆惠州、立隆蘇州,N,45496.80 ,立隆、立隆惠州、立隆蘇州,N,N/A,N/A,N,N/A,N/A
2474,可成,7830.12 ,僅母公司台南廠區,N,62666.86 ,僅母公司台南廠區,N,37.96 ,僅母公司台南廠區外包交通運輸之柴油,N,9.53 ,百萬元營業額
2476,鉅祥,N/A,N/A,N,N/A,N/A,N,N/A,N/A,N,N/A,N/A
2477,美隆電,23.72 ,母公司,N,543.31 ,母公司,N,N/A,N/A,N,0.00 ,千元營業額
2478,大毅,437.68 ,母公司,ISO 14064,25405.36 ,母公司,ISO 14064,116.31 ,母公司,ISO 14064,25843.04 ,百萬元營業額
2480,敦陽科,30.00 ,新竹總公司、台北辦事處,N,434.10 ,新竹總公司、台北辦事處,N,N/A,N/A,N,0.07 ,百萬元營業額
2481,強茂,1437.44 ,岡山廠,N,25242.32 ,岡山廠,N,249.69 ,岡山廠,N,3.04 ,營業額
2482,連宇,N/A,N/A,N,698.91 ,僅母公司,N,N/A,N/A,N,N/A,N/A
2483,百容,133.50 ,僅母公司,N,3897.99 ,僅母公司,N,N/A,N/A,N,N/A,N/A
2484,希華,432.52 ,母公司,N,14915.00 ,母公司,N,N/A,N/A,N,5.04 ,百萬元營業額
2485,兆赫,748.42 ,僅母公司,N,5432.89 ,僅母公司,N,N/A,N/A,N,0.00 ,千元營業額
2486,一詮,83.01 ,母公司,N,9281.77 ,母公司,N,35050.28 ,母公司,N,0.02 ,千元營業額
2488,漢平,21.25 ,範疇一是針對直接來自於母公司所擁有或控制的排放源，其包含固定燃燒源、製程排放、交通運輸上之移動燃燒源及逸散性的排放源，排放係數依環保署最新公告溫室氣體排放係數管理表6.0.4版計算。,N,365.09 ,範疇二是指能源間接排放，如外購電力。電力排放係數依經濟部能源局最新公告之最新電力排碳係數計算。(母公司),N,N/A,N/A,N,0.13 ,百萬元營業額
2489,瑞軒,993.20 ,包含合併財務報表之母子公司,ISO 14064,19451.10 ,包含合併財務報表之母子公司,ISO 14064,N/A,N/A,N,1.25 ,百萬元營業額
2491,吉祥全,86.04 ,母子公司,N,N/A,N/A,N,N/A,N/A,N,N/A,N/A
2492,華新科,8028.00 ,母公司及主要生產基地之子公司(東莞/蘇州/廣州),ISO 14064,204746.00 ,母公司及主要生產基地之子公司(東莞/蘇州/廣州),ISO 14064,21769.00 ,僅母公司,ISO 14064,0.31 ,產品
2493,揚博,N/A,N/A,N,N/A,N/A,N,N/A,N/A,N,N/A,N/A
2495,普安,1.86 ,僅母公司,N,2439.30 ,僅母公司,N,N/A,N/A,N,0.00 ,千元營業額
2496,卓越,N/A,N/A,N,N/A,N/A,N,N/A,N/A,N,N/A,N/A
2497,怡利電,N/A,N/A,N,N/A,N/A,N,N/A,N/A,N,N/A,N/A
2498,宏達電,153.62 ,範圍以HTC台灣區域為主，涵蓋所有HTC在台灣執行營運的母子公司組織範疇,ISO 14064,7559.07 ,範圍以HTC台灣區域為主，涵蓋所有HTC在台灣執行營運的母子公司組織範疇,ISO 14064,1647.47 ,範圍以HTC台灣區域為主，涵蓋所有HTC在台灣執行營運的母子公司組織範疇,ISO 14064,1.75 ,百萬元營業額
2501,國建,115.17 ,僅母公司,N,1564.09 ,僅母公司,N,275.59 ,僅母公司,N,12.22 ,員工人數
2504,國產,30951.58 ,母公司及所屬十家子公司,ISO14064-1,29913.54 ,母公司及所屬十家子公司,ISO14064-1,N/A,N/A,N,0.00 ,千元營業額
2505,國揚,N/A,N/A,N,N/A,N/A,N,N/A,N/A,N,N/A,N/A
2506,太設,N/A,N/A,N,151.19 ,僅總公司大樓及執行中工地,N,N/A,N/A,N,151.19 ,"千元營業額653,954=0.0002"
2509,全坤建,N/A,N/A,N,N/A,N/A,N,N/A,N/A,N,N/A,N/A
2511,太子,411.50 ,母公司,N,3496.20 ,母公司,N,606.60 ,母公司,N,0.06 ,平方公尺(樓地板面積為99149.5平方公尺)
2514,龍邦,N/A,N/A,N,N/A,N/A,N,N/A,N/A,N,N/A,N/A
2516,新建,746.63 ,母公司,N,1583.88 ,母公司,N,N/A,N/A,N,0.23 ,百萬元營業額
2520,冠德,37.71 ,固定燃燒，移動排放，逸散排放,合理保證等級,171.33 ,外購電力,合理保證等級,34.41 ,類別四：購買燃料及自來水，購買紙張及再生紙,有限保證等級,0.01 ,百萬元營業額
2524,京城,N/A,N/A,N,N/A,N/A,N,N/A,N/A,N,N/A,N/A
2527,宏璟,11.61 ,包含合併財務報表之母子公司,N,5343.33 ,包含合併財務報表之母子公司,N,N/A,N/A,N,14.32 ,員工及商場承租戶員工人數
2528,皇普,15.56 ,本公司,N,21.44 ,本公司,N,N/A,N/A,N,0.02 ,百萬元營業額
2530,華建,8.32 ,合併財務報表之母子公司,N,818.89 ,合併財務報表之母子公司,N,N/A,N/A,N,23.34 ,樓地板面積(平方公尺)
2534,宏盛,N/A,N/A,N,N/A,N/A,N,N/A,N/A,N,N/A,N/A
2535,達欣工,46.36 ,母公司營運總部,N,187.81 ,母公司營運總部,N,174.64 ,母公司營運總部(員工通勤.商務旅行),N,0.01 ,百萬元營業額
2536,宏普,7.70 ,公務車加油量,N,30.41 ,總公司大樓分攤用電及辦公室用電,N,N/A,N/A,N,0.05 ,百萬元營業額
2537,聯上發,N/A,N/A,N,N/A,N/A,N,N/A,N/A,N,N/A,N/A
2538,基泰,N/A,N/A,N,26.00 ,母公司,N,N/A,N/A,N,N/A,N/A
2539,櫻花建,23.52 ,母公司,N,2624.52 ,母公司,N,N/A,N/A,N,0.00 ,單位:樓地板面積
2540,愛山林,N/A,N/A,N,N/A,N/A,N,N/A,N/A,N,N/A,N/A
2542,興富發,0.00 ,母公司,N,292.11 ,母公司,N,N/A,N/A,N,0.01 ,百萬元營業額
2543,皇昌,N/A,N/A,N,N/A,N/A,N,N/A,N/A,N,N/A,N/A
2545,皇翔,N/A,N/A,N,N/A,N/A,N,N/A,N/A,N,N/A,N/A
2546,根基,10886.99 ,總公司及工程專案,ISO 14064,2704.20 ,總公司及工程專案,ISO 14064,271117.56 ,總公司及工程專案,ISO 14064,0.96 ,百萬元營業額
2547,日勝生,135.38 ,日勝生(已查證)/日鼎水務(查證中),ISO 14064,6550.93 ,日勝生(已查證)/日鼎水務(查證中),ISO 14064,2675.59 ,日勝生(已查證)/日鼎水務(查證中),ISO 14064,1.62 ,日勝生：噸CO2e/人
2548,華固,13.67 ,僅母公司辦公室,N,35.18 ,僅母公司辦公室,N,N/A,N/A,N,0.00 ,百萬元營業額
2597,潤弘,562702.56 ,包含合併財務報表之母子公司,ISO 14064-1,41327.03 ,包含合併財務報表之母子公司,ISO 14064-1,N/A,N/A,N,0.88 ,熟料產量
2601,益航,N/A,N/A,N,65453.00 ,合併財務報表之母子公司,N,N/A,N/A,N,N/A,N/A
2603,長榮,8149604.54 ,合併財務報表之母子公司所營運船隊、高雄貨櫃場以及台灣地區各辦公大樓。,ISO14064-1:2018 & GHG Protocol,35609.77 ,合併財務報表之母子公司所營運船隊、高雄貨櫃場以及台灣地區各辦公大樓。,ISO14064-1:2018 & GHG Protocol,994495.88 ,合併財務報表之母子公司所營運船隊、高雄貨櫃場以及台灣地區各辦公大樓。,ISO14064-1:2018 GHG Protocol,0.00 ,海運使用單位為g/TEU-KM， 111年為38.2 g/TEU-KM。
2605,新興,286319.00 ,包含合併財務報表之母子公司,N,20.60 ,僅母公司,N,N/A,N/A,N,0.40 ,海哩
2606,裕民,708912.00 ,本公司自有船舶之直接排放量,DNV VeriSustain 中等保證等級,87.80 ,母公司辦公室外購電力之間接排放源,DNV VeriSustain 中等保證等級,54.53 ,母公司員工通勤及商務差旅,DNV VeriSustain 中等保證等級,0.05 ,千元營業額
2607,榮運,24097.34 ,僅母公司,N,6720.66 ,僅母公司,N,N/A,N/A,N,N/A,N/A
2608,嘉里大榮,53963.51 ,嘉里大榮物流組織全部(僅母公司),N,22030.71 ,嘉里大榮物流組織全部(僅母公司),N,15389.02 ,嘉里大榮物流組織全部(僅母公司),N,9.07 ,百萬元營業額
2609,陽明,4034299.54 ,母公司,ISO 14064,11200.41 ,母公司,ISO 14064,648041.50 ,母公司,ISO 14064,0.02 ,仟元個體營業收入
2610,華航,5439091.00 ,母公司為主體（但包含全球飛航燃油使用、企業總部、修護廠區、台灣地區作業區域與分公司，盤查範圍為同業最廣/全面),ISO 14064,16468.00 ,母公司為主體（但包含全球飛航燃油使用、企業總部、修護廠區、台灣地區作業區域與分公司，盤查範圍為同業最廣/全面）,ISO 14064,1240935.00 ,母公司為主體（但包含全球飛航燃油使用、企業總部、修護廠區、台灣地區作業區域與分公司，盤查範圍較同業廣）,ISO 14064,0.78 ,千RTK
2611,志信,N/A,N/A,N,N/A,N/A,N,N/A,N/A,N,N/A,N/A
2612,中航,332770.00 ,海岬型散裝輪船隊，貨櫃運輸曳引車及倉儲物流機具。,MARPOL Annex VI Regulation 27 防止船舶污染國際公約(MARPOL) 附錄VI規則27,1810.28 ,包含合併財務報表之母子公司,N,N/A,N/A,N,75.46 ,百萬元營業額
2613,中櫃,4178.74 ,僅本公司,N,8968.27 ,僅本公司之各站數據合計,N,N/A,N/A,N,N/A,N/A
2614,東森,118.07 ,僅母公司,ISO 14064,11417.15 ,僅母公司,ISO 14064,2021.76 ,僅母公司,ISO 14064,2.28 ,百萬元營業額
2615,萬海,5359084.49 ,母公司(萬海船隊、台中高雄碼頭和台灣辦公室),GHG Protocol and ISO 14064-1:2018,13409.89 ,母公司(萬海船隊、台中高雄碼頭和台灣辦公室),GHG Protocol and ISO 14064-1:2018,2046482.32 ,母公司之營運產生之廢棄物(tCO2e)、資本財(tCO2e)、燃料及能源相關活動(tCO2e),GHG Protocol and ISO 14064-1:2018,20.75 ,百萬元營業額
2616,山隆,N/A,N/A,N,N/A,N/A,N,N/A,N/A,N,N/A,N/A
2617,台航,282300.87 ,包含合併財務報表之母子公司,N,107.80 ,包含合併財務報表之母子公司,N,N/A,N/A,N,N/A,N/A
2618,長榮航,4489866.38 ,僅母公司,ISO 14064,12328.67 ,僅母公司,ISO 14064,6934.85 ,僅母公司,ISO 14064,0.73 ,服務
2630,亞航,196.13 ,"本公司廠區(松山、台中、台南
(含歸仁)、屏東)所產生之範疇一
溫室氣體排放量。",N,3662.47 ,"本公司廠區(松山、台中、台南
(含歸仁)、屏東)所產生之範疇二
溫室氣體排放量。",N,N/A,N/A,N,0.95 ,百萬營業額
2633,台灣高鐵,503.91 ,12個車站,ISO 14064,43397.69 ,12個車站,ISO 14064,8865.40 ,12個車站,ISO 14064,33.94 ,延人公里
2634,漢翔,5720.75 ,母公司,ISO 14064,64772.92 ,母公司,ISO 14064,27340.93 ,母公司,ISO 14064,2.33 ,百萬元營業額
2636,台驊投控,246875.00 ,母公司,N,N/A,N/A,N,N/A,N/A,N,N/A,N/A
2637,慧洋-KY,40667.00 ,包含合併財務報表之母子公司,N,112.00 ,包含合併財務報表之母子公司,N,1759363.00 ,包含合併財務報表之母子公司,N,1.64 ,百萬元營業額
2642,宅配通,13639.91 ,台灣宅配通股份有限公司,N,4684.65 ,台灣宅配通股份有限公司,N,N/A,N/A,N,N/A,N/A
2645,長榮航太,N/A,N/A,N,N/A,N/A,N,N/A,N/A,N,N/A,N/A
2701,萬企,N/A,N/A,N,357.71 ,以萬華企業為主體,N,N/A,N/A,N,1.55 ,百萬元營業額
2702,華園,N/A,N/A,N,94.39 ,僅為母公司,N,N/A,N/A,N,21990.00 ,千元營業額
2704,國賓,2955.98 ,2022/1/1~2022/12/31以國賓大飯店為主體，包含台北、新竹、高雄三館,N,10522.05 ,2022/1/1~2022/12/31以國賓大飯店為主體，包含台北、新竹、高雄三館,N,N/A,N/A,N,0.01 ,千元營業額
2705,六福,1979.65 ,母公司之主要營運地，包含總公司及南港分公司,N,10824.17 ,母公司之主要營運地，包含總公司及南港分公司,N,52.84 ,母公司之主要營運地，包含總公司及南港分公司,N,0.01 ,千元營業額
2706,第一店,66.93 ,臺北市中山區的第一大飯店,N,574.40 ,臺北市中山區的第一大飯店,N,N/A,N/A,N,2.20 ,百萬元營業額
2707,晶華,2665.09 ,台北晶華,N,9852.59 ,台北晶華,N,N/A,N/A,N,4.14 ,百萬元營業額
2712,遠雄來,7642.42 ,母公司,N,4097.86 ,母公司,N,N/A,N/A,N,22.03 ,百萬元營業額
2722,夏都,451.90 ,母公司,N,4236.90 ,母公司,N,N/A,N/A,N,N/A,N/A
2723,美食-KY,N/A,N/A,N,N/A,N/A,N,N/A,N/A,N,N/A,N/A
2727,王品,N/A,N/A,N,36487.92 ,含王品、王莆(子公司)、群品(子公司),N,4561.50 ,含王品、王莆(子公司)、群品(子公司),N,0.00 ,人次
2731,雄獅,N/A,N/A,N,N/A,N/A,N,N/A,N/A,N,N/A,N/A
2739,寒舍,4132.70 ,母公司,N,14309.52 ,母公司,N,N/A,N/A,N,0.01 ,仟元營業額
2748,雲品,1488.31 ,母公司,N,8027.64 ,母公司,N,N/A,N/A,N,0.17 ,總樓地板面積m2
2753,八方雲集,4366.49 ,母公司及台灣子公司,N,12467.05 ,母公司及台灣子公司,N,N/A,N/A,N,3.11 ,百萬元營業額
2801,彰銀,2075.02 ,合併財務報表之母子公司,ISO 14064,15016.77 ,合併財務報表之母子公司,ISO 14064,14559.87 ,母公司之國內全數營運據，盤查內容包含員工通勤、商務旅行、貨物運輸、採購商品、購買資本財、廢棄物處理、生產之產品(信用卡及金融卡等)之碳排放量,ISO 14064,0.50 ,百萬元營業額
2809,京城銀,306.00 ,母公司,ISO 14064,2000.00 ,母公司,ISO 14064,4.00 ,母公司,ISO 14064,0.46 ,單位淨收益溫室氣體排放量（ t-CO 2 e / 百萬元）
2812,台中銀,224.75 ,盤查邊界包含總行民權大樓、民族大樓、南台中分行及員訓中心,N,1716.73 ,盤查邊界包含總行民權大樓、民族大樓、南台中分行及員訓中心,N,N/A,N/A,N,N/A,N/A
2816,旺旺保,0.00 ,總公司及15家分公司,N,534.90 ,總公司及15家分公司,N,N/A,N/A,N,0.06 ,百萬元營業額
2820,華票,56.58 ,總公司與5家分公司,N,367.96 ,總公司與5家分公司,N,N/A,N/A,N,0.26 ,百萬元營業額
2832,台產,28.94 ,總公司及資訊部,N,356.06 ,總公司及資訊部,N,147.49 ,總公司及資訊部,N,385.00 ,百萬元營業額
2834,臺企銀,1173.59 ,國內外營業據點及合併報表子公司，共169處據點。,ISO 14064,11050.77 ,國內外營業據點及合併報表子公司，共169處據點。,ISO 14064,2592.10 ,國內外營業據點及合併報表子公司，共169處據點。,ISO 14064,0.43 ,百萬元營業額
2836,高雄銀,239.91 ,母公司,N,2339.98 ,母公司,N,454.09 ,母公司,N,0.78 ,百萬元營業額
2838,聯邦銀,58.80 ,總行、中山、桃鶯、民權、苓雅分行,ISO 14064,908.38 ,總行、中山、桃鶯、民權、苓雅分行,ISO 14064,172.19 ,總行、中山、桃鶯、民權、苓雅分行,ISO 14064,1.37 ,百萬元營業額
2845,遠東銀,329.82 ,母公司+2家子公司(遠銀資產+遠榮租賃),ISO 14064,5299.65 ,母公司+2家子公司(遠銀資產+遠榮租賃),ISO 14064,977.33 ,母公司+2家子公司(遠銀資產+遠榮租賃),ISO 14064,2.20 ,人
2849,安泰銀,151.75 ,僅母公司共53個據點,N,3721.98 ,僅母公司共53個據點,N,710.49 ,僅母公司共53個據點,N,N/A,N/A
2850,新產,N/A,N/A,N,530.02 ,全公司,N,N/A,N/A,N,N/A,N/A
2851,中再保,7.33 ,母公司,ISO 14064,207.19 ,母公司,ISO 14064,119.74 ,母公司,ISO 14064,0.01 ,百萬元營業額
2852,第一保,N/A,N/A,N,979.92 ,母公司,N,N/A,N/A,N,1.14 ,員工人數
2855,統一證,135.07 ,總部大樓,ISO 14064,1297.30 ,總部大樓,ISO 14064,253.65 ,總部大樓之商務旅行(飛機、高鐵)、電力上游相關活動(未包含在類別2之排放)、一般廢棄物清運與處置、資源回收,ISO 14064,2.18 ,人均碳排
2867,三商壽,443.88 ,全公司,ISAE3410,9174.37 ,全公司,ISAE3410,7.02 ,全公司,N,0.09 ,百萬元營業額
2880,華南金,2003.68 ,包含合併財務報表之母子公司及孫公司,ISO 14064,18178.67 ,包含合併財務報表之母子公司及孫公司,ISO 14064,5961.12 ,包含合併財務報表之母子公司及孫公司,ISO 14064,0.38 ,百萬元營業額
2881,富邦金,4786.00 ,包含富邦金控及子公司富邦人壽、台北富邦銀行、富邦產險、富邦證券、日盛銀行(2023/4併入北富銀)、日盛證券(2023/4併入富邦證券)、富邦期貨、富邦育樂、富邦運動場館、富邦投信、富邦投顧、北富銀創投、富銀香港、富邦華一銀行。,ISO 14064,53053.00 ,包含富邦金控及子公司富邦人壽、台北富邦銀行、富邦產險、富邦證券、日盛銀行(2023/4併入北富銀)、日盛證券(2023/4併入富邦證券)、富邦期貨、富邦育樂、富邦運動場館、富邦投信、富邦投顧、北富銀創投、富銀香港、富邦華一銀行。,ISO 14064,127330.00 ,包含富邦金控及子公司富邦人壽、台北富邦銀行、富邦產險、富邦證券、日盛銀行(2023/4併入北富銀)、日盛證券(2023/4併入富邦證券)、富邦期貨、富邦育樂、富邦運動場館、富邦投信、富邦投顧、北富銀創投、富銀香港、富邦華一銀行。,ISO 14064,0.08 ,百萬元營業額
2882,國泰金,4802.45 ,包含集團(金控、人壽、銀行、產險、證券、投信、投顧、創投、期貨、私募)之國內據點，以及部份海外分支機構數據,ISO 14064,54944.72 ,包含集團(金控、人壽、銀行、產險、證券、投信、投顧、創投、期貨、私募)之國內據點，以及部份海外分支機構數據,ISO 14064,10320638.58 ,"1.針對營運相關碳排範圍:採購的產品與服務、燃料與能源相關活動、上游運輸與配送、營運過程產生的廢棄物、 商務旅行、下游運輸與配送、銷售產品與服務的使用、銷售產品與服務的生命終期處理                                                       2.針對自有投資資產投資組合及授信組合總碳排說明下：
國泰金控及旗下子公司參考PCAF設計「投融資組合財務碳排放計算基準」，對各資產類別進行財務碳排放編制及揭露。
(1)投融資組合財務碳排放量：為國泰金控及旗下子公司所持有之投資組合及授信組合相關的範疇一及範疇二的碳排放量，以公噸二氧化碳當量(tCO2e)表示。
(2)投資組合總碳排編制範疇：國泰集團對2022年12月31日所持有之自有投資資產內的上市櫃股票及公司債進行盤查，範疇包括國泰人壽、國泰證券、國泰產險及國泰世華銀行「透過損益按公允價值衡量之金融資產(FVTPL)」、「透過其他綜合損益按公允價值衡量之金融資產(FVTOCI)」、「按攤銷後成本衡量之金融資產(AC)」三個會計科目之自操及委外投資部位。
(3)授信組合總碳排編制範疇：國泰世華銀行2022年12月31日之發電專案融資、商業不動產抵押貸款，以及企業貸款部位(不包含短期貸款及中小企業貸款)。                                                                                                                                        (4)產業別揭露：依照全球行業分類標準(Global Industry Classification Standard , GICS) 第一層級內的11 個經濟板塊進行分類。",1.營運相關碳排放：ISO14064。2.投融資組合財務碳排放:會計師係依照確信準則3000號「非屬歷史性財務資訊查核或核閱之確信案,1.57 ,百萬元營業額
2883,開發金,1124.07 ,開發金控所有據點及中國人壽北京代表處，未涵蓋包含中國人壽國內所有通訊處及海外子公司所有據點,ISO 14064,20374.43 ,開發金控所有據點及中國人壽北京代表處，未涵蓋包含中國人壽國內所有通訊處及海外子公司所有據點,ISO 14064,6445.31 ,開發金控所有據點及中國人壽北京代表處，未涵蓋包含中國人壽國內所有通訊處及海外子公司所有據點,ISO 14064,N/A,N/A
2884,玉山金,1844.00 ,100%持有合併財務報表之母子公司,ISO 14064,20294.00 ,市場基準，包含100%持有合併財務報表之母子公司,ISO 14064,56015.00 ,市場基準，包含100%持有合併財務報表之母子公司,ISO 14064,0.40 ,百萬元營業額
2885,元大金,1436.98 ,合併財務報表之母子公司(全台灣營業據點),ISO 14064,18562.91 ,合併財務報表之母子公司(全台灣營業據點),ISO 14064,3454.72 ,合併財務報表之母子公司(全台灣營業據點),ISO 14064,0.44 ,百萬元營業額
2886,兆豐金,2333.18 ,包含合併財務報表母子公司之國內所有據點,ISO 14064,17851.20 ,包含合併財務報表母子公司之國內所有據點,ISO 14064,992666.95 ,包含合併財務報表母子公司之國內所有據點,ISO 14064,0.36 ,淨收益百萬元
2887,台新金,1418.11 ,涵蓋台新金控，台新銀行(共 105 個據點與 5 個海外據點)，以及台新證券、台新資產管理、台新投信、台新創投、台新投顧、台新人壽共37 個子公司據點。,ISO 14064,20031.38 ,以市場基準申報；涵蓋台新金控，台新銀行(共 105 個據點與 5 個海外據點)，以及台新證券、台新資產管理、台新投信、台新創投、台新投顧、台新人壽共37 個子公司據點。,ISO 14064,4591.71 ,統計經ISO 14064查證之飲水機、ATM、信用卡製造及信用卡使用與廢棄排放量；涵蓋台新金控，台新銀行(共 105 個據點與 5 個海外據點)，以及台新證券、台新資產管理、台新投信、台新創投、台新投顧、台新人壽共37 個子公司據點。,ISO 14064,0.32 ,百萬元營業額
2888,新光金,3279.60 ,包含合併財務報表之母子公司,ISO 14064,28211.66 ,包含合併財務報表之母子公司,ISO 14064,4960.99 ,包含合併財務報表之母子公司,ISO 14064,0.31 ,百萬元營業額
2889,國票金,336.50 ,"涵蓋包含合併財務報表之母子公司，包括國票金融控股公司、國際票券金融股份有限公司、國票綜合證券股份有限公司、國票證券投資顧問股份有限公司、國票期貨股份有限公司、國票證創業投資股份有限公司、國票創業投資股份有限公司、國旺國際融資租賃有限公司、IBF Financial Holding Co., Ltd.，共計48個據點。",ISO 14064,3297.56 ,"涵蓋包含合併財務報表之母子公司，包括國票金融控股公司、國際票券金融股份有限公司、國票綜合證券股份有限公司、國票證券投資顧問股份有限公司、國票期貨股份有限公司、國票證創業投資股份有限公司、國票創業投資股份有限公司、國旺國際融資租賃有限公司、IBF Financial Holding Co., Ltd.，共計48個據點。",ISO 14064,753.52 ,"範疇三753.52公噸CO2e來自 (1)類別四-組織使用的產品之間接溫室氣體排放: 673.32公噸CO2e，以及 (2) 類別五-使用組織的產品所產生之間接溫室氣體排放 : 80.20公噸CO2e。
涵蓋包含合併財務報表之母子公司，包括國票金融控股公司、國際票券金融股份有限公司、國票綜合證券股份有限公司、國票證券投資顧問股份有限公司、國票期貨股份有限公司、國票證創業投資股份有限公司、國票創業投資股份有限公司、國旺國際融資租賃有限公司、IBF Financial Holding Co., Ltd.，共計48個據點。另因樂天網銀不在國票金控合併財報內，為符合金管會要求，故將樂天網銀移出組織邊界外，但將樂天網銀排放量將依投資比例(49%)納入國票金間範疇三之類別五中。",ISO 14064,0.75 ,佰萬元淨收益
2890,永豐金,1353.37 ,金控及旗下5家主要子公司（永豐銀行、永豐金證券、永豐投信、永豐金租賃、永豐創業投資)之國內外所有營運據點納入統計範疇(包含合併財務報表之母子公司)。,ISO 14064,17855.67 ,金控及旗下5家主要子公司（永豐銀行、永豐金證券、永豐投信、永豐金租賃、永豐創業投資)之國內外所有營運據點納入統計範疇(包含合併財務報表之母子公司)。,ISO 14064,5445267.06 ,"1.上游運輸與配送、採購的產品與服務及營運過程產生的廢棄物等3項邊界包括金控及旗下5家主要子公司（永豐銀行、永豐金證券、永豐投信、永豐金租賃、永豐創業投資）之國內所有營運據點，其餘項目包括國內外所有營運據點(包含合併財務報表之母子公司)。
2.範疇三上游運輸與配送、商務旅行、採購的產品與服務、燃燒與能源相關活動、營運過程產生的廢棄物、上游資產租賃、銷售產品與服務的使用及銷售產品與服務的生命終期處理等8項，經BSI 依ISO14064-1驗證標準驗證通過，排放量為7,156.06 t-CO2e；範疇三投融資部位之碳排放經SGS依AA1000 ASv3第二類型高度保證等級驗證通過，排放量為5,438,111t-CO2e，依循「碳會計金融合作夥伴關係（PCAF）」所發布之《金融業全球溫室氣體盤查和報告準則》之方法學針對2022年12月30日之投融資部位進行碳盤查，盤查範疇涵蓋房屋抵押貸款、企業貸款、企業及金融債券、主權債與主權貸款、發電業專案投融資、商用不動產抵押貸款、上市櫃股票、車貸以及未上市櫃股票等資產類別，整體覆蓋率為79.72%（已盤查部位金額佔整體投融資部位金額）。永豐金控之投融資部位之碳排放（Financed Emissions）為544萬t-CO2e，整體碳足跡為3.4公噸二氧化碳當量 (tCO2e/每新台幣佰萬元投融資金額)。",ISO 14064 與 AA1000 ASv3第二類型高度保證等級,0.41 ,百萬元營業額
2891,中信金,3223.00 ,中信金控、中信銀行(含14處海外分行/支行)、台灣彩券、中信保全、台灣人壽(含子公司中信產險及中信資融)、中信AMC、中信創投、中信投信、中信證券。,ISO 14064,40502.00 ,中信金控、中信銀行(含14處海外分行/支行)、台灣彩券、中信保全、台灣人壽(含子公司中信產險及中信資融)、中信AMC、中信創投、中信投信、中信證券。,ISO 14064,17120489.00 ,法人授信、股權及公司債、電廠專案融資、國內個金房貸、商用不動產授信、主權國家債務(含授信及非交易目的債券投資),"ISAE3000, ISAE3410",0.31 ,每百萬淨收益
2892,第一金,2657.00 ,本公司暨合併財報內子公司除「第一金證券亞洲」因係設籍於英屬維京群島之紙上公司且已盤查其實際營運之子公司「第一金和昇證券」而未列入盤查範圍外，各公司全數營運據點已完成盤查作業。,ISO 14064,18858.00 ,本公司暨合併財報內子公司除「第一金證券亞洲」因係設籍於英屬維京群島之紙上公司且已盤查其實際營運之子公司「第一金和昇證券」而未列入盤查範圍外，各公司全數營運據點已完成盤查作業。,ISO 14064,434.00 ,"1.範疇三(運輸造成之間接溫室氣體排放-商務旅行) : 330公噸CO2e。涵蓋範圍為銀行、證券、投信、人壽、AMC子公司。
2.範疇三(組織使用產品造成之間接溫室氣體排放-營運產生的廢棄物處理) : 104公噸CO2e。涵蓋範圍為國內全數營運據點。",ISO 14064,0.32 ,淨收益百萬NTD
2897,王道銀行,271.54 ,母公司全球營運據點,ISO 14064,2834.80 ,母公司全球營運據點按市場基礎,ISO 14064,1285.06 ,母公司全球營運據點,ISO 14064,0.00 ,新台幣仟元淨收益
2901,欣欣,N/A,N/A,N,2632.00 ,母公司,N,N/A,N/A,N,N/A,N/A
2903,遠百,5815.00 ,僅母公司,ISO 14064,77942.35 ,僅母公司,ISO 14064,65732.80 ,僅母公司,ISO 14064,146.94 ,億元營業額
2904,匯僑,N/A,N/A,N,N/A,N/A,N,N/A,N/A,N,N/A,N/A
2905,三商,N/A,N/A,N,123.68 ,"母公司(建北大樓11F,16F,19F)",N,N/A,N/A,N,N/A,N/A
2906,高林,N/A,N/A,N,N/A,N/A,N,N/A,N/A,N,N/A,N/A
2908,特力,27.42 ,&#11935;公司,N,1413.12 ,母公司,N,N/A,N/A,N,0.10 ,百萬營收
2910,統領,N/A,N/A,N,N/A,N/A,N,N/A,N/A,N,N/A,N/A
2911,麗嬰房,522.60 ,僅母公司,N,N/A,N/A,N,N/A,N/A,N,N/A,N/A
2912,統一超,29940.01 ,"母公司，盤查範圍涵蓋6,791個據點，包含門市、商場、辦公室、訓練中心，溫室氣體盤查邊界涵蓋率100%。",ISO 14064,504544.40 ,"母公司，盤查範圍涵蓋6,791個據點，包含門市、商場、辦公室、訓練中心，溫室氣體盤查邊界涵蓋率100%。",ISO 14064,2393290.28 ,母公司,ISO 14064,2.92 ,百萬元營業額
2913,農林,N/A,N/A,N,N/A,N/A,N,N/A,N/A,N,N/A,N/A
2915,潤泰全,162.26 ,母公司,N,3155.53 ,母公司,N,N/A,N/A,N,1.26 ,百萬元營業額
2923,鼎固-KY,1719.78 ,包含上海打浦橋日月光中心、上海嘉定日月光中心、上海御華山以及重慶日月光中心，共計四據點。,N,3893.76 ,包含上海打浦橋日月光中心、上海嘉定日月光中心、上海御華山以及重慶日月光中心，共計四據點。,N,N/A,N/A,N,0.38 ,新台幣十萬元營收
2929,淘帝-KY,N/A,N/A,N,N/A,N/A,N,N/A,N/A,N,N/A,N/A
2939,凱羿-KY,N/A,N/A,N,N/A,N/A,N,N/A,N/A,N,N/A,N/A
2945,三商家購,N/A,N/A,N,N/A,N/A,N,N/A,N/A,N,N/A,N/A
3002,歐格,N/A,N/A,N,40.45 ,母公司,N,N/A,N/A,N,0.08 ,百萬元營業額
3003,健和興,107.18 ,僅母公司,N,6071.08 ,僅母公司,N,N/A,N/A,N,0.00 ,千元營業額
3004,豐達科,134.89 ,僅母公司,N,8587.75 ,僅母公司,N,43386.73 ,僅母公司,N,3.97 ,百萬元營業額
3005,神基,12381.53 ,涵蓋神基投控暨其八家子公司,ISO 14064,94648.43 ,涵蓋神基投控暨其八家子公司,ISO 14064,200557.76 ,涵蓋神基投控暨其八家子公司,ISO 14064,98.16 ,百萬元營業額
3006,晶豪科,44.53 ,母公司,N,3591.52 ,母公司,N,N/A,N/A,N,0.22 ,百萬元營業額
3008,大立光,N/A,N/A,N,N/A,N/A,N,N/A,N/A,N,N/A,N/A
3010,華立,1634.84 ,母公司及子公司(全順),N,1163.45 ,母公司及子公司(全順),N,N/A,N/A,N,0.67 ,仟萬元營業額
3011,今皓,N/A,N/A,N,N/A,N/A,N,N/A,N/A,N,N/A,N/A
3013,晟銘電,2339.21 ,包含合併財務報表之母子公司,N,26302.00 ,包含合併財務報表之母子公司,N,N/A,N/A,N,N/A,N/A
3014,聯陽,958.00 ,母公司,N,1319.00 ,母公司,N,N/A,N/A,N,0.44 ,百萬元營業額
3015,全漢,911.40 ,母公司與部分子公司,ISO 14064,15232.54 ,母公司與部分子公司,ISO 14064,36.40 ,母公司與部分子公司,ISO 14064,1.08 ,百萬元營業額
3016,嘉晶,488.10 ,僅母公司,N,54439.30 ,僅母公司,N,N/A,N/A,N,9.30 ,百萬元營業額
3017,奇鋐,5409.55 ,台灣高雄、深圳奇宏/興奇宏、東莞明鑫/興奇宏、成都奇宏、武漢奇宏/興奇宏、嘉善萬順達、越南,ISO 14064,78638.93 ,台灣高雄、深圳奇宏/興奇宏、東莞明鑫/興奇宏、成都奇宏、武漢奇宏/興奇宏、嘉善萬順達、越南,ISO 14064,230345.17 ,深圳奇宏/興奇宏、東莞明鑫/興奇宏、成都奇宏、武漢奇宏/興奇宏,ISO 14064,5.61 ,"溫室氣體排放總量/營業額=314,393.65 噸co2 / 56,017 TWD’M =5.6125"
3018,隆銘綠能,N/A,N/A,N,N/A,N/A,N,N/A,N/A,N,N/A,N/A
3019,亞光,168.41 ,母公司,N,10610.70 ,母公司,N,1838.63 ,母公司,N,0.57 ,百萬元營業額
3021,鴻名,151.19 ,母公司自有辦公區(500坪),N,N/A,N/A,N,N/A,N/A,N,N/A,N/A
3022,威強電,109.44 ,僅母公司,N,1712.66 ,僅母公司,N,2580.19 ,僅母公司,N,0.35 ,百萬元營業額
3023,信邦,2665.71 ,集團100%持股之11個據點,ISO 14064,18030.45 ,集團100%持股之11個據點,ISO 14064,33343.69 ,集團100%持股之11個據點,ISO 14064,0.68 ,"20,696.16(噸)/30,574.800(新台幣百萬元,2022年營收)= 0.6769"
3024,憶聲,N/A,N/A,N,N/A,N/A,N,N/A,N/A,N,N/A,N/A
3025,星通,N/A,N/A,N,N/A,N/A,N,N/A,N/A,N,N/A,N/A
3026,禾伸堂,320.99 ,母公司,N,29171.71 ,母公司,N,N/A,N/A,N,1.81 ,產品
3027,盛達,42.14 ,僅母公司,N,232.54 ,僅母公司,N,N/A,N/A,N,0.31 ,百萬元營業額
3028,增你強,144.66 ,範圍包含台灣區內湖總部辦公室,N,564.63 ,範圍包含台灣區內湖總部辦公室,N,N/A,N/A,N,0.04 ,百萬元營業額
3029,零壹,N/A,N/A,N,N/A,N/A,N,N/A,N/A,N,N/A,N/A
3030,德律,N/A,N/A,N,N/A,N/A,N,N/A,N/A,N,N/A,N/A
3031,佰鴻,N/A,N/A,N,N/A,N/A,N,N/A,N/A,N,N/A,N/A
3032,偉訓,N/A,N/A,N,N/A,N/A,N,N/A,N/A,N,N/A,N/A
3033,威健,29.40 ,台灣營運據點為主（臺北內湖總公司、內湖倉儲中心、桃園倉儲中心及中南部聯絡處(新竹、臺中及高雄)）,N,351.71 ,台灣營運據點為主（臺北內湖總公司、內湖倉儲中心、桃園倉儲中心及中南部聯絡處(新竹、臺中及高雄)）,N,N/A,N/A,N,0.01 ,百萬元營業額
3034,聯詠,462.82 ,母公司,ISO 14064-1,18107.35 ,母公司,ISO 14064-1,1362515.10 ,母公司,ISO 14064-1,0.17 ,百萬元營業額
3035,智原,111.32 ,母公司,N,3283.91 ,母公司,N,N/A,N/A,N,0.29 ,百萬元營業額
3036,文曄,103.42 ,包含合併財務報表母子公司之台灣各營運據點，並新增香港及新加坡物流中心。,ISO 14064,1494.32 ,包含合併財務報表母子公司之台灣各營運據點，並新增香港及新加坡物流中心。,ISO 14064,212.33 ,包含合併財務報表母子公司之台灣各營運據點，並新增香港及新加坡物流中心。,ISO 14064,0.00 ,百萬元營業額
3037,欣興,35805.35 ,母公司及部分子公司,ISO 14064,906274.10 ,母公司及部分子公司,ISO 14064,231337.60 ,母公司及部分子公司,ISO 14064,6.71 ,百萬元營業額
3038,全台,98.00 ,母公司及東莞廠,N,11606.00 ,母公司及東莞廠,N,N/A,N/A,N,0.00 ,PCS
3040,遠見,0.00 ,母公司,N,20.00 ,母公司,N,N/A,N/A,N,N/A,N/A
3041,揚智,0.00 ,僅母公司,N,1041.92 ,僅母公司,N,N/A,N/A,N,0.02 ,產品
3042,晶技,307.93 ,台灣晶技平鎮廠,ISO 14064,23107.23 ,台灣晶技平鎮廠,ISO 14064,4100.78 ,台灣晶技平鎮廠,ISO 14064,0.05 ,產品
3043,科風,N/A,N/A,N,N/A,N/A,N,N/A,N/A,N,N/A,N/A
3044,健鼎,75639.00 ,健鼎-平鎮/無錫/湖北廠區,N,716791.00 ,健鼎-平鎮/無錫/湖北廠區,N,25584.00 ,健鼎-無錫廠區,N,0.01 ,百萬元營業額
3045,台灣大,5331.63 ,含合併財務報表之母子公司共14家,ISO 14064,282140.61 ,含合併財務報表之母子公司共14家,ISO 14064,313385.34 ,含合併財務報表之母子公司共14家,ISO 14064,3.99 ,百萬元營業額
3046,建,0.00 ,含合併財務報表之母子公司,ISO 14064,10.09 ,包含合併財務報表之母子公司,ISO 14064,N/A,N/A,ISO 14064,0.00 ,百萬元營業額
3047,訊舟,N/A,N/A,N,821.50 ,僅母公司,N,N/A,N/A,N,0.21 ,百萬元營業額
3049,精金,10595.94 ,母公司,ISO 14064,45655.84 ,母公司,ISO 14064,13834.33 ,母公司,ISO 14064,0.02 ,公噸 CO2e／營業額仟元
3050,鈺德,875.86 ,僅母公司,N,6231.98 ,僅母公司,N,N/A,N/A,N,7107.84 ,產品
3051,力特,11.98 ,母公司,N,21542.68 ,母公司,N,N/A,N/A,N,7.31 ,百萬元營業額
3052,夆典,114.78 ,總部辦公處所(新北市中和區新民街112號4樓),N,132.26 ,總部辦公處所(新北市中和區新民街112號4樓),N,N/A,N/A,N,0.28 ,營業額以百萬計
3054,立萬利,N/A,N/A,N,N/A,N/A,N,N/A,N/A,N,N/A,N/A
3055,蔚華科,0.00 ,僅母公司,N,1839.00 ,僅母公司,N,N/A,N/A,N,2.97 ,百萬元營業額
3056,富華新,18.00 ,資料涵蓋母公司及子公司總太營造,N,792.00 ,資料涵蓋母公司及子公司總太營造,N,N/A,N/A,N,0.01 ,仟元
3057,喬鼎,23.01 ,母公司,N,1054.26 ,母公司,N,N/A,N/A,N,1.35 ,百萬元營業額
3058,立德,N/A,N/A,N,N/A,N/A,N,N/A,N/A,N,N/A,N/A
3059,華晶科,N/A,N/A,N,1154.00 ,母公司,N,N/A,N/A,N,N/A,N/A
3060,銘異,91.83 ,僅母公司桃園市龜山區範疇,N,4198.56 ,僅母公司桃園市龜山區範疇,N,N/A,N/A,N,N/A,N/A
3062,建漢,20.13 ,僅母公司,N,543.07 ,僅母公司,N,N/A,N/A,N,N/A,N/A
3090,日電貿,96.21 ,母公司(新店廠辦及中和廠),N,216.78 ,母公司(新店廠辦及中和廠),N,N/A,N/A,N,N/A,N/A
3092,鴻碩,1576.45 ,合併財務報表之重要子公司-鴻碩蘇州公司,ISO 14064,14909.15 ,合併財務報表之重要子公司-鴻碩蘇州公司,ISO 14064,16040.56 ,合併財務報表之重要子公司-鴻碩蘇州公司,ISO 14064,9.67 ,百萬元營業額
3094,聯傑,68.81 ,母公司,N,400.66 ,母公司,N,696.10 ,母公司,N,1.59 ,百萬元營業額
3130,一零四,95.53 ,包含全集團，惟化糞池甲烷計算僅含新店總公司,N,1117.64 ,包含合併財務報表之母子公司全台營運據點，但不包涵高雄租賃之辦公室（無獨立電表),N,N/A,N/A,N,0.04 ,以每坪碳排放量計算
3138,耀登,14.66 ,僅母公司,ISO 14064,128.63 ,僅母公司,ISO 14064,94.03 ,僅母公司,ISO 14064,2.05 ,人
3149,正達,174.12 ,母公司,N,21690.99 ,母公司,N,N/A,N/A,N,26.11 ,百萬元營業額
3164,景岳,242.90 ,"111年天然氣使用量(鍋爐)
111年 立方公尺
1月 14463.25
2月 6783.08
3月 12173.20
4月 8698.39
5月 12686.1
6月 10038.35
7月 10784.03
8月 10352.52
9月 10980.87
10月12035.04
11月 9864.23
12月 10280.6",N,1910.96 ,"資料邊界： 111年用電度數
11101 264400
11102 238500
11103 319800
11104 301800
11105 316200
11106 332700
11107 348000
11108 369200
11109 354900
11110 352300
11111 320000
11112 288900",N,N/A,N/A,N,87.16 ,產品
3167,大量,69.77 ,僅母公司,N,529.69 ,僅母公司,N,N/A,N/A,N,N/A,N/A
3189,景碩,16213.44 ,母公司(石磊、清華、新豐一、新豐二),ISO 14064,254282.15 ,母公司(石磊、清華、新豐一、新豐二),ISO 14064,5906.50 ,母公司(石磊、清華、新豐一、新豐二),ISO 14064,0.08 ,產品
3209,全科,N/A,N/A,N,254.17 ,僅包含母公司的台灣總部、各點辦公室及物流倉儲。,N,N/A,N/A,N,0.00 ,百萬元營業額
3229,晟鈦,N/A,N/A,N,4898.00 ,合併財務報表之母子公司,N,N/A,N/A,N,5.97 ,百萬元營業額
3231,緯創,19528.28 ,母公司及全球主要營運與製造廠區(昆山廠、泰州廠、中山廠、重慶廠、成都廠、墨西哥廠、捷克廠、昆山光電廠及馬來西亞廠),ISO 14064,303653.21 ,母公司及全球主要營運與製造廠區(昆山廠、泰州廠、中山廠、重慶廠、成都廠、墨西哥廠、捷克廠、昆山光電廠及馬來西亞廠),ISO 14064,11099059.90 ,母公司及全球主要營運與製造廠區(昆山廠、泰州廠、中山廠、重慶廠、成都廠、墨西哥廠、捷克廠、昆山光電廠及馬來西亞廠),ISO 14064,0.35 ,百萬元營業額
3257,虹冠電,N/A,N/A,N,298.00 ,母公司辦公室,N,35.24 ,委外廠商,N,0.59 ,百萬元營業額
3266,昇陽,N/A,N/A,N,100487.00 ,僅母公司,N,N/A,N/A,N,1.50 ,員工人數67人
3296,勝德,4.78 ,僅母公司,N,203.74 ,僅母公司,N,N/A,N/A,N,N/A,N/A
3305,昇貿,64.01 ,營運控制法,ISO 14064,1089.93 ,營運控制法,ISO 14064,0.00 ,營運控制法,ISO 14064,3.35 ,公噸/千元營業額
3308,聯德,N/A,N/A,N,N/A,N/A,N,N/A,N/A,N,N/A,N/A
3311,閎暉,4.42 ,本公司之子公司(旭榮電子(深圳)有限公司),深圳市標準化指導性技術文件SZDB/Z 69《組織的溫室氣體排放量化和報告指南》；深圳市標準化指導性技術文件SZDB/Z 70《組織的溫室氣體排放核查指南》；《組織的溫室氣體排放核查技術要點》,2611.18 ,本公司之子公司(旭榮電子(深圳)有限公司),深圳市標準化指導性技術文件SZDB/Z 69《組織的溫室氣體排放量化和報告指南》；深圳市標準化指導性技術文件SZDB/Z 70《組織的溫室氣體排放核查指南》；《組織的溫室氣體排放核查技術要點》,N/A,N/A,N,13.06 ,新台幣百萬元營業額
3312,弘憶股,N/A,N/A,N,N/A,N/A,N,N/A,N/A,N,N/A,N/A
3321,同泰,N/A,N/A,N,N/A,N/A,N,N/A,N/A,N,N/A,N/A
3338,泰碩,N/A,N/A,N,N/A,N/A,N,N/A,N/A,N,N/A,N/A
3346,麗清,20.70 ,母公司,N,1472.50 ,母公司,N,N/A,N/A,N,N/A,N/A
3356,奇偶,N/A,N/A,N,N/A,N/A,N,N/A,N/A,N,N/A,N/A
3376,新日興,926.26 ,僅母公司,ISO 14064,25701.90 ,僅母公司,ISO 14064,8539.92 ,僅母公司,ISO 14064,0.00 ,千元個體營收
3380,明泰,91.38 ,明泰科技新竹廠,ISO 14064,4471.90 ,明泰科技新竹廠,ISO 14064,585.08 ,明泰科技新竹廠,ISO 14064,4563.28 ,111年組織溫室氣體排放總量
3406,玉晶光,84.05 ,母公司,N,11983.69 ,母公司,N,N/A,N/A,N,0.00 ,百萬元營業額
3413,京鼎,151.61 ,僅母公司,ISO 14064,3100.71 ,僅母公司,ISO 14064,7881.58 ,包含合併財務報表之母子公司,ISO 14064,0.00 ,人工時
3416,融程電,39.85 ,僅母公司,N,733.54 ,僅母公司,N,N/A,N/A,N,0.30 ,百萬元營業額
3419,譁裕,N/A,N/A,N,917.80 ,僅母公司,N,N/A,N/A,N,N/A,N/A
3432,台端,0.00 ,包含合併財務報表之母子公司,N,94.87 ,包含合併財務報表之母子公司,N,N/A,N/A,N,N/A,N/A
3437,榮創,342.55 ,僅母公司,N,7979.69 ,僅母公司,N,N/A,N/A,N,3.81 ,百萬元營業額
3443,創意,174.86 ,包含合併財務報表之母子公司,ISO14064-1,8708.62 ,包含合併財務報表之母子公司,ISO14064-1,1598.01 ,包含合併財務報表之母子公司,ISO14064-1,0.44 ,百萬元營業額
3447,展達,162.24 ,包含合併財務報表之母子公司,ISO 14064,3477.43 ,包含合併財務報表之母子公司,ISO 14064,2028869.75 ,包含合併財務報表之母子公司,ISO 14064,0.61 ,百萬元營業額
3450,聯鈞,137.68 ,母公司,N,9095.11 ,母公司,N,N/A,N/A,N,N/A,N/A
3454,晶睿,121.94 ,168+192+桃園廠區,ISO 14064,1832.64 ,168+192+桃園廠區,ISO 14064,334.29 ,168+192+桃園廠區,ISO 14064,0.23 ,百萬元營業額
3481,群創,114682.36 ,上述排放量僅台灣母公司與大陸生產據點子公司，合併財務報表之母子公司範疇一總量為114927.1300噸CO2e,ISO 14064,2605218.72 ,上述排放量僅台灣母公司與大陸生產據點子公司，合併財務報表之母子公司範疇二總量為2640375.3940噸CO2e,ISO 14064,1221348.52 ,上述排放量僅台灣母公司與大陸生產據點子公司，範疇三資料涵蓋範圍包含上下游運輸和配送、員工差旅、員工通勤、採購之商品及服務、營運過程產生之廢棄物、投資子公司等,ISO 14064,12.16 ,百萬元營業額
3494,誠研,N/A,N/A,N,N/A,N/A,N,N/A,N/A,N,N/A,N/A
3501,維熹,870.00 ,合併財務報表之母子公司(不含美日子公司),N,15607.00 ,合併財務報表之母子公司(不含美日子公司),N,1108.00 ,合併財務報表之母子公司(不含美日子公司),N,2.68 ,百萬元營業額
3504,揚明光,1.57 ,僅母公司,N,14044.77 ,僅母公司,N,N/A,N/A,N,N/A,N/A
3515,華擎,N/A,N/A,N,1567.14 ,僅母公司,N,N/A,N/A,N,0.12 ,百萬元營業額
3518,柏騰,N/A,N/A,N,N/A,N/A,N,N/A,N/A,N,N/A,N/A
3528,安馳,N/A,N/A,N,N/A,N/A,N,N/A,N/A,N,N/A,N/A
3530,晶相光,N/A,N/A,N,N/A,N/A,N,N/A,N/A,N,N/A,N/A
3532,台勝科,5914.32 ,僅母公司,環保署氣體登錄相關規範,224035.65 ,僅母公司,環保署氣體登錄相關規範,5325377.07 ,僅母公司,GHG Protocol,14.03 ,百萬元營業額
3533,嘉澤,3433.72 ,本公司於中國大陸廣州、蘇州、中山之子公司,ISO 14064,39433.86 ,本公司於中國大陸廣州、蘇州、中山之子公司,ISO 14064,87465.82 ,本公司於中國大陸廣州、蘇州、中山之子公司,ISO 14064,4.81 ,百萬元營業額
3535,晶彩科,749.22 ,僅母公司,N,N/A,N/A,N,N/A,N/A,N,0.51 ,百萬元營業額
3543,州巧,N/A,N/A,N,N/A,N/A,N,N/A,N/A,N,N/A,N/A
3545,敦泰,87.98 ,台灣母公司,N,1039.81 ,台灣母公司,N,N/A,N/A,N,2.68 ,員工人數
3550,聯穎,N/A,N/A,N,N/A,N/A,N,N/A,N/A,N,N/A,N/A
3557,嘉威,347.19 ,母公司及大陸子公司,N,27329.38 ,母公司及大陸子公司,N,N/A,N/A,N,4.92 ,百萬元營業額
3563,牧德,24.43 ,牧德科技股份有限公司,N,702.43 ,牧德科技股份有限公司,N,N/A,N/A,N,0.35 ,百萬元營業額
3576,聯合再生,2077.37 ,母公司(台北、竹科廠、竹南廠及台南廠),ISO 14064,62240.40 ,母公司(台北、竹科廠、竹南廠及台南廠),ISO 14064,11809.18 ,母公司(台北、竹科廠、竹南廠及台南廠),ISO 14064,4.70 ,百萬元營業額
3583,辛耘,718.00 ,新竹縣湖口鄉中華路16號,N,9981.00 ,新竹縣湖口鄉中華路16號,N,N/A,N/A,N,N/A,N/A
3588,通嘉,N/A,N/A,N,N/A,N/A,N,704.42 ,母公司(竹北及板橋office),N,0.45 ,百萬元營業額
3591,艾笛森,44.26 ,艾笛森中和所有廠區及子公司艾特中和廠區,N,1401.00 ,艾笛森中和所有廠區及子公司艾特中和廠區,N,N/A,N/A,N,4.55 ,百萬元營業額
3592,瑞鼎,278.60 ,母公司-瑞鼎科技,ISO 14064-1,1290.62 ,母公司-瑞鼎科技,ISO 14064-1,N/A,N/A,N,0.07 ,百萬元營業額
3593,力銘,N/A,N/A,N,N/A,N/A,N,N/A,N/A,N,N/A,N/A
3596,智易,999.24 ,台灣總部、中國生產中心及越南生產中心,ISO 14064,30263.76 ,台灣總部、中國生產中心及越南生產中心,ISO 14064,3446207.11 ,台灣總部、中國生產中心及越南生產中心,ISO 14064,0.54 ,產品重量(KG)
3605,宏致,218.89 ,母公司,ISO 14064,3900.41 ,母公司,ISO 14064,1262.40 ,母公司,ISO 14064,1.20 ,百萬元營業額
3607,谷崧,N/A,N/A,N,N/A,N/A,N,N/A,N/A,N,N/A,N/A
3617,碩天,126.96 ,僅母公司（碩天科技台北總部與台南工廠）,ISO 14064,646.54 ,僅母公司（碩天科技台北總部與台南工廠）,ISO 14064,125.59 ,僅母公司（碩天科技台北總部與台南工廠）,ISO 14064,N/A,N/A
3622,洋華,20.44 ,母公司,N,1917.60 ,母公司,N,N/A,N/A,N,1.25 ,百萬元營業額
3645,達邁,13373.27 ,達邁銅鑼廠,ISO 14064,21382.42 ,達邁銅鑼廠,ISO 14064,N/A,N/A,N,19.15 ,百萬元營業額
3652,精聯,N/A,N/A,N,400.00 ,僅母公司,N,N/A,N/A,N,0.21 ,百萬營業額
3653,健策,353.47 ,母公司,N,23003.83 ,母公司,N,162.21 ,母公司,N,2.29 ,百萬元營業額
3661,世芯-KY,N/A,N/A,N,211.03 ,台北總公司、新竹辦公室,N,N/A,N/A,N,N/A,N/A
3665,貿聯-KY,2808.33 ,全球33個生產廠區: 昆山貿聯廠、昆山翔光廠、常州廠、常州BCNC廠、深圳通盈廠、翔耀廠、康聯廠、廈門新視廠、百事聯廠、佛山城鉞廠、新加坡加冷廠、馬來西亞柔佛廠、馬來西亞檳城廠、加州廠、密西根廠、德州廠、墨西哥廠、加拿大廠、塞爾維亞廠、斯洛伐克廠、德國廠、法國廠、捷克廠、義大利廠等。,N,46322.93 ,全球33個生產廠區: 昆山貿聯廠、昆山翔光廠、常州廠、常州BCNC廠、深圳通盈廠、翔耀廠、康聯廠、廈門新視廠、百事聯廠、佛山城鉞廠、新加坡加冷廠、馬來西亞柔佛廠、馬來西亞檳城廠、加州廠、密西根廠、德州廠、墨西哥廠、加拿大廠、塞爾維亞廠、斯洛伐克廠、德國廠、法國廠、捷克廠、義大利廠等。,N,N/A,N/A,N,49131.26 ,百萬元營業額
3669,圓展,60.50 ,母公司,ISO 14064,2180.35 ,母公司,ISO 14064,3080.64 ,母公司,ISO 14064,0.74 ,百萬元營業額
3673,TPK-KY,12190.09 ,包含合併財務報表之母子公司,ISO 14064,294255.13 ,包含合併財務報表之母子公司,ISO 14064,34081.86 ,包含合併財務報表之母子公司,ISO 14064,0.00 ,千元營業額
3679,新至陞,7.00 ,合併財務報表之母子公司,深圳市標準化指導性技術文件SZDB/Z 69(組織的溫室氣體排放量化和報告指南);SZDB/Z 70(組織的溫室氣體排放核查指南)等,4478.91 ,合併財務報表之母子公司,深圳市標準化指導性技術文件SZDB/Z 69(組織的溫室氣體排放量化和報告指南);SZDB/Z 70(組織的溫室氣體排放核查指南)等,N/A,N/A,N,N/A,N/A
3686,達能,0.00 ,包含合併財務報表之母子公司,N,25.20 ,包含合併財務報表之母子公司,N,N/A,N/A,N,0.57 ,百萬元營業額
3694,海華,168.11 ,上海子公司廠區,N,10112.99 ,上海子公司廠區,N,2.42 ,上海子公司廠區,N,0.08 ,產品
3701,大眾控,N/A,N/A,N,N/A,N/A,N,N/A,N/A,N,N/A,N/A
3702,大聯大,1065.52 ,大聯大控股股份有限公司及部分列入合併財務報表之子公司(涵蓋台灣地區、中國地區、韓國地區及新加坡地區),ISO 14064,6168.09 ,大聯大控股股份有限公司及部分列入合併財務報表之子公司(涵蓋台灣地區、中國地區、韓國地區及新加坡地區),ISO 14064,23662.69 ,大聯大控股股份有限公司及部分列入合併財務報表之子公司(涵蓋台灣地區、中國地區、韓國地區及新加坡地區),ISO 14064,0.05 ,盤查據點面積(平方米)
3703,欣陸,1617.46 ,母公司及主要營運子公司,N,38936.39 ,母公司及主要營運子公司,N,14668.85 ,總部大樓及淡水、鳳山、安平及臨海水資源中心,N,1.26 ,百萬元營業額
3704,合勤控,352.03 ,合勤投資控股股份有限公司、盟創科技股份有限公司、合勤科技股份有限公司、兆勤科技股份有限公司,ISO 14064,5869.49 ,合勤投資控股股份有限公司、盟創科技股份有限公司、合勤科技股份有限公司、兆勤科技股份有限公司,ISO 14064,1171.05 ,合勤投資控股股份有限公司、盟創科技股份有限公司、合勤科技股份有限公司、兆勤科技股份有限公司,ISO 14064,0.19 ,百萬元營業額
3705,永信,N/A,N/A,N,N/A,N/A,N,N/A,N/A,N,N/A,N/A
3706,神達,3847.00 ,"合併財務報表之母子公司，含台灣營運、研發中心及廠區；
中國主要生產據點：廣東順達廠區/江蘇昆達廠區/江蘇璽達廠區；
美國加州組裝廠區：MiTAC Information Systems Corp.",ISO 14064,36948.00 ,合併財務報表之母子公司，含台灣營運、研發中心及廠區；中國主要生產據點：廣東順達廠區/江蘇昆達廠區/江蘇璽達廠區；美國加州組裝廠區：MiTAC Information Systems Corp.,ISO 14064,8155.00 ,合併財務報表之母子公司，含台灣營運、研發中心及廠區；中國主要生產據點：廣東順達廠區/江蘇昆達廠區/江蘇璽達廠區；美國加州組裝廠區：MiTAC Information Systems Corp.,ISO 14064,0.85 ,百萬元營業額
3708,上緯投控,717.95 ,上緯興業股份有限公司、上偉碳纖複合材料股份有限公司、磁震科技開發股份有限公司,N,2048.08 ,上緯興業股份有限公司、上偉碳纖複合材料股份有限公司、磁震科技開發股份有限公司,N,N/A,N/A,N,0.85 ,百萬元營業額
3711,日月光投控,90993.11 ,日月光半導體製造股份有限公司(高雄廠、中壢廠、無錫廠、上海材料廠、上海月芯半導體、日本廠、韓國廠、 新加坡廠、馬來西亞廠、ISE Labs)、矽品精密工業股份有限公司(大豐廠、中山廠、中科廠、新竹廠、彰化廠、中工廠、蘇州廠)、環電股份有限公司(南投廠、張江廠、昆山廠、金橋廠、惠州廠、墨西哥廠),ISO 14064,1671242.49 ,日月光半導體製造股份有限公司(高雄廠、中壢廠、無錫廠、上海材料廠、上海月芯半導體、日本廠、韓國廠、 新加坡廠、馬來西亞廠、ISE Labs)、矽品精密工業股份有限公司(大豐廠、中山廠、中科廠、新竹廠、彰化廠、中工廠、蘇州廠)、環電股份有限公司(南投廠、張江廠、昆山廠、金橋廠、惠州廠、墨西哥廠),ISO 14064,13350245.18 ,日月光半導體製造股份有限公司(高雄廠、中壢廠、無錫廠、上海材料廠、上海月芯半導體、日本廠、韓國廠、 新加坡廠、馬來西亞廠、ISE Labs)、矽品精密工業股份有限公司(大豐廠、中山廠、中科廠、新竹廠、彰化廠、中工廠、蘇州廠)、環電股份有限公司(南投廠、張江廠、昆山廠、金橋廠、惠州廠、墨西哥廠),ISO 14064,0.08 ,噸CO2e/千美金營收
3712,永崴投控,0.03 ,母公司,ISO 14064,5.95 ,母公司,ISO 14064,2.20 ,母公司,N,2.40 ,百萬元營業額
3714,富采,66085.75 ,邊界主要為富采投資控股股份有限公司，且包含旗下主要子公司晶元光電(包含台灣各廠區據點新竹、苗栗、台中與台南)及旗下大陸子公司晶品光電(常州)、晶宇光電(廈門)及江蘇璨揚光電，隆達電子及其大陸子公司達亮電子與晶成半導體。,ISO 14064,280416.30 ,邊界主要為富采投資控股股份有限公司，且包含旗下主要子公司晶元光電(包含台灣各廠區據點新竹、苗栗、台中與台南)及旗下大陸子公司晶品光電(常州)、晶宇光電(廈門)及江蘇璨揚光電，隆達電子及其大陸子公司達亮電子與晶成半導體。,ISO 14064,42113.94 ,富采、晶元光電、隆達電子、晶成半導體。,ISO 14064,0.00 ,晶電:9.87 (ton CO2e/晶圓產能面積m2)，隆達：3.94 (ton CO2e/晶圓產能面積m2)，晶成：97.43(ton CO2e/晶圓產能重量kg)
3715,定穎投控,18793.45 ,資料涵蓋範圍包含合併財務報表之母子公司,ISO 14064,165845.87 ,資料涵蓋範圍包含合併財務報表之母子公司,ISO 14064,202209.21 ,資料涵蓋範圍包含合併財務報表之母子公司,ISO 14064,12.07 ,百萬元營業額
4104,佳醫,54.72 ,僅母公司,ISO 14064,198.59 ,僅母公司,ISO 14064,479.05 ,僅母公司,ISO 14064,0.00 ,仟元營業額
4106,雃博,N/A,N/A,N,N/A,N/A,N,N/A,N/A,N,N/A,N/A
4108,懷特,121.37 ,台北公司及楊梅精製廠,N,1355.90 ,台北公司及楊梅精製廠,N,N/A,N/A,N,N/A,N/A
4119,旭富,1352.18 ,包含合併財務報表之母子公司,N,4936.82 ,包含合併財務報表之母子公司,N,N/A,N/A,N,0.02 ,產品
4133,亞諾法,N/A,N/A,N,941.03 ,"資料涵蓋範圍僅母公司。
經營運邊界之排放源鑑別，本公司溫室氣體屬於其他間接排放:針對由公司其他活動所產生的間接排放。",N,N/A,N/A,N,N/A,N/A
4137,麗豐-KY,N/A,N/A,N,N/A,N/A,N,N/A,N/A,N,N/A,N/A
4142,國光生,6783.40 ,僅母公司,N,12059.92 ,僅母公司,N,N/A,N/A,N,8.37 ,百萬元營業額
4148,全宇生技-KY,N/A,N/A,N,N/A,N/A,N,N/A,N/A,N,N/A,N/A
4155,訊映,N/A,N/A,N,N/A,N/A,N,N/A,N/A,N,N/A,N/A
4164,承業醫,N/A,N/A,N,318.44 ,包含合併財務報表之母子公司,N,N/A,N/A,N,0.11 ,百萬元營業額
4190,佐登-KY,N/A,N/A,N,N/A,N/A,N,N/A,N/A,N,N/A,N/A
4306,炎洲,43330.18 ,母公司及台灣廠區,N,53444.24 ,母公司及台灣廠區,N,N/A,N/A,N,6.60 ,百萬元營業額
4414,如興,332.00 ,柬埔寨部份生產廠區，詳細請閱如興2022年永續報告書。,N,563.00 ,柬埔寨部份生產廠區，詳細請閱如興2022年永續報告書。,N,N/A,N/A,N,N/A,N/A
4426,利勤,16025.00 ,僅母公司,N,4977.00 ,僅母公司,N,67.00 ,僅母公司,N,5.67 ,產品
4438,廣越,15.46 ,僅母公司,N,116988.56 ,僅母公司,N,N/A,N/A,N,N/A,N/A
4439,冠星-KY,27834.77 ,TOP SPORTS TEXTILE LTD.,ISO 14064,14548.42 ,TOP SPORTS TEXTILE LTD.,ISO 14064,119554.56 ,TOP SPORTS TEXTILE LTD.,ISO 14064,2.60 ,產品
4440,宜新實業,121.49 ,台北公司與彰化廠區,N,20514.74 ,外購電力,N,0.97 ,彰化廠區,N,N/A,N/A
4526,東台,263.07 ,東台精機股份有限公司第一廠,N,2986.44 ,東台精機股份有限公司第一廠,N,N/A,N/A,N,0.98 ,產品
4532,瑞智,4202.12 ,僅母公司,ISO 14064,5225.16 ,僅母公司,ISO 14064,3380.07 ,僅母公司,ISO 14064,1.01 ,百萬元營業額
4536,拓凱,66.60 ,本公司,N,1124.30 ,本公司,N,N/A,N/A,N,N/A,N/A
4540,全球傳動,N/A,N/A,N,N/A,N/A,N,N/A,N/A,N,N/A,N/A
4545,銘鈺,2304.00 ,母公司,N,5852.00 ,母公司,N,N/A,N/A,N,6.78 ,百萬元營業額
4551,智伸科,216.87 ,包含合併財務報表之母子公司,RBA手冊,55282.79 ,包含合併財務報表之母子公司,RBA 手冊,N/A,N/A,N,0.00 ,產品
4552,力達-KY,10818.31 ,包含合併財務報表之母子公司,N,N/A,N/A,N,N/A,N/A,N,N/A,N/A
4555,氣立,1.08 ,僅母公司,N,746.39 ,僅母公司,N,72.41 ,僅母公司,N,0.17 ,公司總面積(坪)
4557,永新-KY,N/A,N/A,N,N/A,N/A,N,N/A,N/A,N,N/A,N/A
4560,強信-KY,N/A,N/A,N,N/A,N/A,N,N/A,N/A,N,N/A,N/A
4562,穎漢,N/A,N/A,N,N/A,N/A,N,N/A,N/A,N,N/A,N/A
4564,元翎,N/A,N/A,N,N/A,N/A,N,N/A,N/A,N,N/A,N/A
4566,時碩工業,124.51 ,母公司,ISO 14064-1,5873.71 ,母公司,ISO 14064-1,1353.42 ,母公司,ISO 14064-1,3.18 ,百萬元營業額
4571,鈞興-KY,N/A,N/A,N,N/A,N/A,N,N/A,N/A,N,N/A,N/A
4572,駐龍,N/A,N/A,N,2462.00 ,合併財務報表之母子公司,N,N/A,N/A,N,3.87 ,百萬元營業額
4576,大銀微系統,487.62 ,母公司之總部及二廠,ISO 14064,4862.99 ,母公司之總部及二廠,ISO 14064,1478.76 ,母公司之總部及二廠,ISO 14064,3.89 ,千小時總經歷工時
4581,光隆精密-KY,229.05 ,包含合併財務報表之母子公司,N,2427.67 ,包含合併財務報表之母子公司,N,N/A,N/A,N,2.62 ,百萬元營業額
4583,台灣精銳,46.00 ,母公司,N,11891.18 ,母公司,N,N/A,N/A,N,0.00 ,千元營業額
4720,德淵,838.97 ,排放量係以母公司計算；排放密集度單位係以合併財務報表百萬營業額計算。,N,2099.54 ,母公司,N,N/A,N/A,N,0.80 ,百萬元營業額
4722,國精化,9899.00 ,母公司,N,6750.00 ,母公司,N,28.00 ,母公司,N,N/A,N/A
4736,泰博,N/A,N/A,N,7423.00 ,母公司,N,N/A,N/A,N,0.89 ,百萬元營業額
4737,華廣,187.00 ,母公司,N,6262.00 ,母公司,N,N/A,N/A,N,N/A,N/A
4739,康普,6525.00 ,康普集團,ISO 14064,23066.00 ,康普集團,ISO 14064,N/A,N/A,N,3.26 ,百萬元營業額
4746,台耀,6576.37 ,母公司,N,26516.46 ,母公司,N,10849.95 ,母公司,N,11.55 ,百萬元營業額
4755,三福化,5003.00 ,僅母公司(善化廠、柳科廠、高雄廠),ISO 14064,20344.00 ,僅母公司(善化廠、柳科廠、高雄廠),ISO 14064,4528.00 ,僅母公司(善化廠、柳科廠、高雄廠),ISO 14064,0.00 ,營業額；單位：噸CO2e / 仟元
4763,材料-KY,59300.13 ,合併財務報表之母子公司,N,178416.73 ,合併財務報表之母子公司,N,N/A,N/A,N,0.06 ,營業額(仟元單位)
4764,雙鍵,1900.05 ,母公司,N,3244.42 ,母公司,N,N/A,N/A,N,1.83 ,百萬元營業額
4766,南寶,5512.00 ,僅母公司,N,9577.00 ,僅母公司,N,175679.00 ,僅母公司,N,2.43 ,百萬元營業額
4770,上品,280.86 ,僅母公司,N,8339.04 ,僅母公司,N,N/A,N/A,N,1.40 ,百萬元營業額
4807,日成-KY,163.00 ,"1.重要子公司Regal Jewelry Manufacture Co., Ltd 
2.重要子公司Regal Plating Co., Ltd
3.子公司Regal Management Solution Co., Ltd",ISO 14064,3583.00 ,"1.重要子公司Regal Jewelry Manufacture Co., Ltd 
2.重要子公司Regal Plating Co., Ltd
3.子公司Regal Management Solution Co., Ltd",ISO 14064,6602.00 ,"1.重要子公司Regal Jewelry Manufacture Co., Ltd 
2.重要子公司Regal Plating Co., Ltd
3.子公司Regal Management Solution Co., Ltd",ISO 14064,N/A,N/A
4904,遠傳,4667.63 ,包含合併財務報表之母子公司,ISO 14064,286818.20 ,包含合併財務報表之母子公司,ISO 14064,364564.33 ,包含合併財務報表之母子公司,ISO 14064,3.27 ,百萬元營業額
4906,正文,2431.07 ,台灣總部、正鵬(昆山)廠、安博(常熟)廠及越南正文廠,14064-1:2018,27941.70 ,台灣總部、正鵬(昆山)廠、安博(常熟)廠及越南正文廠,ISO 14064,27941.70 ,台灣總部、正鵬(昆山)廠、安博(常熟)廠及越南正文廠,14064-1:2018,0.00 ,仟元營業額
4912,聯德控股-KY,6.50 ,重要子公司聯德精密材料(中國)股份有限公司,N,7680.00 ,重要子公司聯德精密材料(中國)股份有限公司,N,3.30 ,重要子公司聯德精密材料(中國)股份有限公司,N,0.00 ,百萬元營業額
4915,致伸,4646.23 ,致伸科技及子公司東莞東聚、致伸重慶、致伸昆山、惠州迪芬尼、東莞迪芬尼、東城迪芬尼，迪芬尼電聲、致伸泰國、迪芬尼泰國,ISO 14064,37789.47 ,致伸科技及子公司東莞東聚、致伸重慶、致伸昆山、惠州迪芬尼、東莞迪芬尼、東城迪芬尼，迪芬尼電聲、致伸泰國、迪芬尼泰國,ISO 14064,1695434.47 ,致伸科技及子公司東莞東聚、致伸重慶、致伸昆山、惠州迪芬尼、東莞迪芬尼、東城迪芬尼，迪芬尼電聲、致伸泰國、迪芬尼泰國,ISO 14064,0.54 ,百萬元營業額
4916,事欣科,N/A,N/A,N,N/A,N/A,N,N/A,N/A,N,N/A,N/A
4919,新唐,36326.24 ,僅母公司,ISO 14064,36797.67 ,僅母公司,ISO 14064,18392.73 ,僅母公司,ISO 14064,3.75 ,百萬元營業額
4927,泰鼎-KY,13667.48 ,包含合併財務報表之母子公司,N,141813.49 ,包含合併財務報表之母子公司,N,18312.04 ,包含合併財務報表之母子公司,N,10.43 ,百萬元營業額
4930,燦星網,N/A,N/A,N,N/A,N/A,N,N/A,N/A,N,N/A,N/A
4934,太極,93.11 ,母公司及越南子公司,N,35074.07 ,母公司及越南子公司,N,N/A,N/A,N,N/A,N/A
4935,茂林-KY,N/A,N/A,N,N/A,N/A,N,N/A,N/A,N,N/A,N/A
4938,和碩,34386.21 ,和碩聯合科技(股)公司、昌碩科技(上海)、世碩電子(昆山)、名碩電腦(蘇州)、康碩電子(蘇州)、凱碩電腦(蘇州)、旭碩科技(重慶)、凱全電子(重慶)、Pegatron Mexico S.A. de C.V.、PEGATRON Czech s.r.o.、PT. PEGATRON TECHNOLOGY INDONESIA、PEGATRON VIETNAM COMPANY LIMITED、PEGATRON TECHNOLOGY HAI PHONG COMPANY LIMITED、PEGATRON TECHNOLOGY INDIA PRIVATE LIMITED、Pegatron Japan Inc.、PEGATRON SERVICE SINGAPORE PTE. LTD.、PEGATRON SERVICE KOREA LLC.、PEGATRON TECHNOLOGY SERVICE INC.、PEGATRON SERVICE AUSTRALIA PTY. LTD,ISO 14064,407215.65 ,和碩聯合科技(股)公司、昌碩科技(上海)、世碩電子(昆山)、名碩電腦(蘇州)、康碩電子(蘇州)、凱碩電腦(蘇州)、旭碩科技(重慶)、凱全電子(重慶)、Pegatron Mexico S.A. de C.V.、PEGATRON Czech s.r.o.、PT. PEGATRON TECHNOLOGY INDONESIA、PEGATRON VIETNAM COMPANY LIMITED、PEGATRON TECHNOLOGY HAI PHONG COMPANY LIMITED、PEGATRON TECHNOLOGY INDIA PRIVATE LIMITED、Pegatron Japan Inc.、PEGATRON SERVICE SINGAPORE PTE. LTD.、PEGATRON SERVICE KOREA LLC.、PEGATRON TECHNOLOGY SERVICE INC.、PEGATRON SERVICE AUSTRALIA PTY. LTD,ISO 14064,1936.55 ,和碩聯合科技(股)公司、昌碩科技(上海)、世碩電子(昆山)、名碩電腦(蘇州)、康碩電子(蘇州)、凱碩電腦(蘇州)、旭碩科技(重慶)、凱全電子(重慶)、Pegatron Mexico S.A. de C.V.、PEGATRON Czech s.r.o.、PT. PEGATRON TECHNOLOGY INDONESIA、PEGATRON VIETNAM COMPANY LIMITED、PEGATRON TECHNOLOGY HAI PHONG COMPANY LIMITED、PEGATRON TECHNOLOGY INDIA PRIVATE LIMITED、Pegatron Japan Inc.、PEGATRON SERVICE SINGAPORE PTE. LTD.、PEGATRON SERVICE KOREA LLC.、PEGATRON TECHNOLOGY SERVICE INC.、PEGATRON SERVICE AUSTRALIA PTY. LTD,ISO 14064,0.34 ,百萬元營業額
4942,嘉彰,141.56 ,母公司,ISO 14064,1587.06 ,母公司,ISO 14064,3388.62 ,母公司,ISO 14064,2.52 ,百萬元營業額
4943,康控-KY,N/A,N/A,N,N/A,N/A,N,N/A,N/A,N,N/A,N/A
4952,凌通,49.28 ,母公司,N,685.78 ,母公司,N,2.80 ,母公司,N,0.23 ,百萬元營業額
4956,光鋐,N/A,N/A,N,N/A,N/A,N,N/A,N/A,N,N/A,N/A
4958,臻鼎-KY,83252.00 ,大陸園區與台灣園區,ISO 14064,1002774.00 ,大陸園區與台灣園區,ISO 14064,47610.00 ,大陸園區與台灣園區,ISO 14064,6.34 ,百萬元營業額
4960,誠美材,15888.57 ,僅母公司,ISO 14064,31082.04 ,僅母公司,ISO 14064,137861.46 ,僅母公司,ISO 14064,1.54 ,產能(仟米平方)
4961,天鈺,0.00 ,天鈺總部篤行據點,AA1000 Type2 中度保證等級,740.00 ,天鈺總部篤行據點,AA1000 Type2 中度保證等級,N/A,N/A,N,0.04 ,百萬元營業額
4967,十銓,19.45 ,涵蓋範圍僅母公司,N,870.18 ,涵蓋範圍僅母公司,N,N/A,N/A,N,1.32 ,百萬元營業額
4968,立積,27.00 ,僅母公司,N,597.10 ,僅母公司,N,143.00 ,僅母公司,N,0.18 ,百萬元營業額
4976,佳凌,N/A,N/A,N,N/A,N/A,N,N/A,N/A,N,N/A,N/A
4977,眾達-KY,N/A,N/A,N,N/A,N/A,N,N/A,N/A,N,N/A,N/A
4989,榮科,674.72 ,本公司,N,62565.75 ,本公司,N,N/A,N/A,N,6.08 ,產量:噸
4994,傳奇,N/A,N/A,N,N/A,N/A,N,N/A,N/A,N,N/A,N/A
4999,鑫禾,N/A,N/A,N,5680.00 ,母公司,N,N/A,N/A,N,0.01 ,千元營業額
5007,三星,1414.00 ,母公司,N,17347.00 ,母公司,N,N/A,N/A,N,N/A,N/A
5203,訊連,15.36 ,僅母公司台北總部,N,418.94 ,僅母公司台北總部,N,283.96 ,僅母公司台北總部,N,0.51 ,百萬元營業額
5215,科嘉-KY,N/A,N/A,N,N/A,N/A,N,N/A,N/A,N,N/A,N/A
5222,全訊,9.22 ,個別報表所有廠區,N,1654.06 ,個別報表所有廠區,N,N/A,N/A,N,1.61 ,百萬元營業額
5225,東科-KY,1355.02 ,東科全集團（不含ScS）,N,16278.33 ,東科全集團（不含ScS）,N,5071.16 ,東科全集團（不含ScS）,N,1.40 ,百萬元營業額
5234,達興材料,1448.33 ,包含達興材料所有生產廠區排放量(中科廠及中港廠),ISO 14064,5892.61 ,包含達興材料所有生產廠區排放量(中科廠及中港廠),ISO 14064,12847.01 ,包含達興材料所有生產廠區排放量(中科廠及中港廠),ISO 14064,1.89 ,百萬元營業額
5243,乙盛-KY,N/A,N/A,N,N/A,N/A,N,N/A,N/A,N,N/A,N/A
5244,弘凱,N/A,N/A,N,N/A,N/A,N,N/A,N/A,N,N/A,N/A
5258,虹堡,N/A,N/A,N,N/A,N/A,N,N/A,N/A,N,N/A,N/A
5269,祥碩,43.48 ,"111/1/1~12/31, 範圍:祥碩總公司辦公室",N,534.28 ,"111/1/1~12/31, 範圍:祥碩總公司辦公室",N,8801.88 ,"111/1/1~12/31, 範圍:祥碩總公司辦公室",N,11.01 ,營業額(億元)
5283,禾聯碩,N/A,N/A,N,N/A,N/A,N,N/A,N/A,N,N/A,N/A
5284,jpp-KY,1630.01 ,經寶精密工業股份有限公司,ISO 14064,4624.95 ,經寶精密工業股份有限公司,ISO 14064,11173.92 ,經寶精密工業股份有限公司,ISO 14064,0.80 ,百萬元營業額
5285,界霖,N/A,N/A,N,6081.00 ,界霖科技楠梓廠區,N,N/A,N/A,N,N/A,N/A
5288,豐祥-KY,10826.18 ,母公司開曼豐祥，子孫公司BVI、台灣豐祥、美國豐祥、香港豐祥及越南VPIC1,ISO 14064-1：2018,38432.93 ,母公司開曼豐祥，子孫公司BVI、台灣豐祥、美國豐祥、香港豐祥及越南VPIC1,ISO 14064-1：2018,173793.54 ,母公司開曼豐祥，子孫公司BVI、台灣豐祥、美國豐祥、香港豐祥及越南VPIC1,ISO 14064-1：2018,0.01 ,仟元營業額
5306,桂盟,69.00 ,母公司及合併財務報表之子公司(桂盟企業),N,3274.00 ,母公司及合併財務報表之子公司(桂盟企業),N,11016.00 ,母公司及合併財務報表之子公司(桂盟企業),N,4.08 ,百萬元營業額
5388,中磊,77.99 ,本公司(&#12149;南廠),N,4319.97 ,本公司(台北辦公室及&#12149;南廠),N,38060.67 ,本公司(&#12149;南廠),N,0.28 ,百萬元營業額
5434,崇越,315.57 ,母公司,ISO 14064,825.11 ,母公司,ISO 14064,3022.39 ,母公司,ISO 14064,0.04 ,百萬元營業額
5469,瀚宇博,488.28 ,瀚宇博德股份有限公司,ISO 14064,18409.81 ,瀚宇博德股份有限公司,ISO 14064,3.29 ,瀚宇博德股份有限公司,ISO 14064,0.01 ,產品
5471,松翰,N/A,N/A,N,681.65 ,僅母公司,N,N/A,N/A,N,0.45 ,營業額(新台幣仟元)
5484,慧友,279.20 ,母公司111年度直接溫室氣體排放量,N,N/A,N/A,N,N/A,N/A,N,0.95 ,百萬元營業額
5515,建國,17.00 ,企業總部,N,180.30 ,企業總部,N,N/A,N/A,N,0.54 ,人
5519,隆大,31194.70 ,僅母公司,N,308681.52 ,僅母公司,N,N/A,N/A,N,3.50 ,組織員工數97人
5521,工信,327.00 ,僅母公司,N,857.23 ,僅母公司,N,N/A,N/A,N,0.26 ,百萬元營業額
5522,遠雄,74.29 ,包含合併財務報表之母子公司,ISO 14064,3487.75 ,包含合併財務報表之母子公司,ISO 14064,192696.94 ,包含合併財務報表之母子公司,ISO 14064,7.38 ,百萬元營業額
5525,順天,39.97 ,母公司,N,194.59 ,母公司,N,26.97 ,母公司,N,0.00 ,百萬元營業額
5531,鄉林,N/A,N/A,N,229.43 ,母公司個體,N,N/A,N/A,N,1.58 ,員工人數
5533,皇鼎,N/A,N/A,N,60.81 ,僅母公司,N,N/A,N/A,N,0.01 ,百萬元營業額
5534,長虹,N/A,N/A,N,N/A,N/A,N,N/A,N/A,N,N/A,N/A
5538,東明-KY,21.59 ,母公司,N,42.11 ,母公司,N,N/A,N/A,N,N/A,N/A
5546,永固-KY,N/A,N/A,N,N/A,N/A,N,N/A,N/A,N,N/A,N/A
5607,遠雄港,N/A,N/A,N,N/A,N/A,N,N/A,N/A,N,N/A,N/A
5608,四維航,374790.01 ,母子孫公司所屬船舶,永續報告書經BV查證，採用AA1000 Type 1 Moderate Assurance；船隊之範疇一排放使用日本海事協會(ClassNK)燃油耗油量認證書之數據換算,93.67 ,母公司總部辦公室,永續報告書經BV查證，採用AA1000 Type 1 Moderate Assurance,N/A,N/A,N,1.27 ,範疇二總排放量/辦公室人數；而船隊之溫室氣體排放強度，以範疇一總排放量/延噸海浬，得出0.0000009485。延噸海浬為載貨噸數與起訖港浬程數之乘積
5706,鳳凰,N/A,N/A,N,N/A,N/A,N,N/A,N/A,N,N/A,N/A
5871,中租-KY,404.66 ,總部大樓至嘉義辦公室，包括台北－總公司、太欣、達爾文、仲信、城北；新北－新莊、新北；桃園－桃園、環西、環北辦公室；新竹－新竹辦公室；台中－台中辦公室；彰化－彰化微企、彰化、中彰辦公室；嘉義－嘉義辦公室，共計16個辦公室據點。,ISO 14064,2988.22 ,總部大樓至嘉義辦公室，包括台北－總公司、太欣、達爾文、仲信、城北；新北－新莊、新北；桃園－桃園、環西、環北辦公室；新竹－新竹辦公室；台中－台中辦公室；彰化－彰化微企、彰化、中彰辦公室；嘉義－嘉義辦公室，共計16個辦公室據點。,ISO 14064,837.45 ,總部大樓至嘉義辦公室，包括台北－總公司、太欣、達爾文、仲信、城北；新北－新莊、新北；桃園－桃園、環西、環北辦公室；新竹－新竹辦公室；台中－台中辦公室；彰化－彰化微企、彰化、中彰辦公室；嘉義－嘉義辦公室，共計16個辦公室據點。,ISO 14064,0.33 ,百萬元營業額
5876,上海商銀,725.11 ,僅母公司,1.確信準則3000號 2.通過ISO 14064驗證,7465.59 ,僅母公司,1.確信準則3000號 2.通過ISO 14064驗證,964332.20 ,僅母公司 排放源類型僅為上游電力、員工通勤、商務差旅、產品生命終止階段產生之排放及投融資活動,ISO 14064僅為上游電力、員工通勤、商務差旅、產品生命終止階段產生之排放,34.61 ,百萬元營業額
5880,合庫金,2720.60 ,集團全據點334處,ISO 14064,23339.48 ,集團全據點334處,ISO 14064,6449840.82 ,自身營運範疇三：集團全據點334處；投融資範疇三：合併財務報表之母子公司。,ISO 14064,0.49 ,佰萬元淨收益
5906,台南-KY,N/A,N/A,N,N/A,N/A,N,N/A,N/A,N,N/A,N/A
5907,大洋-KY,N/A,N/A,N,65390.00 ,大洋商業大陸商場,N,N/A,N/A,N,0.01 ,新台幣千元
6005,群益證,447.24 ,母公司,N,5034.04 ,母公司,N,N/A,N/A,N,0.97 ,百萬元營業額
6024,群益期,13.56 ,全台營運據點,N,421.18 ,全台營運據點,N,2.50 ,"全台營運據點
僅計算範疇三之廢棄物排放量，無包含投資內容",N,0.17 ,百萬元營業額
6108,競國,347.00 ,本公司,ISO 14064,14303.00 ,本公司,ISO 14064,3194.00 ,本公司,ISO 14064,0.02 ,產品
6112,邁達特,45.28 ,"1. 邁達特數位股份有限公司(台北總部、台北倉庫、新竹分公司、台中分公司、高雄分公司)
2. 啟迪國際資訊股份有限公司(台北總部、台北倉庫)
3. 聚上雲股份有限公司
4. 前進國際股份有限公司
5. 仁資專業服務有限公司
6. 典通股份有限公司
7. 浚鴻數據開發股份有限公司",ISO 14064,1420.58 ,"1. 邁達特數位股份有限公司(台北總部、台北倉庫、新竹分公司、台中分公司、高雄分公司)
2. 啟迪國際資訊股份有限公司(台北總部、台北倉庫)
3. 聚上雲股份有限公司
4. 前進國際股份有限公司
5. 仁資專業服務有限公司
6. 典通股份有限公司
7. 浚鴻數據開發股份有限公司",ISO 14064,746.31 ,"1. 邁達特數位股份有限公司(台北總部、台北倉庫、新竹分公司、台中分公司、高雄分公司)
2. 啟迪國際資訊股份有限公司(台北總部、台北倉庫)
3. 聚上雲股份有限公司
4. 前進國際股份有限公司
5. 仁資專業服務有限公司
6. 典通股份有限公司
7. 浚鴻數據開發股份有限公司",ISO 14064,0.18 ,百萬元營業額
6115,鎰勝,480.35 ,母公司及昆山子公司,N,13384.85 ,母公司及昆山子公司,N,N/A,N/A,N,13865.20 ,產品
6116,彩晶,59101.22 ,母公司及子公司(南京瀚宇彩欣科技有限責任公司),ISO 14064,284941.46 ,母公司及子公司(南京瀚宇彩欣科技有限責任公司),ISO 14064,92467.12 ,母公司的南科廠及內湖營業所經DNV查證,ISO 14064,20.18 ,百萬元營業額
6117,迎廣,1571.58 ,母公司,N,5839.01 ,母公司,N,N/A,N/A,N,0.00 ,千元營業額
6120,達運,3285.00 ,包含本公司及合併財務報表內子公司,N,61930.00 ,包含本公司及合併財務報表內子公司,N,N/A,N/A,N,4.51 ,百萬元營業額
6128,上福,21.02 ,上福全球在台灣營運據點為主(包含本廠、二廠及三廠),N,1563.28 ,上福全球在台灣營運據點為主(包含本廠、二廠及三廠),N,N/A,N/A,N,0.00 ,仟元營業額
6133,金橋,N/A,N/A,N,N/A,N/A,N,N/A,N/A,N,N/A,N/A
6136,富爾特,N/A,N/A,N,120.01 ,母公司,N,N/A,N/A,N,N/A,N/A
6139,亞翔,111.00 ,亞翔工程(股)公司三個辦公室,N,352.50 ,亞翔工程(股)公司三個辦公室,N,22900.00 ,亞翔公司採購之大宗物料中揭露電線、不繡鋼管、鍍鋅鋼管、塑管、EMT管、線架、球塞閥及蝶閥等。,N,0.01 ,百萬元營業額
6141,柏承,3810.60 ,昆山子公司廠區,ISO 14064,35597.60 ,昆山子公司廠區,ISO 14064,1615.00 ,昆山子公司廠區,ISO 14064,1.92 ,仟元營業額
6142,友勁,150.65 ,母公司,ISO 14064,4168.16 ,母公司,ISO 14064,722.26 ,母公司,ISO 14064,1.28 ,百萬元營業額
6152,百一,24.04 ,母公司,N,341.16 ,母公司,N,N/A,N/A,N,N/A,N/A
6153,嘉聯益,7651.52 ,僅母公司樹林廠,ISO 14064,24469.87 ,僅母公司樹林廠,ISO 14064,N/A,N/A,N,N/A,N/A
6155,鈞寶,29.08 ,母公司,N,6989.43 ,母公司,N,N/A,N/A,N,N/A,N/A
6164,華興,N/A,N/A,N,N/A,N/A,N,N/A,N/A,N,N/A,N/A
6165,浪凡,N/A,N/A,N,N/A,N/A,N,N/A,N/A,N,N/A,N/A
6166,凌華,641.65 ,母公司,ISO 14064-1,4738.66 ,母公司,ISO 14064-1,914.92 ,母公司,ISO 14064-1,0.00 ,千元營業額
6168,宏齊,71.03 ,母公司,N,9348.98 ,母公司,N,5777.74 ,母公司,N,0.00 ,千元營業額
6176,瑞儀,2633.44 ,台灣與中國大陸製造廠區,ISO 14064,104970.61 ,台灣與中國大陸製造廠區,ISO 14064,74260.72 ,台灣與中國大陸製造廠區,ISO 14064,0.01 ,原物料塑膠粒投料量(公斤)
6177,達麗,N/A,N/A,N,N/A,N/A,N,N/A,N/A,N,N/A,N/A
6183,關貿,64.52 ,臺北總公司、中部辦公室、台中營運中心、高雄營業部、公務車用油、化糞池及冷媒逸散,N,1275.73 ,南港總公司、中部辦公室、台中營運中心、高雄營業部營運用之電力,N,N/A,N/A,N,0.59 ,排放(噸)/營業額(百萬)
6184,大豐電,N/A,N/A,N,N/A,N/A,N,N/A,N/A,N,N/A,N/A
6189,豐藝,470800.00 ,母公司,N,220658.00 ,母公司,N,N/A,N/A,N,N/A,N/A
6191,精成科,0.50 ,包含合併財務報表之母子公司,N,251715.90 ,包含合併財務報表之母子公司,N,N/A,N/A,N,10.38 ,百萬元營業額
6192,巨路,117.30 ,台北總部及台灣所屬分公司,N,626.74 ,台北總部及台灣所屬分公司,N,N/A,N/A,N,N/A,N/A
6196,帆宣,158.54 ,已驗證-湖口廠；未驗證-頭份廠、南科一、三、五廠,ISO 14064,8278.91 ,已驗證-湖口廠；未驗證-頭份廠、南科一、三、五廠,ISO 14064,N/A,N/A,N,0.72 ,平方公尺(樓地板面積)
6197,佳必琪,N/A,N/A,N,N/A,N/A,N,N/A,N/A,N,N/A,N/A
6201,亞弘電,N/A,N/A,N,1183.00 ,母公司,N,N/A,N/A,N,N/A,N/A
6202,盛群,87.58 ,母公司,N,1435.05 ,母公司,N,N/A,N/A,N,0.25 ,百萬元營業額
6205,詮欣,37.10 ,母公司,N,309.45 ,母公司,N,90.79 ,母公司,N,0.00 ,母公司個體營收(仟元)
6206,飛捷,173.04 ,飛捷母公司,N,1857.71 ,飛捷母公司,N,576.58 ,飛捷母公司,N,0.54 ,百萬元營業額
6209,今國光,N/A,N/A,N,14212.00 ,今國集團,N,N/A,N/A,N,N/A,N/A
6213,聯茂,3592.20 ,母公司,N,8900.60 ,母公司,N,N/A,N/A,N,0.00 ,產品-每張-銅箔基板
6214,精誠,11.00 ,僅母公司,ISO 14064,2804.22 ,僅母公司,ISO 14064,573.55 ,僅母公司,ISO 14064,0.10 ,百萬元營業額
6215,和椿,0.72 ,母公司,N,372.27 ,母公司,N,N/A,N/A,N,0.21 ,百萬元營業額
6216,居易,N/A,N/A,N,475.43 ,僅母公司,N,N/A,N/A,N,475.43 ,輸入電力而造成間接之溫室氣體排放
6224,聚鼎,44.31 ,母公司,N,3383.26 ,母公司,N,N/A,N/A,N,N/A,N/A
6225,天瀚,N/A,N/A,N,N/A,N/A,N,N/A,N/A,N,N/A,N/A
6226,光鼎,N/A,N/A,N,N/A,N/A,N,N/A,N/A,N,N/A,N/A
6230,尼得科超眾,58.00 ,中興廠、興德廠、陞泰廠,N,3627.20 ,中興廠、興德廠、陞泰廠,N,N/A,N/A,N,0.31 ,百萬元營業額
6235,華孚,N/A,N/A,N,N/A,N/A,N,N/A,N/A,N,N/A,N/A
6239,力成,14452.87 ,僅台灣地區力成科技,ISO 14064,377208.72 ,僅台灣地區力成科技,ISO 14064,325703.24 ,僅台灣地區力成科技,ISO 14064,7.40 ,百萬元營業額
6243,迅杰,N/A,N/A,N,147.13 ,母公司,N,N/A,N/A,N,N/A,N/A
6257,矽格,530.07 ,矽格北興廠區 中興廠區 湖口廠區,ISAE 3410,80174.63 ,矽格北興廠區 中興廠區 湖口廠區,ISAE 3410,N/A,N/A,N,7.62 ,百萬元營業額
6269,台郡,42866.79 ,僅母公司,N,46608.54 ,僅母公司,N,N/A,N/A,N,0.09 ,產品
6271,同欣電,3592.43 ,"資料涵蓋合併財務報表之母子公司，共五個據點
1.台北總部-台北市延平南路83號6樓
2.台北廠-新北市鶯歌區鶯桃路365巷55號
3.龍潭廠-桃園市龍潭區龍園五路21號
4.竹北廠-新竹縣竹北市泰和路84號與 昌益辦公室-新竹縣竹北市環科一路1號6樓之1號
5.菲律賓廠-103Prosperity Ave, Calamba, 4037 Laguna, Philippines",ISO 14064,57585.64 ,"資料涵蓋合併財務報表之母子公司，共五個據點
1.台北總部-台北市延平南路83號6樓
2.台北廠-新北市鶯歌區鶯桃路365巷55號
3.龍潭廠-桃園市龍潭區龍園五路21號
4.竹北廠-新竹縣竹北市泰和路84號與 昌益辦公室-新竹縣竹北市環科一路1號6樓之1號
5.菲律賓廠-103Prosperity Ave, Calamba, 4037 Laguna, Philippines",ISO 14064,27471.63 ,"資料涵蓋合併財務報表之母子公司，共五個據點
1.台北總部-台北市延平南路83號6樓
2.台北廠-新北市鶯歌區鶯桃路365巷55號
3.龍潭廠-桃園市龍潭區龍園五路21號
4.竹北廠-新竹縣竹北市泰和路84號與 昌益辦公室-新竹縣竹北市環科一路1號6樓之1號
5.菲律賓廠-103Prosperity Ave, Calamba, 4037 Laguna, Philippines",ISO 14064,4.30 ,百萬元營業額
6277,宏正,69.99 ,本公司及汐萬廠區,ISO 14064,2566.75 ,本公司及汐萬廠區,ISO 14064,444.77 ,本公司及汐萬廠區,ISO 14064,0.70 ,百萬元營業額
6278,台表科,1286.89 ,母公司及子公司-峻凌電子(蘇州)有限公司,N,60557.91 ,母公司及子公司-峻凌電子(蘇州)有限公司,N,N/A,N/A,N,0.83 ,百萬元營業額
6281,全國電,N/A,N/A,N,18139.79 ,母公司,N,N/A,N/A,N,0.85 ,百萬元營業額
6282,康舒,2047.19 ,包含合併財務報表之母子公司,ISO 14064,40977.37 ,包含合併財務報表之母子公司,ISO 14064,2015677.92 ,包含合併財務報表之母子公司,ISO 14064,169.92 ,NTD每億元營收
6283,淳安,N/A,N/A,N,N/A,N/A,N,N/A,N/A,N,N/A,N/A
6285,啟,2361.30 ,溫室氣體排放量計算範圍為祫`部、力行廠、南科廠、ㄗ峞Bㄦs、ㄟ禰矇驉]昆山）、越南廠。,ISO14064-1,61350.44 ,溫室氣體排放量計算範圍為祫`部、力行廠、南科廠、ㄗ峞Bㄦs、ㄟ禰矇驉]昆山）、越南廠。,ISO14064-1,195385.10 ,溫室氣體排放量計算範圍為祫`部、力行廠、南科廠、ㄗ峞Bㄦs、ㄟ禰矇驉]昆山）、越南廠。,ISO14064-1,0.67 ,百萬元營業額
6288,聯嘉,479.22 ,"台灣總公司(聯嘉光電股份有限公司)
地址：350苗栗縣竹南鎮科東一路2號

外倉
地址：350苗栗縣竹南鎮和興路364號",ISO 14064 -1:2018,5627.74 ,"組織邊界

台灣總公司(聯嘉光電股份有限公司)
地址：350苗栗縣竹南鎮科東一路2號

外倉
地址：350苗栗縣竹南鎮和興路364號",ISO 14064 -1:2018,99326.98 ,"組織邊界


台灣總公司(聯嘉光電股份有限公司)
地址：350苗栗縣竹南鎮科東一路2號

外倉
地址：350苗栗縣竹南鎮和興路364號",ISO 14064 -1:2018,10.42 ,百萬元營業額
6405,悅城,0.86 ,母公司,N,4419.00 ,母公司,N,N/A,N/A,N,N/A,N/A
6409,旭隼,258.36 ,包含合併財務報表之母子公司,ISO14607; 採用IISAE3000及ISAE3410進行確信,21486.00 ,包含合併財務報表之母子公司,ISO14607;採用ISAE3000及ISAE3410進行確信,804669.00 ,包含合併財務報表之母子公司,ISO14607;採用ISAE3000及ISAE3410進行確信,1117.00 ,單位:百萬美金營業額
6412,群電,2937.72 ,群電台北總公司、群電東莞廠、群電蘇州廠、群電重慶廠,ISO 14064,35987.75 ,群電台北總公司、群電東莞廠、群電蘇州廠、群電重慶廠,ISO 14064,23603642.06 ,群電台北總公司、群電東莞廠、群電蘇州廠、群電重慶廠,ISO 14064,0.95 ,百萬元營業額
6414,樺漢,8.00 ,僅母公司,N,342.11 ,僅母公司,N,2509.29 ,僅母公司,N,N/A,N/A
6415,矽力*-KY,102.36 ,矽力杰半導體技術（杭州）有限公司,N,3143.98 ,矽力杰半導體技術（杭州）有限公司,N,N/A,N/A,N,0.00 ,千元營業額
6416,瑞祺電通,55.58 ,僅母公司,ISO 14064,693.86 ,僅母公司,ISO 14064,3761.32 ,僅母公司,ISO 14064,0.22 ,百萬元營業額
6426,統新,N/A,N/A,N,N/A,N/A,N,N/A,N/A,N,N/A,N/A
6431,光麗-KY,N/A,N/A,N,N/A,N/A,N,N/A,N/A,N,N/A,N/A
6438,迅得,292.29 ,僅母公司,N,757.90 ,僅母公司,N,166.61 ,僅母公司,N,0.36 ,百萬元營業額
6442,光聖,31.84 ,僅母公司,N,1919.59 ,僅母公司,N,N/A,N/A,N,0.66 ,百萬元營業額
6443,元晶,6154.72 ,111年新竹廠及屏東廠資料加總,N,48538.05 ,111年新竹廠及屏東廠資料加總,N,N/A,N/A,N,6.07 ,百萬元營業額
6446,藥華藥,569.48 ,藥華醫藥台中廠,N,3085.60 ,藥華醫藥台中廠,N,711.51 ,藥華醫藥台中廠,N,27.70 ,產品
6449,鈺邦,N/A,N/A,N,N/A,N/A,N,N/A,N/A,N,N/A,N/A
6451,訊芯-KY,318.46 ,2022.1~2022.12訊芯電子科技(中山)有限公司及訊芸電子科技(中山)有限公司之廣東省中山市廠區,ISO 14064,21959.12 ,2022.1~2022.12訊芯電子科技(中山)有限公司及訊芸電子科技(中山)有限公司之廣東省中山市廠區,ISO 14064,8458.62 ,2022.1~2022.12訊芯電子科技(中山)有限公司及訊芸電子科技(中山)有限公司之廣東省中山市廠區,ISO 14064,0.34 ,萬元產值RMB
6456,GIS-KY,2724.60 ,本公司及子公司所有廠區,ISO 14064,13250.48 ,本公司及子公司所有廠區,ISO 14064,226617.60 ,本公司及子公司所有廠區,ISO 14064,0.13 ,百萬元營業額
6464,台數科,6.82 ,僅母公司,N,14.32 ,僅母公司,N,N/A,N/A,N,0.00 ,千元營業額
6472,保瑞,19174.67 ,合併財務報表之母子公司,ISO 14064,12683.78 ,合併財務報表之母子公司,ISO 14064,13740.41 ,合併財務報表之母子公司,ISO 14064,3.04 ,百萬元營業額
6477,安集,N/A,N/A,N,N/A,N/A,N,N/A,N/A,N,N/A,N/A
6491,晶碩,222.48 ,僅母公司,N,40969.43 ,僅母公司,N,15847.73 ,僅母公司,N,N/A,N/A
6504,南六,N/A,N/A,N,N/A,N/A,N,N/A,N/A,N,N/A,N/A
6505,台塑化,24000546.62 ,"母公司
母公司",ISO 14064,423554.86 ,"母公司
母公司",ISO 14064,57911749.82 ,母公司,ISO 14064,28.80 ,百萬元營業額
6515,穎崴,97.68 ,台灣所有廠區,N,3193.41 ,台灣所有廠區,N,N/A,N/A,N,0.64 ,百萬元營業額
6525,捷敏-KY,0.00 ,包含合併財務報表之子公司,N,34479.29 ,包含合併財務報表之子公司,N,0.00 ,包含合併財務報表之子公司,N,0.01 ,產品
6531,愛普*,13.04 ,母公司,N,255.14 ,母公司,N,N/A,N/A,N,0.05 ,百萬元營業額
6533,晶心科,N/A,N/A,N,341.00 ,僅母公司,N,N/A,N/A,N,N/A,N/A
6541,泰福-KY,40280.87 ,合併財務報表之母子公司,N,2423573.24 ,合併財務報表之母子公司,N,N/A,N/A,N,109.97 ,噸CO2e/新台幣仟元營收
6550,北極星藥業-KY,N/A,N/A,N,N/A,N/A,N,N/A,N/A,N,N/A,N/A
6552,易華電,331.02 ,易華公司,ISO 14064,17536.89 ,易華公司,ISO 14064,0.00 ,易華公司,ISO 14064,0.00 ,產品
6558,興能高,510.11 ,合併財務報表之母子公司,N,8035.19 ,合併財務報表之母子公司,N,22045.33 ,合併財務報表之母子公司,N,26.64 ,百萬元營業額
6573,虹揚-KY,42.54 ,包含合併財務報表之母子公司,N,7554.54 ,包含合併財務報表之母子公司,N,N/A,N/A,N,0.03 ,百萬元營業額
6579,研揚,41.63 ,僅母公司,N,1456.73 ,僅母公司,N,N/A,N/A,N,0.25 ,百萬元營業額
6581,鋼聯,76313.88 ,僅母公司,ISO 14064,9966.68 ,僅母公司,ISO 14064,62544.17 ,僅母公司,ISO 14064,0.53 ,服務
6582,申豐,3571.00 ,母公司,N,7495.00 ,母公司,N,N/A,N/A,N,0.35 ,產品
6585,鼎基,1980.00 ,本公司之高雄辦公室以及台灣各廠(高雄廠、屏東廠),ISO 14064,19525.00 ,本公司之高雄辦公室以及台灣各廠(高雄廠、屏東廠),ISO 14064,N/A,N/A,N,0.01 ,仟元
6591,動力-KY,N/A,N/A,N,N/A,N/A,N,N/A,N/A,N,N/A,N/A
6592,和潤企業,286.26 ,僅母公司,ISO 14064,736.81 ,僅母公司,ISO 14064,217.38 ,僅母公司,ISO 14064,N/A,N/A
6598,ABC-KY,N/A,N/A,N,N/A,N/A,N,N/A,N/A,N,N/A,N/A
6605,帝寶,N/A,N/A,N,N/A,N/A,N,N/A,N/A,N,N/A,N/A
6606,建德工業,N/A,N/A,N,N/A,N/A,N,N/A,N/A,N,N/A,N/A
6625,必應,N/A,N/A,N,N/A,N/A,N,N/A,N/A,N,N/A,N/A
6641,基士德-KY,102.15 ,合併報表之子公司之一-川源(中國)平湖廠區,N,328.14 ,合併報表之子公司之一-川源(中國)平湖廠區,N,176.34 ,合併報表之子公司之一-川源(中國)平湖廠區,N,0.32 ,百萬元營業額
6655,科定,N/A,N/A,N,N/A,N/A,N,N/A,N/A,N,N/A,N/A
6657,華安,N/A,N/A,N,N/A,N/A,N,N/A,N/A,N,N/A,N/A
6666,羅麗芬-KY,N/A,N/A,N,N/A,N/A,N,N/A,N/A,N,N/A,N/A
6668,中揚光,123.49 ,母公司,N,6010.15 ,母公司,N,1262.40 ,母公司,N,16.66 ,百萬元營業額
6669,緯穎,1186.63 ,"母公司及全球主要營運與製造廠區(緯穎科技墨西哥子公司)
註:排除小於總排放量5%或排放數據未滿完整年度之營運據點",ISO 14064,19170.51 ,"母公司及全球主要營運與製造廠區(緯穎科技墨西哥子公司)
註1:排除小於總排放量5%或排放數據未滿完整年度之營運據點
註2:市場基準;請詳閱緯穎2022年永續報告書",ISO 14064,4167073.65 ,"母公司
註:部分數據未列入查證範圍，請詳閱緯穎2022年永續報告書",ISO 14064,0.07 ,百萬元營業額
6670,復盛應用,5184.46 ,母公司,ISO 14064,20208.82 ,母公司,ISO 14064,155720.68 ,母公司,ISO 14064,0.91 ,百萬元營業額
6671,三能-KY,2003.92 ,合併財務報表之母子公司,N,5719.00 ,合併財務報表之母子公司,N,N/A,N/A,N,4.15 ,百萬元營業額
6672,騰輝電子-KY,4814.63 ,合併財務報表之子公司生產型廠區,N,14313.36 ,合併財務報表之子公司生產型廠區,N,N/A,N/A,N,0.00 ,千元營業額
6674,鋐寶科技,18.15 ,母公司,N,512.17 ,母公司,N,N/A,N/A,N,0.21 ,百萬元營業額
6689,伊雲谷,19.63 ,母公司,N,160.44 ,母公司,N,0.14 ,母公司,N,0.08 ,百萬元營業額
6691,洋基工程,349.53 ,僅母公司,N,166.76 ,僅母公司,N,N/A,N/A,N,0.04 ,百萬元營業額
6695,芯鼎,5.72 ,母公司,N,413.95 ,母公司,N,N/A,N/A,N,38.39 ,營業額(億元)
6698,旭暉應材,31.60 ,僅母公司,N,4119.20 ,僅母公司,N,22.92 ,Na2CO3&自來水排放量(僅母公司),N,0.00 ,千元營業額
6706,惠特,44.38 ,包含合併財務報表之母子公司,N,6566.65 ,包含合併財務報表之母子公司,N,N/A,N/A,N,1.48 ,百萬元營業額
6715,嘉基,418.35 ,包含合併財務報表之母子公司-本公司及子公司嘉基蘇州,N,2556.19 ,包含合併財務報表之母子公司-本公司及子公司嘉基蘇州,N,N/A,N/A,N,0.55 ,百萬元營業額
6719,力智,1.10 ,母公司,N,950.16 ,母公司,N,N/A,N/A,N,0.16 ,百萬元營業額
6743,安普新,N/A,N/A,N,N/A,N/A,N,N/A,N/A,N,N/A,N/A
6753,龍德造船,515.03 ,僅母公司,N,1778.97 ,僅母公司,N,N/A,N/A,N,0.60 ,百萬元營業額
6754,匯僑設計,130.36 ,總公司+中壢鴻僑,N,417.40 ,總公司+中壢鴻僑,N,N/A,N/A,N,0.11 ,百萬元營業額
6756,威鋒電子,312.00 ,僅母公司,N,N/A,N/A,N,N/A,N/A,N,N/A,N/A
6768,志強-KY,12.87 ,台灣總部辦公室,N,106.53 ,台灣總部辦公室,N,N/A,N/A,N,N/A,N/A
6770,力積電,89694.00 ,母公司,ISO 14064,581994.00 ,母公司,ISO 14064,213668.00 ,母公司,ISO 14064,5.06 ,產品
6776,展眥篕,32.00 ,申報公司及100%持股子公司及博瑞達總部,ISO 14064,632.00 ,申報公司及100%持股子公司及博瑞達總部,ISO 14064,N/A,N/A,ISO 14064,0.03 ,百萬元營業額
6781,AES-KY,122.01 ,資料涵蓋範圍包含合併財務報表之母子公司,ISO 14064,3537.59 ,資料涵蓋範圍包含合併財務報表之母子公司,ISO 14064,85262.18 ,資料涵蓋範圍包含合併財務報表之母子公司,ISO 14064,0.24 ,百萬元營業額
6782,視陽,13.47 ,包含合併財務報表之母子公司,N,13784.11 ,包含合併財務報表之母子公司,N,N/A,N/A,N,4.97 ,百萬元營業額
6789,采鈺,5725.00 ,采鈺公司新竹廠,ISO 14064,23029.00 ,采鈺公司新竹廠,ISO 14064,18448.00 ,采鈺公司新竹廠,ISO 14064,0.00 ,8吋晶圓當量-層
6790,永豐實,60062.00 ,臺灣紙品工廠：清水廠、楊梅廠,ISO 14064,47721.00 ,臺灣紙品工廠：清水廠、楊梅廠,ISO 14064,N/A,N/A,N,1.18 ,產品
6792,詠業,127.96 ,母公司,N,5192.05 ,母公司,N,425.92 ,母公司,N,3.93 ,百萬元營業額
6796,晉弘,N/A,N/A,N,N/A,N/A,N,N/A,N/A,N,N/A,N/A
6799,來頡,N/A,N/A,N,35.80 ,母公司,N,N/A,N/A,N,0.03 ,百萬元營業額
6806,森崴能源,23.10 ,僅母公司,N,182.40 ,僅母公司,N,141.30 ,僅母公司,N,3.70 ,平均每位森崴員工2022年碳排放量，員工涵蓋森崴能源母公司頂埔大樓8F總部及一處台南歸仁辦公室據點
6807,峰源-KY,13.91 ,主要生產基地,N,123.35 ,主要生產基地,N,N/A,N/A,N,0.03 ,百萬元營業額
6830,汎銓,133.68 ,僅母公司,N,3073.45 ,僅母公司,N,N/A,N/A,N,3207.12 ,百萬元營業額
6834,天二科技,N/A,N/A,N,N/A,N/A,N,N/A,N/A,N,N/A,N/A
6835,圓裕,N/A,N/A,N,N/A,N/A,N,N/A,N/A,N,N/A,N/A
6854,錼創科技-KY創,972.28 ,錼創科技(股)公司、竹南廠及台北新店、台北中和、台元、台南辦公室共5個據點,ISO 14064,3556.31 ,錼創科技(股)公司竹南廠及台北新店、台北中和、台元、台南辦公室共5個據點,ISO 14064,794.84 ,錼創科技(股)公司竹南廠及台北新店、台北中和、台元、台南辦公室共5個據點,ISO 14064,13.18 ,百萬元營業額
6861,睿生光電,8.43 ,僅母公司,ISO 14064,3704.68 ,僅母公司,ISO 14064,889.81 ,僅母公司,ISO 14064,1.97 ,百萬元營業額
6863,永道-KY,4566.39 ,包含合併財務報表之母子公司,N,515.94 ,包含合併財務報表之母子公司,N,N/A,N/A,N,N/A,N/A
6869,雲豹能源-創,N/A,N/A,N,N/A,N/A,N,N/A,N/A,N,N/A,N/A
6873,泓德能源-創,93.42 ,包含合併財務報表之母子公司,ISO 14064,119.27 ,包含合併財務報表之母子公司,ISO 14064,97.66 ,包含合併財務報表之母子公司,ISO 14064,0.04 ,百萬元營業額
8011,台通,N/A,N/A,N,N/A,N/A,N,N/A,N/A,N,N/A,N/A
8016,矽創,7.31 ,矽創(新竹總公司、台北辦公室),ISO 14064-1:2018,992.13 ,矽創(新竹總公司、台北辦公室),ISO14064-1：2018,172.28 ,矽創(新竹總公司、台北辦公室),ISO14064-1：2018,0.09 ,百萬元營業額
8021,尖點,350.51 ,母公司含子公司(上海尖點),ISO 14064,12626.98 ,母公司含子公司(上海尖點),ISO 14064,2357.20 ,母公司含子公司(上海尖點),ISO 14064,0.05 ,產品
8028,昇陽半導體,5220.63 ,僅母公司,ISO 14064,20005.11 ,僅母公司,ISO 14064,8642.49 ,僅母公司,ISO 14064,0.06 ,產品
8033,雷虎,N/A,N/A,N,N/A,N/A,N,N/A,N/A,N,N/A,N/A
8039,台虹,10059.47 ,母公司,ISO 14064,19553.53 ,母公司,ISO 14064,N/A,N/A,N,4.06 ,百萬元營業額
8046,南電,9409.16 ,母公司,ISO 14064,477488.77 ,母公司,ISO 14064,328466.36 ,母公司,ISO 14064,10.07 ,百萬元營業額
8070,長華*,1947.00 ,包含合併財務報表之母子公司,N,53257.00 ,包含合併財務報表之母子公司,N,9033.00 ,包含合併財務報表之母子公司,N,2.53 ,百萬元營業額
8072,陞泰,N/A,N/A,N,N/A,N/A,N,N/A,N/A,N,N/A,N/A
8081,致新,47.68 ,母公司,N,1177.62 ,母公司,N,N/A,N/A,N,0.17 ,百萬元營業額
8101,華冠,N/A,N/A,N,N/A,N/A,N,N/A,N/A,N,N/A,N/A
8103,瀚荃,41.55 ,母公司,ISO 14064,203.79 ,母公司,ISO 14064,37.29 ,母公司,ISO 14064,0.83 ,母公司營業額(百萬元)
8104,錸寶,N/A,N/A,N,9890.59 ,母公司-錸寶,N,N/A,N/A,N,10.12 ,百萬元營業額
8105,凌巨,144048.75 ,母公司八德廠加子公司KGO,ISO 14064,84758.39 ,母公司八德廠加子公司KGO,ISO 14064,N/A,N/A,N,0.64 ,產品
8110,華東,1929.16 ,僅母公司,N,103151.90 ,僅母公司,N,163974.68 ,僅母公司,N,0.00 ,產品
8112,至上,14.65 ,僅含母公司,ISAE 3410,242.18 ,僅含母公司,ISAE 3410,1723.62 ,僅含母公司,N,0.33 ,以個體營業額(新台幣億元)計算
8114,振樺電,356.18 ,僅振樺母公司,N,1396.11 ,僅振樺母公司,N,N/A,N/A,N,0.57 ,百萬元營業額
8131,福懋科,1954.84 ,僅母公司,ISO 14064,131146.74 ,僅母公司,ISO 14064,25665.64 ,僅母公司,ISO 14064,12.76 ,百萬元營業額
8150,南茂,4302.65 ,母公司(台灣六個廠區)、上海/美國子公司,ISO 14064,238014.99 ,母公司(台灣六個廠區)、上海/美國子公司,ISO 14064,50227.83 ,母公司(台灣六個廠區)、上海/美國子公司,ISO 14064,10.30 ,百萬元營業額
8163,達方,4082.36 ,母公司(台灣廠區及中國廠區),ISO 14064-1(2018),57618.58 ,母公司(台灣廠區及中國廠區),ISO 14064-1(2018),701.41 ,母公司(台灣廠區及中國廠區)廢棄物運輸,ISO 14064-1(2018),4.29 ,百萬元營業額
8201,無敵,15.28 ,母公司,N,1077.00 ,母公司,N,N/A,N/A,N,1.85 ,百萬元營業額
8210,勤誠,1995.39 ,總部/嘉義廠/勤昆廠/前盛廠,ISO 14064,10591.70 ,總部/嘉義廠/勤昆廠/前盛廠,ISO 14064,N/A,N/A,N,1.19 ,百萬元營業額
8213,志超,814.47 ,僅母公司,N,16597.55 ,僅母公司,N,16666.30 ,僅母公司,N,1.99 ,百萬元營業額
8215,明基材,19741.11 ,桃園廠區、雲林廠區及大陸廠區,ISO 14064,33182.21 ,桃園廠區、雲林廠區及大陸廠區,ISO 14064,9645.07 ,桃園廠區、雲林廠區及大陸廠區,ISO 14064,3.41 ,百萬元營業額
8222,寶一,3083.72 ,臺南市新營區新工路13巷1號,N,N/A,N/A,N,N/A,N/A,N,N/A,N/A
8249,菱光,N/A,N/A,N,N/A,N/A,N,N/A,N/A,N,N/A,N/A
8261,富鼎,10.68 ,僅母公司,N,459.19 ,僅母公司,N,N/A,N/A,N,3.56 ,服務
8271,宇瞻,10.47 ,僅母公司,N,1867.97 ,僅母公司,N,429.29 ,僅母公司,N,0.21 ,百萬元營業額
8341,日友,125231.14 ,母公司(雲林廠及彰濱廠),N,12307.31 ,母公司(雲林廠及彰濱廠),N,N/A,N/A,N,2.10 ,廢棄物焚化處理(進場)量
8367,建新國際,6046.00 ,僅母公司,N,1192.00 ,僅母公司,N,N/A,N/A,N,4.24 ,百萬元營業額
8374,羅昇,255.85 ,母公司,N,139.96 ,母公司,N,N/A,N/A,N,0.31 ,百萬元營業額
8404,百和興業-KY,39852.43 ,江蘇百宏複合材料科技股份有限公司(原公司名稱:無錫百和織造股份有限公司)、東莞百宏實業有限公司、越南百宏責任有限公司,江蘇百宏公司及東莞百宏公司已取得ISO14064外部驗證。,51292.23 ,江蘇百宏複合材料科技股份有限公司(原公司名稱:無錫百和織造股份有限公司)、東莞百宏實業有限公司、越南百宏責任有限公司,江蘇百宏公司及東莞百宏公司已取得ISO14064外部驗證。,2139.29 ,江蘇百宏複合材料科技股份有限公司(原公司名稱:無錫百和織造股份有限公司)、東莞百宏實業有限公司、越南百宏責任有限公司,江蘇百宏公司及東莞百宏公司已取得ISO14064外部驗證。,9.08 ,產品
8411,福貞-KY,8264.00 ,本公司(福貞控股)及所屬轉投資孫公司(「鼎新金屬股份有限公司」、「鼎立金屬包裝股份有限公司」、「福建福貞金屬包裝有限公司」、「福建福天食品有限公司」)作為揭露範疇,N,19361.00 ,本公司(福貞控股)及所屬轉投資孫公司(「鼎新金屬股份有限公司」、「鼎立金屬包裝股份有限公司」、「福建福貞金屬包裝有限公司」、「福建福天食品有限公司」)作為揭露範疇,N,N/A,N/A,N,0.55 ,產品
8422,可寧衛,9153.39 ,可寧衛、吉衛、大寧、岡聯事業及上評資源循環,ISO 14064,15862.42 ,可寧衛、吉衛、大寧、岡聯事業及上評資源循環,ISO 14064,10059.98 ,可寧衛、吉衛、大寧、岡聯事業及上評資源循環,ISO 14064,0.01 ,千元營業額
8429,金麗-KY,1519.00 ,合併財務報表之母子公司,N,N/A,N/A,N,N/A,N/A,N,N/A,N/A
8438,昶昕,216.00 ,大園廠、大園一廠、海湖廠、含銅廢液處理廠、蘆竹廠,N,15368.00 ,大園廠、大園一廠、海湖廠、含銅廢液處理廠、蘆竹廠,N,358.00 ,大園廠、大園一廠、海湖廠、含銅廢液處理廠、蘆竹廠。,N,N/A,N/A
8442,威宏-KY,N/A,N/A,N,N/A,N/A,N,N/A,N/A,N,N/A,N/A
8443,阿瘦,N/A,N/A,N,1562.88 ,僅母公司,N,1.77 ,僅母公司,N,N/A,N/A
8454,富邦媒,1595.48 ,母公司與國內子公司(富立人身、富立綜保、千卉國際、富昇物流、富美康健),ISO 14064,13240.45 ,母公司與國內子公司(富立人身、富立綜保、千卉國際、富昇物流、富美康健),ISO 14064,1524208.69 ,母公司與國內子公司(富立人身、富立綜保、千卉國際、富昇物流、富美康健),ISO 14064,0.14 ,百萬元營業額
8462,柏文,1019.95 ,包含合併財務報表之母子公司,N,49229.77 ,包含合併財務報表之母子公司,N,N/A,N/A,N,13.94 ,百萬營業額
8463,潤泰材,562702.56 ,潤泰精密材料股份有限公司宜蘭冬山廠,ISO 14064-1,41327.03 ,潤泰精密材料股份有限公司宜蘭冬山廠,ISO 14064-1,N/A,N/A,N,0.88 ,熟料產量
8464,億豐,N/A,N/A,N,N/A,N/A,N,N/A,N/A,N,N/A,N/A
8466,美吉吉-KY,N/A,N/A,N,N/A,N/A,N,N/A,N/A,N,N/A,N/A
8467,波力-KY,N/A,N/A,N,N/A,N/A,N,N/A,N/A,N,N/A,N/A
8473,山林水,N/A,N/A,N,N/A,N/A,N,N/A,N/A,N,N/A,N/A
8476,台境,N/A,N/A,N,N/A,N/A,N,N/A,N/A,N,N/A,N/A
8478,東哥遊艇,N/A,N/A,N,N/A,N/A,N,N/A,N/A,N,N/A,N/A
8481,政伸,77.30 ,僅母公司,N,1489.50 ,僅母公司,N,N/A,N/A,N,1.90 ,百萬元營業額
8482,商億-KY,N/A,N/A,N,N/A,N/A,N,N/A,N/A,N,N/A,N/A
8488,吉源-KY,N/A,N/A,N,N/A,N/A,N,N/A,N/A,N,N/A,N/A
8499,鼎炫-KY,61.64 ,僅昆山隆揚廠,N,363.94 ,僅昆山隆揚廠,N,N/A,N/A,N,N/A,N/A
8926,台汽電,326786.00 ,台灣汽電共生股份有限公司 官田汽電共生廠,ISO 14064,6181.30 ,台灣汽電共生股份有限公司 官田汽電共生廠,ISO 14064,N/A,N/A,N,0.00 ,"每單位蒸汽排放二氧化碳當量：361.7公斤/公噸蒸汽 (=0.3617公噸/公噸蒸汽) 每單位電力排放二氧化碳當量：1,050.3公斤/度電力 (=1.0503公噸/度電力)"
8940,新天地,N/A,N/A,N,N/A,N/A,N,N/A,N/A,N,N/A,N/A
8996,高力,281.19 ,母公司,N,7481.76 ,母公司,N,14384.73 ,母公司,N,2.90 ,百萬元營業額
9802,鈺齊-KY,4997.93 ,台灣總部、中國和誠廠、柬埔寨齊鼎廠、越南鈺齊廠,N,47859.42 ,台灣總部、中國和誠廠、柬埔寨齊鼎廠、越南鈺齊廠,N,44.56 ,台灣總部、中國和誠廠、柬埔寨齊鼎廠、越南鈺齊廠,N,N/A,N/A
9902,台火,22.51 ,包含合併財務報表之母子公司,N,N/A,N/A,N,N/A,N/A,N,N/A,N/A
9904,寶成,48900.00 ,本公司製鞋廠區,母公司與轄下越南子公司共4個法人已取得ISO 14064外部驗證。,587300.00 ,本公司製鞋廠區,母公司與轄下越南子公司共4個法人已取得ISO 14064外部驗證。,23807.77 ,主要盤查成品鞋貨物下游運輸，與母公司員工航空差旅等兩個項目。,母公司與轄下越南子公司共4個法人已取得ISO 14064外部驗證。,N/A,N/A
9905,大華,N/A,N/A,N,N/A,N/A,N,N/A,N/A,N,N/A,N/A
9906,欣巴巴,31622.05 ,僅母公司,N,N/A,N/A,N,N/A,N/A,N,N/A,N/A
9907,統一實,40518.00 ,台灣總公司,ISO 14064,90068.00 ,台灣總公司,ISO 14064,N/A,N/A,N,0.15 ,產品
9908,大台北,N/A,N/A,N,898.51 ,母公司三棟大樓自用樓層及內湖工務部辦公室,N,N/A,N/A,N,0.03 ,營業額每10萬元
9910,豐泰,16795.00 ,包含合併財務報表之母子公司,N,232248.00 ,包含合併財務報表之母子公司,N,N/A,N/A,N,0.11 ,每仟元美金產值
9911,櫻花,975.29 ,僅母公司,N,3251.62 ,僅母公司,N,N/A,N/A,N,4.00 ,CO2e/員工數
9912,偉聯,N/A,N/A,N,N/A,N/A,N,N/A,N/A,N,N/A,N/A
9914,美利達,1499.10 ,僅母公司,N,6586.19 ,僅母公司,N,1893.19 ,僅母公司,N,0.31 ,百萬元營業額
9917,中保科,3305.26 ,母公司,N,4508.01 ,母公司,N,N/A,N/A,N,1.07 ,百萬元營業額
9918,欣天然,N/A,N/A,N,203.03 ,欣欣大樓,N,N/A,N/A,N,0.10 ,百萬元營業額
9919,康那香,1439.14 ,僅母公司,N,14550.58 ,僅母公司,N,61.11 ,僅母公司,N,1.80 ,產量(噸)
9921,巨大,11549.62 ,巨大集團台灣據點,ISO14064-1:2018,23152.80 ,巨大集團台灣據點,ISO14064-1:2018,402145.15 ,巨大集團台灣據點,ISO14064-1:2018,26.47 ,百萬美元營收
9924,福興,454.16 ,僅母公司,ISO 14064,7742.30 ,僅母公司,ISO 14064,11806.56 ,僅母公司,ISO 14064,0.00 ,產品
9925,新保,1832.66 ,母公司,N,3027.24 ,母公司,N,N/A,N/A,N,2.63 ,碳排總量/2022年公司人數
9926,新海,229776.80 ,僅母公司,N,557.70 ,僅母公司,N,N/A,N/A,N,102.97 ,百萬元營業額
9927,泰銘,12455.16 ,母公司,N,4565.73 ,母公司,N,N/A,N/A,N,2.53 ,千元
9928,中視,N/A,N/A,N,N/A,N/A,N,N/A,N/A,N,N/A,N/A
9929,秋雨,N/A,N/A,N,N/A,N/A,N,N/A,N/A,N,N/A,N/A
9930,中聯資源,75599.45 ,中聯資源公司,ISO 14064,70806.86 ,中聯資源公司,ISO 14064,298886.87 ,中聯資源公司,ISO 14064,14.26 ,百萬元營業額
9931,欣高,N/A,N/A,N,N/A,N/A,N,N/A,N/A,N,N/A,N/A
9933,中鼎,5500.94 ,母公司(含總部大樓及全球工地),ISO 14064,5485.54 ,母公司(含總部大樓及全球工地),ISO 14064,779183.00 ,母公司(含總部大樓與全球工地)；其中類別15投資為合併報表子公司之溫室氣體排放量,AA1000,0.35 ,百萬元營業額
9934,成霖,N/A,N/A,N,334.27 ,母公司,N,N/A,N/A,N,N/A,N/A
9935,慶豐富,N/A,N/A,N,2164.05 ,僅母公司,N,N/A,N/A,N,0.00 ,千元營業額
9937,全國,84.00 ,涵蓋本公司所有營運據點及出租加油站予本公司之100%子公司埔祥開發(股)公司及上員(股)公司。,N,4816.13 ,涵蓋本公司所有營運據點及出租加油站予本公司之100%子公司埔祥開發(股)公司及上員(股)公司。,N,N/A,N/A,N,0.01 ,公秉(每公秉油品銷售之單位排放量)
9938,百和,2453.51 ,僅母公司,ISO 14064,6965.05 ,僅母公司,ISO 14064,N/A,N/A,ISO 14064,1.94 ,產品
9939,宏全,16670.38 ,僅母公司,ISO 14064,73819.05 ,僅母公司,ISO 14064,679495.53 ,僅包材事業體,ISO 14064,11.16 ,百萬元營業額
9940,信義,454.71 ,信義房屋股份有限公司,ISO 14064-1,5519.50 ,信義房屋股份有限公司,ISO14064-1,3510.97 ,信義房屋股份有限公司,ISO 14064-1,1.17 ,員工人數
9941,裕融,174.12 ,母公司+子公司新鑫、裕富數位,ISO 14064,1037.38 ,母公司+子公司新鑫、裕富數位,ISO 14064,1424.60 ,母公司+子公司新鑫、裕富數位,ISO 14064,0.78 ,員工人數
9942,茂順,N/A,N/A,N,N/A,N/A,N,N/A,N/A,N,N/A,N/A
9943,好樂迪,N/A,N/A,N,16664.68 ,合併財務報表之母子公司,N,N/A,N/A,N,7.01 ,(16664.68)/其他-營收百萬元(2377.164)
9944,新麗,2222.99 ,母公司,ISO 14064,2624.94 ,母公司,ISO 14064,11017.05 ,母公司,ISO 14064,2.33 ,產品
9945,潤泰新,562702.56 ,包含合併財務報表之母子公司,ISO 14064-1,68298.03 ,包含合併財務報表之母子公司,ISO 14064-1,N/A,N/A,N,0.88 ,熟料產量
9946,三發地產,11.60 ,三發地產及京富祥營造,依確信準則3410號規定,252.90 ,三發地產及京富祥營造,依確信準則3410號規定,N/A,N/A,N,0.00 ,千元單位營業額
9955,佳龍,N/A,N/A,N,N/A,N/A,N,N/A,N/A,N,N/A,N/A
9958,世紀鋼,1082.77 ,桃園市觀音區中山路一段1119號,ISO 14064,2211.96 ,桃園市觀音區中山路一段1119號,ISO 14064,12404.88 ,桃園市觀音區中山路一段1119號,ISO 14064,N/A,N/A
