id,name,reenergy_usage_rate,energy_boundary,energy_ISO
1101,台泥,0.000060 ,台泥台灣個體公司 (涵蓋營運集團總部、研究室、2座水泥廠、24座製品廠、子公司和平電力),ISO 50001
1102,亞泥,0.000000 ,亞洲水泥個體公司,ISO 50001
1103,嘉泥,0.000000 ,嘉泥台灣個體公司,ISO 50001
1104,環泥,0.000000 ,母公司,N
1108,幸福,N/A,N/A,N
1109,信大,N/A,N/A,N
1110,東泥,0.052100 ,僅母公司,N
1201,味全,N/A,N/A,ISO 50001
1203,味王,N/A,N/A,N
1210,大成,N/A,N/A,N
1213,大飲,N/A,N/A,N
1215,卜蜂,0.000182 ,南投肉食品加工廠、台中飼料廠、高雄飼料廠、雲林飼料廠,N
1216,統一,0.000300 ,僅母公司,N
1217,愛之味,N/A,N/A,N
1218,泰山,0.623900 ,計算方式如下表有經過驗算查證。,N
1219,福壽,N/A,N/A,ISO 50001
1220,台榮,N/A,N/A,N
1225,福懋油,0.000000 ,母公司,N
1227,佳格,N/A,N/A,N
1229,聯華,N/A,N/A,N
1231,聯華食,N/A,N/A,ISO 50001
1232,大統益,N/A,N/A,ISO 50001
1233,天仁,N/A,N/A,N
1234,黑松,0.005600 ,總公司、中壢廠、斗六廠,ISO 50001
1235,興泰,N/A,N/A,N
1236,宏亞,0.260000 ,母公司,N
1256,鮮活果汁-KY,N/A,N/A,N
1301,台塑,0.000000 ,母公司,N
1303,南亞,0.000005 ,"母公司，本公司2022年取得18張綠能憑證(依國家再生能源憑證中心網站)，另已規劃分二階段於各廠區廠房屋頂建置太陽能發電設備，預計設置總容量約58,365KW(含必成公司)，預估占119年台電契約容量18.2%(高於政府用電大戶條款規定的10%)，其中，ヾ硬布一廠195KW於2022年7月設備登記核准，已取得再生能源憑證ゝ配電盤廠1,500KW投資新台幣0.7億元，並於2022年12月設備登記核准，已取得再生能源憑證。",1.ISO 50001能源管理系統:樹林、林口、嘉義、新港、仁武、林園等廠區中共14生產廠。 2.綠色工廠: 樹林二廠、新港CCL一、三廠。 3.綠建築:銅箔四廠(銀級)；及樹林、新港等3個生產廠。
1304,台聚,0.000000 ,台聚高雄廠,ISO 50001
1305,華夏,N/A,N/A,ISO 50001
1307,三芳,0.594200 ,合併財務報表之母子公司),N
1308,亞聚,0.000000 ,亞聚林園廠,ISO 50001
1309,台達化,N/A,N/A,ISO 50001
1310,台苯,N/A,N/A,N
1312,國喬,0.000000 ,僅母公司,N
1313,聯成,N/A,N/A,ISO 50001
1314,中石化,0.000302 ,母公司,採用ISO 50001驗證標準，本公司頭份廠、大社廠、小港廠已取得，斗六廠、橋頭廠尚未取得
1315,達新,0.075200 ,母公司,N
1316,上曜,N/A,N/A,N
1319,東陽,N/A,N/A,N
1321,大洋,N/A,N/A,N
1323,永裕,0.000000 ,與台電合作躉售太陽能光電，每年產生綠電約達25000度電以上，但未使用綠電於企業自用。,N
1324,地球,N/A,N/A,N
1325,恆大,N/A,N/A,N
1326,台化,0.001382 ,111年台化及台醋公司之台灣廠區資料,N
1337,再生-KY,N/A,N/A,N
1338,廣華-KY,N/A,N/A,N
1339,昭輝,N/A,N/A,N
1340,勝悅-KY,N/A,N/A,N
1341,富林-KY,0.520000 ,生物質 能源(壓榨稻殼),Higg Index (FEM)
1342,八貫,N/A,N/A,N
1402,遠東新,0.034000 ,生產事業21個生產據點,ISO 50001
1409,新纖,N/A,N/A,ISO 50001
1410,南染,N/A,N/A,N
1413,宏洲,0.000000 ,宏洲纖維工業股份有限公司桃園工廠,N
1414,東和,0.000000 ,本公司,N
1416,廣豐,N/A,N/A,N
1417,嘉裕,N/A,N/A,N
1418,東華,N/A,N/A,N
1419,新紡,N/A,N/A,N
1423,利華,N/A,N/A,N
1432,大魯閣,N/A,N/A,N
1434,福懋,0.004100 ,台灣廠區太陽能發電,ISO 50001
1435,中福,N/A,N/A,N
1436,華友聯,N/A,N/A,N
1437,勤益控,N/A,N/A,N
1438,三地開發,N/A,N/A,N
1439,雋揚,N/A,N/A,N
1440,南紡,0.000000 ,母公司,ISO 50001
1441,大東,N/A,N/A,N
1442,名軒,N/A,N/A,N
1443,立益物流,N/A,N/A,N
1444,力麗,0.000597 ,母公司各廠區,N
1445,大宇,N/A,N/A,N
1446,宏和,N/A,N/A,N
1447,力鵬,N/A,N/A,ISO 50001
1449,佳和,0.000000 ,母公司,N
1451,年興,0.039400 ,包含合併財務報表之母子公司,N
1452,宏益,0.000000 ,包含合併財務報表之母子公司,N
1453,大將,N/A,N/A,N
1454,台富,N/A,N/A,N
1455,集盛,N/A,N/A,N
1456,怡華,N/A,N/A,N
1457,宜進,0.000000 ,宜進實業股份有限公司及子公司(光明絲織廠股份有限公司、宏洲纖維工業股份有限公司、億東纖維股份有限公司、欣懋投資股份有限公司、大田國際開發股份有限公司、大宜國際開發股份有限公司)台北公司,N
1459,聯發,N/A,N/A,N
1460,宏遠,0.000000 ,母公司,ISO 50001
1463,強盛,N/A,N/A,N
1464,得力,N/A,N/A,N
1465,偉全,N/A,N/A,N
1466,聚隆,N/A,N/A,ISO 50001
1467,南緯,N/A,N/A,N
1468,昶和,N/A,N/A,N
1470,大統新創,N/A,N/A,N
1471,首利,N/A,N/A,N
1472,三洋實業,N/A,N/A,N
1473,台南,0.280000 ,包含合併財務報表之母子公司,N
1474,弘裕,N/A,N/A,N
1475,業旺,N/A,N/A,N
1476,儒鴻,0.005215 ,包含合併財務報表之母子公司,ISO 50001
1477,聚陽,0.194196 ,"範圍含聚陽股份有限公司(總公司)、Leader Garments Corp.、Moha Garments Co., Ltd.、Triple Garment(Vietnam) Co., Ltd.、Makalot Garments(Vietnam) Co., Ltd.、Makalot Garments(Cambodia) Co., Ltd.、PT. Glory Industrial Semarang、 PT. Starlight Garment Semarang、Leader Garment(Vietnam) Co., Ltd.、Jiaxing Ruiyang Garment Co., Ltd、Jiaxing Rising Garment Co.,Ltd、Jiaxing Suntex Garment Co.,Ltd",ISAE3000
1503,士電,N/A,N/A,N
1504,東元,0.024600 ,台灣所有廠區,N
1506,正道,N/A,N/A,N
1512,瑞利,N/A,N/A,N
1513,中興電,0.103735 ,(林口廠太陽能發電度)/年度總用電量953840/9195000*100%,N
1514,亞力,0.075232 ,母公司,N
1515,力山,N/A,N/A,N
1516,川飛,N/A,N/A,N
1517,利奇,0.000000 ,彰化廠及南崗廠之電力,N
1519,華城,0.000355 ,僅母公司,ISO50001:2018
1521,大億,N/A,N/A,N
1522,堤維西,0.000000 ,台電電費單,N
1524,耿鼎,N/A,N/A,N
1525,江申,N/A,N/A,N
1526,日馳,N/A,N/A,N
1527,鑽全,N/A,N/A,N
1528,恩德,N/A,N/A,N
1529,樂事綠能,N/A,N/A,N
1530,亞崴,N/A,N/A,N
1531,高林股,N/A,N/A,N
1532,勤美,0.034828 ,勤美股份有限公司金屬成型事業處,ISO 50001：2018
1533,車王電,N/A,N/A,N
1535,中宇,N/A,N/A,N
1536,和大,0.064643 ,僅母公司,ISO 50001
1537,廣隆,N/A,N/A,N
1538,正峰,N/A,N/A,N
1539,巨庭,N/A,N/A,N
1540,喬福,N/A,N/A,N
1541,錩泰,N/A,N/A,N
1558,伸興,0.000000 ,合併財務報表之母子公司,ISO 50001
1560,中砂,N/A,N/A,ISO 50001
1568,倉佑,0.000000 ,僅母公司,N
1582,信錦,N/A,N/A,N
1583,程泰,N/A,N/A,N
1587,吉茂,N/A,N/A,N
1589,永冠-KY,0.004800 ,合併財務報表之母子公司,ISO 50001
1590,亞德客-KY,0.021400 ,包含集團全部生產工廠及大陸地區全部銷售公司，已涵蓋集團95%以上之能源耗用量,N
1597,直得,0.021000 ,母公司,N
1598,岱宇,N/A,N/A,N
1603,華電,N/A,N/A,N
1604,聲寶,N/A,N/A,N
1605,華新,N/A,N/A,ISO 50001
1608,華榮,N/A,N/A,N
1609,大亞,0.004300 ,大亞集團,ISO 50001
1611,中電,N/A,N/A,N
1612,宏泰,0.000000 ,僅母公司,N
1614,三洋電,N/A,N/A,N
1615,大山,N/A,N/A,N
1616,億泰,N/A,N/A,N
1617,榮星,N/A,N/A,N
1618,合機,N/A,N/A,N
1626,艾美特-KY,N/A,N/A,N
1701,中化,N/A,N/A,N
1702,南僑,0.013005 ,中國大陸、泰國地區之製造單位,ISO 50001
1707,葡萄王,0.006100 ,葡萄王生技、葡眾企業,ISO 50001
1708,東鹼,N/A,N/A,N
1709,和益,N/A,N/A,N
1710,東聯,0.000000 ,1.2022年H2規劃建置太陽能光電系統（約108.78KW)，2023年Q1已完工，憑證申請中。2.2023年底前購買10%再生能源電力及憑證，以符合法令要求。,ISO 50001
1711,永光,N/A,N/A,N
1712,興農,0.000000 ,母公司王田廠區(王田廠、王田二廠、生物工廠),N
1713,國化,0.000000 ,屏南分公司,N
1714,和桐,N/A,N/A,N
1717,長興,0.001000 ,母公司及包含合併財務報表之國內與國外子公司,ISO 50001
1718,中纖,N/A,N/A,ISO 50001
1720,生達,0.077400 ,生達一廠+生達二廠,N
1721,三晃,N/A,N/A,N
1722,台肥,0.030000 ,母公司,ISO 50001
1723,中碳,0.000000 ,母公司,ISO 50001
1725,元禎,0.000000 ,母公司,N
1726,永記,N/A,N/A,N
1727,中華化,N/A,N/A,N
1730,花仙子,N/A,N/A,N
1731,美吾華,N/A,N/A,N
1732,毛寶,N/A,N/A,N
1733,五鼎,N/A,N/A,N
1734,杏輝,N/A,N/A,N
1735,日勝化,N/A,N/A,N
1736,喬山,0.058000 ,母公司,N
1737,臺鹽,0.004982 ,環境會計資料,N
1752,南光,N/A,N/A,N
1760,寶齡富錦,N/A,N/A,N
1762,中化生,N/A,N/A,N
1773,勝一,N/A,N/A,N
1776,展宇,N/A,N/A,N
1783,和康生,N/A,N/A,N
1786,科妍,N/A,N/A,N
1789,神隆,0.007153 ,"僅母公司(於2022年外購電力32,414,504度, 太陽能發電231,856度)",N
1795,美時,N/A,N/A,N
1802,台玻,N/A,N/A,ISO 50001
1805,寶徠,N/A,N/A,N
1806,冠軍,N/A,N/A,ISO 50001
1808,潤隆,N/A,N/A,N
1809,中釉,N/A,N/A,N
1810,和成,N/A,N/A,ISO 50001
1817,凱撒衛,N/A,N/A,N
1903,士紙,N/A,N/A,N
1904,正隆,0.000800 ,母公司,ISO 50001
1905,華紙,0.320000 ,華紙合併財報之台灣、大陸生產據點,ISO 50001
1906,寶隆,N/A,N/A,N
1907,永豐餘,0.434000 ,永豐餘年報所稱三大事業群（林漿紙事業群、工紙紙器事業群、消費品事業群）之台灣、大陸、越南三地共合計共35個生產據點。 可再生能源包含：SRF、回收紙渣、廢膠片、餘泥、沼氣、木質素、樹皮、廢木材、木片、木屑等。,ISO 50001
1909,榮成,0.000530 ,全台灣廠區,ISO 50001
2002,中鋼,0.000001 ,母公司,ISO 50001
2006,東和鋼鐵,0.000000 ,母公司,ISO 50001
2007,燁興,N/A,N/A,ISO 50001
2008,高興昌,N/A,N/A,N
2009,第一銅,0.000000 ,無使用再生能源,N
2010,春源,N/A,N/A,N
2012,春雨,N/A,N/A,N
2013,中鋼構,N/A,N/A,N
2014,中鴻,0.000000 ,母公司,ISO 50001
2015,豐興,N/A,N/A,N
2017,官田鋼,N/A,N/A,N
2020,美亞,N/A,N/A,N
2022,聚亨,N/A,N/A,N
2023,燁輝,0.000000 ,燁輝企業股份有限公司(僅母公司),ISO 50001
2024,志聯,N/A,N/A,ISO 50001
2025,千興,N/A,N/A,N
2027,大成鋼,N/A,N/A,N
2028,威致,N/A,N/A,N
2029,盛餘,0.006294 ,太陽能/電力+天然氣+蒸氣+汽柴油(熱值),ISO 50001
2030,彰源,N/A,N/A,N
2031,新光鋼,N/A,N/A,N
2032,新鋼,N/A,N/A,N
2033,佳大,N/A,N/A,N
2034,允強,0.000000 ,2022年四廠總用電量合計為 35292仟度，斗一廠和斗二廠太陽能發電量為 4728仟度全數出售，預計將於2025年轉為自發自用。,ISO 50001
2038,海光,N/A,N/A,N
2049,上銀,N/A,N/A,ISO 50001:2018
2059,川湖,N/A,N/A,N
2062,橋椿,N/A,N/A,GRI準則
2069,運錩,N/A,N/A,N
2101,南港,N/A,N/A,N
2102,泰豐,N/A,N/A,N
2103,台橡,0.000000 ,合併財務報表之母子公司,中華民國會計研究發展基金會所發佈確信準則公報3000號進行SASB指標之有限確信
2104,國際中橡,N/A,N/A,ISO 50001
2105,正新,0.028000 ,母公司,N
2106,建大,N/A,N/A,ISO 50001
2107,厚生,N/A,N/A,N
2108,南帝,0.000000 ,僅母公司,N
2109,華豐,N/A,N/A,N
2114,鑫永銓,N/A,N/A,N
2115,六暉-KY,N/A,N/A,N
2201,裕隆,0.054946 ,裕隆汽車製造(股)公司三義廠區,N
2204,中華,0.000477 ,占營運範圍比率100%,ISO 50001
2206,三陽工業,N/A,N/A,N
2207,和泰車,0.002884 ,母公司,N
2208,台船,N/A,N/A,N
2211,長榮鋼,N/A,N/A,N
2227,裕日車,N/A,N/A,N
2228,劍麟,N/A,N/A,N
2231,為升,N/A,N/A,N
2233,宇隆,N/A,N/A,N
2236,百達-KY,N/A,N/A,N
2239,英利-KY,N/A,N/A,N
2241,艾姆勒,0.000000 ,母公司,N
2243,宏旭-KY,N/A,N/A,N
2247,汎德永業,0.000769 ,合併財報之母子公司,N
2250,IKKA-KY,N/A,N/A,N
2301,光寶科,0.268000 ,"包含母公司與合併財報之部分子公司
光寶科技股份有限公司、光寶電子(天津)有限公司、光寶網絡通訊(東莞)有限公司、光寶光電(常州)有限公司、光寶科技(常州)有限公司、光寶電子(東莞)有限公司、光寶電源科技(東莞)有限公司、旭麗電子(東莞)有限公司、惠州市力信電子有限公司、光寶電子(廣州)有限公司、建興光電科技(北海)有限公司、敦揚(廣州)汽車電子有限公司、光寶智能汽車(廣州)有限公司、LITE-ON VIETNAM CO., LTD.、Lite-On Electronics (Thailand) Co., Ltd.、LITE-ON POWER ELECTRONIC INDIA PRIVATE LIMITED",ISO 50001
2302,麗正,N/A,N/A,N
2303,聯電,0.001400 ,母公司(含新加坡分公司),ISO 50001
2305,全友,N/A,N/A,N
2308,台達電,0.576000 ,全球據點,ISO 50001
2312,金寶,0.052000 ,合併財務報表之母子公司,N
2313,華通,0.287000 ,111年度,N
2314,台揚,0.000000 ,僅台揚科技,N
2316,楠梓電,N/A,N/A,ISO 50001
2317,鴻海,0.082800 ,包含合併財務報表母子公司,ISO 50001
2321,東訊,N/A,N/A,N
2323,中環,N/A,N/A,N
2324,仁寶,0.374000 ,母公司、仁寶(越南)、仁寶電腦(重慶)、仁寶電腦(成都)及仁寶視訊電子(昆山)、仁寶電子科技(昆山)、仁寶資訊工業(昆山)、仁寶信息技術(昆山)、仁寶數碼科技（昆山）、吉寶通訊（南京）、重慶翊寶智慧電子裝置及Compalead Eletr&#244;nica do Brasil Ind&#250;stria e Com&#233;rcio,ISO 50001
2327,國巨,0.000000 ,母公司,N
2328,廣宇,0.000000 ,母公司為辦公區再生能源為零，子公司規劃建設太陽能站，(目前東廠區建設完畢)。,N
2329,華泰,N/A,N/A,ISO 50001
2330,台積電,0.104000 ,台灣廠區及部分子公司,ISO 50001
2331,精英,0.001091 ,% ; 資料範圍： 精英電腦總部智慧大樓太陽能車棚,"GB/T 23331-2020 / ISO 50001:2018, 大陸興英廠區取得"
2332,友訊,N/A,N/A,ISO14001
2337,旺宏,0.000000 ,僅母公司,N
2338,光罩,0.000000 ,僅母公司,N
2340,台亞,N/A,N/A,N
2342,茂矽,0.000260 ,僅母公司,N
2344,華邦電,0.000000 ,母公司,ISO 50001
2345,智邦,N/A,N/A,ISO 50001
2347,聯強,N/A,N/A,N
2348,海悅,N/A,N/A,N
2349,錸德,0.001227 ,僅母公司,N
2351,順德,0.000800 ,母公司,ISO 50001
2352,佳世達,0.071000 ,佳世達台灣/蘇州廠區,ISO 50001
2353,宏,0.440000 ,含合併財務報表之母子公司,ISO 50001
2354,鴻準,N/A,N/A,ISO 50001
2355,敬鵬,N/A,N/A,N
2356,英業達,0.198900 ,"*英業達股份有限公司Inventec Corporation(士林廠 Shilin site(IET)、桃園廠 Taoyuan site(TAO)、桃園廠 Taoyuan site(TRDC/ITO)、台北辦公室Taipei office、台南建物Tainan building、日本東京辦公室(IJC))
*英業達(重慶)有限公司Inventec (Chongqing) Corporation (ICC)
*英業達科技有限公司Inventec (Pudong) Technology Corporation (IPT)
*上海順詮科技有限公司SQ Technology (Shanghai) Corporation (SQT)
*Inventec (Czech) S.R.O. (ICZ)
*IEC Technologies, S . de R. L. de C. V. (IMX)",ISO 50001
2357,華碩,0.150000 ,全球營運據點,ISO 50001
2358,廷鑫,N/A,N/A,N
2359,所羅門,N/A,N/A,N
2360,致茂,0.000020 ,僅母公司,N
2362,藍天,0.159000 ,主要製造廠：昆山廠,ISO 50001
2363,矽統,N/A,N/A,N
2364,倫飛,N/A,N/A,N
2365,昆盈,N/A,N/A,N
2367,燿華,N/A,N/A,ISO 50001
2368,金像電,0.069000 ,合併財務報表之母子公司,ISO 50001
2369,菱生,N/A,N/A,N
2371,大同,0.000000 ,僅母公司,ISO 50001
2373,震旦行,0.000000 ,僅母公司,N
2374,佳能,0.000000 ,111年度,N
2375,凱美,N/A,N/A,N
2376,技嘉,0.000000 ,技嘉科技營運總部、桃園南平廠、中國東莞廠和中國寧波廠,N
2377,微星,N/A,N/A,ISO 50001
2379,瑞昱,0.000000 ,僅包含瑞昱新竹營運總部,N
2380,虹光,N/A,N/A,N
2382,廣達,0.259200 ,廣達電腦(股)公司臺灣總部QRDC及廣達台灣製造城QTMC、廣達上海製造城QSMC、廣達重慶製造城QCMC、廣達泰國廠QMB,ISO 50001
2383,台光電,N/A,N/A,N
2385,群光,0.135500 ,群光電子(含海外各廠區，不含子公司),ISO 50001
2387,精元,N/A,N/A,N
2388,威盛,N/A,N/A,N
2390,云辰,N/A,N/A,N
2392,正崴,0.636000 ,母公司及主要生產基地之子公司,ISO 50001
2393,億光,0.000000 ,億光電子台灣地區,N
2395,研華,0.000000 ,邊界範疇包含研華台灣(瑞光、陽光、林口、東湖)、中國昆山廠區、日本廠區、韓國廠區、美國廠區及歐洲廠區,ISO 50001
2397,友通,N/A,N/A,N
2399,映泰,N/A,N/A,N
2401,凌陽,0.000000 ,僅母公司,N
2402,毅嘉,N/A,N/A,N
2404,漢唐,N/A,N/A,N
2405,輔信,N/A,N/A,N
2406,國碩,N/A,N/A,N
2408,南亞科,0.009500 ,母公司,ISO 50001
2409,友達,0.001000 ,全球營運據點,ISO 50001
2412,中華電,0.016700 ,100%,ISO 50001
2413,環科,0.006108 ,母公司,N
2414,精技,N/A,N/A,N
2415,錩新,0.000000 ,母公司+錩新科技(越南)公司,N
2417,圓剛,0.000000 ,母公司,N
2419,仲琦,N/A,N/A,N
2420,新巨,0.000000 ,包含合併財務報表之母子公司,N
2421,建準,N/A,N/A,N
2423,固緯,N/A,N/A,N
2424,隴華,N/A,N/A,N
2425,承啟,N/A,N/A,N
2426,鼎元,0.000000 ,僅母公司,N
2427,三商電,N/A,N/A,N
2428,興勤,N/A,N/A,N
2429,銘旺科,N/A,N/A,N
2430,燦坤,N/A,N/A,N
2431,聯昌,N/A,N/A,N
2432,倚天酷-創,0.000000 ,僅申報公司,N
2433,互盛電,0.000000 ,僅母公司,N
2434,統懋,0.436646 ,母公司,N
2436,偉詮電,N/A,N/A,N
2438,翔耀,N/A,N/A,N
2439,美律,0.163100 ,母公司與部分合併財務報表之子公司,ISO 50001
2440,太空梭,N/A,N/A,N
2441,超豐,N/A,N/A,N
2442,新美齊,N/A,N/A,N
2443,昶虹,N/A,N/A,N
2444,兆勁,0.000000 ,母公司,N
2449,京元電子,N/A,N/A,ISO 50001
2450,神腦,0.000000 ,新店總公司共10間辦公室,N
2451,創見,0.000000 ,僅母公司,N
2453,凌群,N/A,N/A,N
2454,聯發科,0.000000 ,僅母公司,ISO 50001
2455,全新,N/A,N/A,N
2457,飛宏,0.000800 ,"31,620kwh",N
2458,義隆,N/A,N/A,N
2459,敦吉,N/A,N/A,N
2460,建通,N/A,N/A,N
2461,光群雷,N/A,N/A,N
2462,良得電,N/A,N/A,N
2464,盟立,N/A,N/A,N
2465,麗臺,N/A,N/A,N
2466,冠西電,N/A,N/A,N
2467,志聖,N/A,N/A,N
2468,華經,N/A,N/A,N
2471,資通,N/A,N/A,N
2472,立隆電,N/A,N/A,N
2474,可成,0.000000 ,僅母公司台南廠區,N
2476,鉅祥,N/A,N/A,N
2477,美隆電,N/A,N/A,N
2478,大毅,N/A,N/A,N
2480,敦陽科,N/A,N/A,N
2481,強茂,0.003288 ,岡山廠,N
2482,連宇,N/A,N/A,N
2483,百容,N/A,N/A,N
2484,希華,N/A,N/A,N
2485,兆赫,N/A,N/A,N
2486,一詮,N/A,N/A,N
2488,漢平,N/A,N/A,N
2489,瑞軒,0.078500 ,包含合併財務報表之母子公司,ISO 50001
2491,吉祥全,N/A,N/A,N
2492,華新科,N/A,N/A,N
2493,揚博,N/A,N/A,N
2495,普安,N/A,N/A,N
2496,卓越,N/A,N/A,N
2497,怡利電,N/A,N/A,N
2498,宏達電,0.000900 ,範圍以HTC台灣區域為主，涵蓋所有HTC在台灣執行營運的母子公司組織範疇,ISO 50001
2501,國建,N/A,N/A,N
2504,國產,N/A,N/A,N
2505,國揚,N/A,N/A,N
2506,太設,N/A,N/A,N
2509,全坤建,N/A,N/A,N
2511,太子,N/A,N/A,N
2514,龍邦,N/A,N/A,N
2516,新建,N/A,N/A,N
2520,冠德,N/A,N/A,N
2524,京城,N/A,N/A,N
2527,宏璟,N/A,N/A,N
2528,皇普,N/A,N/A,N
2530,華建,N/A,N/A,N
2534,宏盛,N/A,N/A,N
2535,達欣工,0.000000 ,母公司營運總部+工地,N
2536,宏普,N/A,N/A,N
2537,聯上發,N/A,N/A,N
2538,基泰,N/A,N/A,N
2539,櫻花建,N/A,N/A,N
2540,愛山林,N/A,N/A,N
2542,興富發,N/A,N/A,N
2543,皇昌,N/A,N/A,N
2545,皇翔,N/A,N/A,N
2546,根基,0.000000 ,總公司及工程專案,N
2547,日勝生,N/A,N/A,N
2548,華固,N/A,N/A,N
2597,潤弘,N/A,N/A,N
2601,益航,N/A,N/A,N
2603,長榮,N/A,N/A,N
2605,新興,N/A,N/A,N
2606,裕民,N/A,N/A,DNV VeriSustain 中度保證等級
2607,榮運,N/A,N/A,N
2608,嘉里大榮,N/A,N/A,N
2609,陽明,0.053600 ,船舶使用太陽能風力岸電佔總用電量比例,N
2610,華航,0.003400 ,母公司為主體（但包含全球飛航燃油使用、企業總部、修護廠區、台灣地區作業區域與分公司，母數盤查範圍較同業廣）,ISO 50001
2611,志信,N/A,N/A,N
2612,中航,N/A,N/A,N
2613,中櫃,N/A,N/A,N
2614,東森,N/A,N/A,ISO 50001
2615,萬海,N/A,N/A,N
2616,山隆,N/A,N/A,N
2617,台航,N/A,N/A,N
2618,長榮航,0.000000 ,僅母公司,ISO 50001
2630,亞航,0.002329 ,"本公司台南廠區7-1棚屋頂設置太陽能
板自用，年發電量15,000度，年用電量
6,440,116度。",N
2633,台灣高鐵,0.000266 ,苗栗/彰化/雲林車站自發自用太陽能發電量,N
2634,漢翔,0.000091 ,母公司,ISO 50001
2636,台驊投控,N/A,N/A,N
2637,慧洋-KY,0.000000 ,包含合併財務報表之母子公司,N
2642,宅配通,N/A,N/A,N
2645,長榮航太,N/A,N/A,N
2701,萬企,N/A,N/A,N
2702,華園,N/A,N/A,N
2704,國賓,N/A,N/A,N
2705,六福,N/A,N/A,N
2706,第一店,N/A,N/A,N
2707,晶華,N/A,N/A,N
2712,遠雄來,N/A,N/A,N
2722,夏都,N/A,N/A,N
2723,美食-KY,N/A,N/A,N
2727,王品,N/A,N/A,N
2731,雄獅,N/A,N/A,N
2739,寒舍,N/A,N/A,N
2748,雲品,N/A,N/A,ISO 50001
2753,八方雲集,N/A,N/A,N
2801,彰銀,0.003600 ,母公司之國內全數營運據點,ISO 50001
2809,京城銀,0.000000 ,母公司,ISO 50001
2812,台中銀,N/A,N/A,N
2816,旺旺保,N/A,N/A,N
2820,華票,N/A,N/A,N
2832,台產,N/A,N/A,N
2834,臺企銀,0.003800 ,國內外營業據點及合併報表子公司，共169處據點。,ISO 50001
2836,高雄銀,0.000000 ,母公司總行大樓,ISO 50001
2838,聯邦銀,N/A,N/A,ISO 50001
2845,遠東銀,0.000000 ,母公司,ISO 50001
2849,安泰銀,N/A,N/A,N
2850,新產,N/A,N/A,N
2851,中再保,N/A,N/A,N
2852,第一保,N/A,N/A,N
2855,統一證,N/A,N/A,N
2867,三商壽,N/A,N/A,ISO14001
2880,華南金,0.002400 ,包含合併財務報表之母子公司及孫公司,ISO 50001
2881,富邦金,0.010000 ,包含富邦金控及子公司富邦人壽、台北富邦銀行、富邦產險、富邦證券、日盛銀行(2023/4併入北富銀)、日盛證券(2023/4併入富邦證券)、富邦期貨、富邦育樂、富邦運動場館、富邦投信、富邦投顧、北富銀創投、富銀香港、富邦華一銀行。,ISO 50001
2882,國泰金,0.077400 ,包含集團(金控、人壽、銀行、產險、證券、投信、投顧、創投、期貨、私募)之國內據點，以及部份海外分支機構數據,ISO 50001
2883,開發金,0.013000 ,開發金控所有據點及中國人壽北京代表處，未涵蓋包含中國人壽國內所有通訊處及海外子公司所有據點,ISO 50001
2884,玉山金,0.150000 ,100%持有合併財務報表之母子公司,ISO 50001、ISO 14064
2885,元大金,0.025292 ,合併財務報表之母子公司(全台灣營業據點),ISO 50001
2886,兆豐金,0.010000 ,包含合併財務報表母子公司之國內所有據點,ISAE 3000
2887,台新金,0.018180 ,再生能源包含自發自用太陽能、外購綠電及外購再生能源憑證，非再生能源包含汽油、柴油及外購電力(台電)；資料涵蓋台新金控，台新銀行(共 105 個據點與 5 個海外據點)，以及台新證券、台新資產管理、台新投信、台新創投、台新投顧、台新人壽共37 個子公司據點。,ISO 50001
2888,新光金,0.000000 ,包含合併財務報表之母子公司,ISO 50001
2889,國票金,0.000000 ,"涵蓋包含合併財務報表之母子公司，包括國票金融控股公司、國際票券金融股份有限公司、國票綜合證券股份有限公司、國票證券投資顧問股份有限公司、國票期貨股份有限公司、國票證創業投資股份有限公司、國票創業投資股份有限公司、國旺國際融資租賃有限公司、IBF Financial Holding Co., Ltd.，共計48個據點。",ISO 50001
2890,永豐金,0.007000 ,僅永豐銀行,AA1000 ASv3第二類型高度保證等級
2891,中信金,0.004456 ,中國信託金融園區及臺中金融大樓,ISO 50001
2892,第一金,0.052100 ,總能源資料範圍為本公司暨合併財報除「第一金證券亞洲」外之所有子公司。,ISO 50001
2897,王道銀行,0.011200 ,母公司全台營運據點,ISO 50001
2901,欣欣,N/A,N/A,N
2903,遠百,0.000430 ,遠東百貨_信義A13及台中大遠百(太陽光電),ISO 50001
2904,匯僑,N/A,N/A,N
2905,三商,0.000000 ,"母公司(建北大樓11F,16F,19F)",N
2906,高林,N/A,N/A,N
2908,特力,N/A,N/A,N
2910,統領,N/A,N/A,N
2911,麗嬰房,N/A,N/A,N
2912,統一超,N/A,N/A,ISO 50001
2913,農林,N/A,N/A,N
2915,潤泰全,N/A,N/A,N
2923,鼎固-KY,N/A,N/A,N
2929,淘帝-KY,N/A,N/A,N
2939,凱羿-KY,N/A,N/A,N
2945,三商家購,N/A,N/A,N
3002,歐格,N/A,N/A,N
3003,健和興,N/A,N/A,N
3004,豐達科,0.008400 ,僅母公司,N
3005,神基,N/A,N/A,ISO 50001
3006,晶豪科,N/A,N/A,N
3008,大立光,N/A,N/A,N
3010,華立,1.000000 ,"母公司及子公司(全順、國軒、詠佳、富鈞、華恆),並未直接使用而是將能源提供於台電,但依發電量與消耗量計算,再生能源達100%。",N
3011,今皓,N/A,N/A,N
3013,晟銘電,0.048000 ,包含合併財務報表之母子公司,N
3014,聯陽,N/A,N/A,N
3015,全漢,0.055400 ,母公司與部分子公司,N
3016,嘉晶,N/A,N/A,N
3017,奇鋐,0.153000 ,深圳奇宏/興奇宏、武漢奇宏/興奇宏,ISO 50001
3018,隆銘綠能,N/A,N/A,N
3019,亞光,N/A,N/A,N
3021,鴻名,N/A,N/A,N
3022,威強電,N/A,N/A,N
3023,信邦,0.015000 ,集團100%持股之11個據點。能源使用包含電力(再生能源、非再生能源之汽油、柴油、液化石油氣、天然氣)，經換算熱值(GJ)之佔比,ISO 50001
3024,憶聲,N/A,N/A,N
3025,星通,N/A,N/A,N
3026,禾伸堂,N/A,N/A,N
3027,盛達,N/A,N/A,N
3028,增你強,0.000000 ,範圍包含台灣區內湖總部辦公室,N
3029,零壹,N/A,N/A,N
3030,德律,N/A,N/A,N
3031,佰鴻,N/A,N/A,N
3032,偉訓,N/A,N/A,N
3033,威健,N/A,N/A,N
3034,聯詠,0.002900 ,母公司,N
3035,智原,0.003100 ,母公司,N
3036,文曄,0.000000 ,包含合併財務報表母子公司之台灣各營運據點。,N
3037,欣興,0.000000 ,目前尚未使用再生能源。,ISO 50001
3038,全台,N/A,N/A,N
3040,遠見,N/A,N/A,N
3041,揚智,0.000000 ,僅母公司,N
3042,晶技,0.001470 ,2022年再生能源使用率,N
3043,科風,N/A,N/A,N
3044,健鼎,0.000000 ,健鼎-平鎮/無錫/湖北廠區,N
3045,台灣大,0.044888 ,2022,ISO 50001
3046,建,0.590000 ,含合併財務報表之母子公司,N
3047,訊舟,N/A,N/A,N
3049,精金,N/A,N/A,N
3050,鈺德,0.000014 ,僅母公司,N
3051,力特,N/A,N/A,ISO14001
3052,夆典,0.000000 ,總部辦公處所(新北市中和區新民街112號4樓),N
3054,立萬利,N/A,N/A,N
3055,蔚華科,N/A,N/A,N
3056,富華新,N/A,N/A,N
3057,喬鼎,N/A,N/A,N
3058,立德,N/A,N/A,N
3059,華晶科,N/A,N/A,N
3060,銘異,N/A,N/A,N
3062,建漢,N/A,N/A,N
3090,日電貿,N/A,N/A,N
3092,鴻碩,N/A,N/A,ISO 50001
3094,聯傑,N/A,N/A,N
3130,一零四,N/A,N/A,N
3138,耀登,0.018300 ,僅母公司,N
3149,正達,N/A,N/A,N
3164,景岳,0.162000 ,"再生能源節約量(天然氣)
111年 立方公尺
1月 1542.44
2月 807.087
3月 1979.45
4月 1476.41
5月 1922.54
6月 1919.37
7月 2288.01
8月 2115.75
9月 1692.24
10月 2240.59
11月 1523.54
12月 1416.89
加總 20924.3
總天然氣節約量: 20924.3",N
3167,大量,N/A,N/A,N
3189,景碩,N/A,N/A,N
3209,全科,N/A,N/A,N
3229,晟鈦,N/A,N/A,N
3231,緯創,0.571916 ,母公司及全球主要營運與製造廠區(昆山廠、泰州廠、中山廠、重慶廠、成都廠、墨西哥廠、捷克廠、昆山光電廠及馬來西亞廠),ISO 50001
3257,虹冠電,N/A,N/A,N
3266,昇陽,N/A,N/A,N
3296,勝德,0.000000 ,僅母公司,N
3305,昇貿,N/A,N/A,N
3308,聯德,N/A,N/A,N
3311,閎暉,N/A,N/A,N
3312,弘憶股,N/A,N/A,N
3321,同泰,N/A,N/A,N
3338,泰碩,N/A,N/A,N
3346,麗清,N/A,N/A,N
3356,奇偶,N/A,N/A,N
3376,新日興,N/A,N/A,N
3380,明泰,N/A,N/A,N
3406,玉晶光,N/A,N/A,N
3413,京鼎,N/A,N/A,N
3416,融程電,N/A,N/A,N
3419,譁裕,N/A,N/A,N
3432,台端,0.000000 ,包含合併財務報表之母子公司,N
3437,榮創,N/A,N/A,N
3443,創意,0.001297 ,包含合併財務報表之母子公司,N
3447,展達,0.001091 ,僅母公司,N
3450,聯鈞,N/A,N/A,N
3454,晶睿,0.228100 ,168+192+桃園廠區,N
3481,群創,0.000040 ,台灣母公司與大陸生產據點子公司的總用電量與再生能源使用量,ISO 50001
3494,誠研,0.021572 ,包含合併財務報表之母子公司,N
3501,維熹,N/A,N/A,N
3504,揚明光,N/A,N/A,N
3515,華擎,0.000000 ,母公司(目前用電主要以台電為主，未使用再生能源),N
3518,柏騰,N/A,N/A,N
3528,安馳,N/A,N/A,N
3530,晶相光,N/A,N/A,N
3532,台勝科,N/A,N/A,N
3533,嘉澤,N/A,N/A,N
3535,晶彩科,N/A,N/A,N
3543,州巧,N/A,N/A,N
3545,敦泰,N/A,N/A,N
3550,聯穎,N/A,N/A,N
3557,嘉威,0.000000 ,母公司及大陸子公司,N
3563,牧德,0.000000 ,牧德科技股份有限公司,N
3576,聯合再生,N/A,N/A,N
3583,辛耘,N/A,N/A,N
3588,通嘉,N/A,N/A,N
3591,艾笛森,N/A,N/A,N
3592,瑞鼎,N/A,N/A,N
3593,力銘,N/A,N/A,N
3596,智易,0.070000 ,台灣總部、中國生產中心及越南生產中心,ISO 50001
3605,宏致,0.000000 ,公司目前尚無使用再生能源，以購入台電電力為主要使用電力,N
3607,谷崧,N/A,N/A,N
3617,碩天,N/A,N/A,N
3622,洋華,N/A,N/A,N
3645,達邁,0.008060 ,達邁銅鑼廠,N
3652,精聯,N/A,N/A,N
3653,健策,N/A,N/A,N
3661,世芯-KY,N/A,N/A,N
3665,貿聯-KY,0.036100 ,全球33個生產廠區: 昆山貿聯廠、昆山翔光廠、常州廠、常州BCNC廠、深圳通盈廠、翔耀廠、康聯廠、廈門新視廠、百事聯廠、佛山城鉞廠、新加坡加冷廠、馬來西亞柔佛廠、馬來西亞檳城廠、加州廠、密西根廠、德州廠、墨西哥廠、加拿大廠、塞爾維亞廠、斯洛伐克廠、德國廠、法國廠、捷克廠、義大利廠等。,N
3669,圓展,0.004200 ,母公司,N
3673,TPK-KY,0.599600 ,僅含大陸廠區,ISO 50001
3679,新至陞,N/A,N/A,N
3686,達能,N/A,N/A,N
3694,海華,N/A,N/A,N
3701,大眾控,N/A,N/A,N
3702,大聯大,N/A,N/A,N
3703,欣陸,0.031400 ,母公司及主要營運子公司,ISO 50001，驗證範圍：鳳山及安平水資源中心
3704,合勤控,0.000000 ,合勤投資控股股份有限公司、盟創科技股份有限公司、合勤科技股份有限公司、兆勤科技股份有限公司,N
3705,永信,N/A,N/A,N
3706,神達,0.034000 ,合併財務報表之母子公司，含台灣營運、研發中心及廠區；中國主要生產據點：廣東順達廠區/江蘇昆達廠區/江蘇璽達廠區；美國加州組裝廠區：MiTAC Information SystemsCorp.,N
3708,上緯投控,N/A,N/A,ISO 50001
3711,日月光投控,0.193700 ,包含再生能源或憑證,ISO 50001
3712,永崴投控,0.000000 ,母公司,N
3714,富采,N/A,N/A,N
3715,定穎投控,0.032892 ,資料涵蓋範圍包含合併財務報表之母子公司,ISO 50001
4104,佳醫,N/A,N/A,N
4106,雃博,N/A,N/A,N
4108,懷特,N/A,N/A,N
4119,旭富,N/A,N/A,N
4133,亞諾法,N/A,N/A,N
4137,麗豐-KY,N/A,N/A,N
4142,國光生,N/A,N/A,N
4148,全宇生技-KY,N/A,N/A,N
4155,訊映,N/A,N/A,N
4164,承業醫,N/A,N/A,N
4190,佐登-KY,N/A,N/A,N
4306,炎洲,N/A,N/A,ISO 50001
4414,如興,N/A,N/A,N
4426,利勤,N/A,N/A,ISO 50001
4438,廣越,N/A,N/A,N
4439,冠星-KY,0.021285 ,TOP SPORTS TEXTILE LTD.,EMeRet
4440,宜新實業,N/A,N/A,N
4526,東台,N/A,N/A,ISO 50001
4532,瑞智,0.000000 ,僅母公司,N
4536,拓凱,N/A,N/A,N
4540,全球傳動,N/A,N/A,N
4545,銘鈺,N/A,N/A,N
4551,智伸科,N/A,N/A,N
4552,力達-KY,N/A,N/A,N
4555,氣立,N/A,N/A,N
4557,永新-KY,N/A,N/A,N
4560,強信-KY,N/A,N/A,N
4562,穎漢,N/A,N/A,N
4564,元翎,N/A,N/A,N
4566,時碩工業,N/A,N/A,N
4571,鈞興-KY,0.000000 ,主要生產子公司珠海鈞興及越南鈞興,N
4572,駐龍,N/A,N/A,N
4576,大銀微系統,0.000000 ,母公司之總部及二廠,ISO 50001
4581,光隆精密-KY,N/A,N/A,N
4583,台灣精銳,N/A,N/A,N
4720,德淵,N/A,N/A,ISO 50001
4722,國精化,N/A,N/A,N
4736,泰博,N/A,N/A,N
4737,華廣,N/A,N/A,N
4739,康普,N/A,N/A,ISO 50001
4746,台耀,N/A,N/A,N
4755,三福化,N/A,N/A,N
4763,材料-KY,N/A,N/A,N
4764,雙鍵,0.000000 ,母公司,N
4766,南寶,0.003400 ,僅母公司,ISO 50001
4770,上品,N/A,N/A,N
4807,日成-KY,N/A,N/A,N
4904,遠傳,0.005000 ,包含合併財務報表之母子公司,ISO 50001
4906,正文,N/A,N/A,N
4912,聯德控股-KY,0.350000 ,廠區邊角料轉運回收再利用,ISO 50001
4915,致伸,0.316900 ,致伸科技及子公司東莞東聚、致伸重慶、致伸昆山、惠州迪芬尼、致伸泰國、迪芬尼泰國,ISO 50001
4916,事欣科,N/A,N/A,N
4919,新唐,0.000000 ,僅母公司,ISO 50001
4927,泰鼎-KY,0.005200 ,包含合併財務報表之母子公司,N
4930,燦星網,N/A,N/A,N
4934,太極,N/A,N/A,N
4935,茂林-KY,N/A,N/A,N
4938,和碩,0.194200 ,和碩聯合科技(股)公司、昌碩科技(上海)、世碩電子(昆山)、名碩電腦(蘇州)、康碩電子(蘇州)、凱碩電腦(蘇州)、旭碩科技(重慶)、凱全電子(重慶)、Pegatron Mexico S.A. de C.V.、PEGATRON Czech s.r.o.、PT. PEGATRON TECHNOLOGY INDONESIA、PEGATRON VIETNAM COMPANY LIMITED、PEGATRON TECHNOLOGY HAI PHONG COMPANY LIMITED、PEGATRON TECHNOLOGY INDIA PRIVATE LIMITED、Pegatron Japan Inc.、PEGATRON SERVICE SINGAPORE PTE. LTD.、PEGATRON SERVICE KOREA LLC.、PEGATRON TECHNOLOGY SERVICE INC.、PEGATRON SERVICE AUSTRALIA PTY. LTD,ISO 50001
4942,嘉彰,N/A,N/A,N
4943,康控-KY,N/A,N/A,N
4952,凌通,0.000000 ,母公司,N
4956,光鋐,N/A,N/A,N
4958,臻鼎-KY,0.022000 ,大陸園區自建太陽能發電及外購電力(綠電),ISO 50001
4960,誠美材,0.018240 ,僅母公司,N
4961,天鈺,0.000000 ,天鈺科技股份有限公司,AA1000 Type2 中度保證等級
4967,十銓,N/A,N/A,N
4968,立積,N/A,N/A,N
4976,佳凌,N/A,N/A,N
4977,眾達-KY,N/A,N/A,N
4989,榮科,0.060000 ,本公司,ISO 50001
4994,傳奇,N/A,N/A,N
4999,鑫禾,N/A,N/A,N
5007,三星,N/A,N/A,ISO50001:2018
5203,訊連,N/A,N/A,N
5215,科嘉-KY,N/A,N/A,N
5222,全訊,N/A,N/A,N
5225,東科-KY,N/A,N/A,N
5234,達興材料,0.000000 ,所有生產廠區,N
5243,乙盛-KY,N/A,N/A,N
5244,弘凱,N/A,N/A,N
5258,虹堡,N/A,N/A,N
5269,祥碩,0.000000 ,"111/1/1~12/31, 範圍:祥碩總公司辦公室",N
5283,禾聯碩,N/A,N/A,N
5284,jpp-KY,N/A,N/A,Thai Ministerial Regulation
5285,界霖,N/A,N/A,N
5288,豐祥-KY,0.000000 ,主要營運孫公司台灣豐祥及越南VPIC1,ISO 50001:2018
5306,桂盟,0.000000 ,母公司及合併財務報表之子公司(桂盟企業),N
5388,中磊,0.000000 ,本公司(台北辦公室+&#12149;南廠),N
5434,崇越,N/A,N/A,N
5469,瀚宇博,N/A,N/A,N
5471,松翰,N/A,N/A,N
5484,慧友,N/A,N/A,N
5515,建國,N/A,N/A,N
5519,隆大,N/A,N/A,N
5521,工信,N/A,N/A,N
5522,遠雄,N/A,N/A,N
5525,順天,N/A,N/A,N
5531,鄉林,N/A,N/A,N
5533,皇鼎,N/A,N/A,N
5534,長虹,N/A,N/A,N
5538,東明-KY,N/A,N/A,N
5546,永固-KY,N/A,N/A,N
5607,遠雄港,N/A,N/A,N
5608,四維航,0.000000 ,本公司於申報年度未使用再生能源，故不適用,N
5706,鳳凰,N/A,N/A,N
5871,中租-KY,0.295500 ,內湖總公司,ISO 50001
5876,上海商銀,0.021483 ,僅母公司,ISO 50001
5880,合庫金,0.000803 ,2022年總行大樓太陽能自發自用/2022年全集團用電量,ISO 50001
5906,台南-KY,N/A,N/A,N
5907,大洋-KY,N/A,N/A,N
6005,群益證,N/A,N/A,N
6024,群益期,N/A,N/A,N
6108,競國,N/A,N/A,N
6112,邁達特,N/A,N/A,N
6115,鎰勝,N/A,N/A,N
6116,彩晶,N/A,N/A,ISO 50001
6117,迎廣,0.000000 ,母公司,ISO 50001
6120,達運,0.053300 ,包含本公司及合併財務報表內子公司,N
6128,上福,N/A,N/A,N
6133,金橋,N/A,N/A,N
6136,富爾特,N/A,N/A,N
6139,亞翔,N/A,N/A,N
6141,柏承,0.021322 ,昆山子公司廠區,N
6142,友勁,N/A,N/A,N
6152,百一,N/A,N/A,N
6153,嘉聯益,N/A,N/A,N
6155,鈞寶,N/A,N/A,N
6164,華興,N/A,N/A,N
6165,浪凡,N/A,N/A,N
6166,凌華,N/A,N/A,N
6168,宏齊,N/A,N/A,N
6176,瑞儀,0.026000 ,台灣與中國大陸製造廠區,N
6177,達麗,N/A,N/A,N
6183,關貿,N/A,N/A,N
6184,大豐電,N/A,N/A,N
6189,豐藝,N/A,N/A,N
6191,精成科,N/A,N/A,N
6192,巨路,N/A,N/A,N
6196,帆宣,0.226000 ,母公司-南科廠區,ISO 50001
6197,佳必琪,N/A,N/A,N
6201,亞弘電,N/A,N/A,N
6202,盛群,N/A,N/A,N
6205,詮欣,0.000000 ,母公司,N
6206,飛捷,N/A,N/A,N
6209,今國光,N/A,N/A,N
6213,聯茂,N/A,N/A,ISO 50001
6214,精誠,0.014740 ,僅母公司,ISO 50001
6215,和椿,0.000000 ,台灣全部公司,N
6216,居易,N/A,N/A,N
6224,聚鼎,N/A,N/A,N
6225,天瀚,N/A,N/A,N
6226,光鼎,N/A,N/A,N
6230,尼得科超眾,N/A,N/A,N
6235,華孚,N/A,N/A,N
6239,力成,0.000200 ,僅台灣地區力成科技,ISO 50001
6243,迅杰,N/A,N/A,N
6257,矽格,0.000000 ,矽格北興廠區 中興廠區 湖口廠區,N
6269,台郡,N/A,N/A,N
6271,同欣電,N/A,N/A,N
6277,宏正,N/A,N/A,N
6278,台表科,N/A,N/A,N
6281,全國電,N/A,N/A,N
6282,康舒,0.056900 ,包含合併財務報表之母子公司,ISO 50001
6283,淳安,N/A,N/A,N
6285,啟,0.066500 ,再生能源使用率計算範圍為祫`部、力行廠、南科廠、ㄗ峞Bㄦs、ㄟ禰矇驉]昆山）、ㄟ禰矇驉]昆山）、越南廠。,ISO 50001
6288,聯嘉,N/A,N/A,N
6405,悅城,N/A,N/A,N
6409,旭隼,0.000000 ,"1.旭隼科技主要業務為不斷電系統、太陽能產品、儲能系統、變頻器、電動車充電樁等產品
2.旭隼科技於生產製造，並未使用再生能源 ，也未使用煤炭/褐媒、天然氣、原油/柴油。
3.旭隼科技產品壽命結束後，再使用或者再生利用率均超過80%，可回收利用率均超過70%，符合歐盟WEEE指令的最新要求。
4.依IRENA的1.5°C路徑情境分析，到2050年前，按技術途徑劃分的全球二氧化碳減排量，25％依賴能源效率、25 ％依賴再生能源；而旭隼科技所有產品都具有能源效率效益、太陽能產品兼具能源效率以及再生能源效益；稱之為永續性產品。
5.請參閱本公司ESG報告及TCFD報告",ISO14607; 採用ISAE3000及ISAE3410進行確信
6412,群電,0.094600 ,使用太陽能發電與購買綠電憑證,ISO 50001
6414,樺漢,N/A,N/A,ISO 50001:2018
6415,矽力*-KY,N/A,N/A,N
6416,瑞祺電通,N/A,N/A,N
6426,統新,N/A,N/A,N
6431,光麗-KY,N/A,N/A,N
6438,迅得,N/A,N/A,N
6442,光聖,N/A,N/A,N
6443,元晶,0.000000 ,廠區用電來源為台電，廠區太陽能光電售於台電無列入,N
6446,藥華藥,N/A,N/A,N
6449,鈺邦,N/A,N/A,N
6451,訊芯-KY,0.040000 ,2022.1~2022.12訊芯電子科技(中山)有限公司及訊芸電子科技(中山)有限公司之廣東省中山市廠區,GB/T 23331-2020/ISO 50001 :2018
6456,GIS-KY,0.952900 ,本公司及子公司所有廠區,ISO 50001
6464,台數科,N/A,N/A,N
6472,保瑞,N/A,N/A,N
6477,安集,N/A,N/A,N
6491,晶碩,N/A,N/A,N
6504,南六,N/A,N/A,N
6505,台塑化,0.000000 ,母公司,N
6515,穎崴,N/A,N/A,N
6525,捷敏-KY,N/A,N/A,N
6531,愛普*,N/A,N/A,N
6533,晶心科,N/A,N/A,N
6541,泰福-KY,N/A,N/A,N
6550,北極星藥業-KY,N/A,N/A,N
6552,易華電,N/A,N/A,N
6558,興能高,N/A,N/A,N
6573,虹揚-KY,N/A,N/A,N
6579,研揚,N/A,N/A,N
6581,鋼聯,0.083111 ,僅母公司,N
6582,申豐,N/A,N/A,N
6585,鼎基,N/A,N/A,N
6591,動力-KY,N/A,N/A,N
6592,和潤企業,N/A,N/A,N
6598,ABC-KY,N/A,N/A,N
6605,帝寶,N/A,N/A,N
6606,建德工業,N/A,N/A,N
6625,必應,N/A,N/A,N
6641,基士德-KY,0.502380 ,合併報表之子公司之一-川源(中國)平湖廠區,N
6655,科定,N/A,N/A,N
6657,華安,N/A,N/A,N
6666,羅麗芬-KY,N/A,N/A,ISO 50001
6668,中揚光,N/A,N/A,N
6669,緯穎,0.277300 ,母公司及全球主要營運與製造廠區(緯穎科技墨西哥子公司),ISO 50001
6670,復盛應用,0.007800 ,桃園廠,N
6671,三能-KY,0.000000 ,合併財務報表之母子公司,N
6672,騰輝電子-KY,N/A,N/A,N
6674,鋐寶科技,N/A,N/A,N
6689,伊雲谷,0.024217 ,母公司,N
6691,洋基工程,N/A,N/A,N
6695,芯鼎,N/A,N/A,N
6698,旭暉應材,N/A,N/A,N
6706,惠特,N/A,N/A,N
6715,嘉基,N/A,N/A,N
6719,力智,N/A,N/A,N
6743,安普新,N/A,N/A,N
6753,龍德造船,N/A,N/A,N
6754,匯僑設計,N/A,N/A,N
6756,威鋒電子,N/A,N/A,N
6768,志強-KY,N/A,N/A,N
6770,力積電,0.000000 ,母公司,ISO 50001
6776,展眥篕,0.000000 ,申報公司及100%持股子公司及博瑞達總部,N
6781,AES-KY,0.540000 ,資料涵蓋範圍包含合併財務報表之母子公司，使用太陽能發電與購買綠電憑證,N
6782,視陽,0.062800 ,範疇二,N
6789,采鈺,0.366000 ,采鈺新竹廠區,ISO 50001
6790,永豐實,N/A,N/A,ISO 50001
6792,詠業,0.000000 ,母公司,N
6796,晉弘,N/A,N/A,N
6799,來頡,N/A,N/A,N
6806,森崴能源,0.006000 ,"涵蓋森崴能源母公司頂埔大樓8F總部及一處台南歸仁辦公室據點，另本公司無直接使用再生能源，使用電力皆來自台電供電，另有購買2022年綠電憑證(T-REC)2張，共2,000度電。",N
6807,峰源-KY,0.193548 ,主要生產基地,N
6830,汎銓,0.000000 ,合併財務報表之母子公司,N
6834,天二科技,N/A,N/A,N
6835,圓裕,N/A,N/A,N
6854,錼創科技-KY創,N/A,N/A,N
6861,睿生光電,0.000000 ,僅母公司,N
6863,永道-KY,N/A,N/A,N
6869,雲豹能源-創,N/A,N/A,N
6873,泓德能源-創,0.110000 ,包含合併財務報表之母子公司,N
8011,台通,N/A,N/A,N
8016,矽創,N/A,N/A,N
8021,尖點,0.002100 ,僅母公司,N
8028,昇陽半導體,N/A,N/A,N
8033,雷虎,N/A,N/A,N
8039,台虹,N/A,N/A,N
8046,南電,0.000000 ,母公司,N
8070,長華*,0.000000 ,包含合併財務報表之母子公司,N
8072,陞泰,N/A,N/A,N
8081,致新,N/A,N/A,N
8101,華冠,N/A,N/A,N
8103,瀚荃,N/A,N/A,N
8104,錸寶,0.014400 ,母公司-錸寶,N
8105,凌巨,N/A,N/A,N
8110,華東,N/A,N/A,N
8112,至上,N/A,N/A,N
8114,振樺電,N/A,N/A,N
8131,福懋科,N/A,N/A,ISO 50001
8150,南茂,0.000017 ,母公司(台灣六個廠區),ISO 50001
8163,達方,0.051817 ,母公司(台灣廠區及中國廠區),N
8201,無敵,0.000000 ,母公司,N
8210,勤誠,0.054000 ,邊界為總部/嘉義廠/勤昆廠/前盛廠,N
8213,志超,N/A,N/A,N
8215,明基材,0.130930 ,包含合併財務報表之母子公司,ISO 50001
8222,寶一,N/A,N/A,N
8249,菱光,N/A,N/A,N
8261,富鼎,N/A,N/A,N
8271,宇瞻,N/A,N/A,N
8341,日友,N/A,N/A,N
8367,建新國際,N/A,N/A,N
8374,羅昇,N/A,N/A,N
8404,百和興業-KY,0.362991 ,江蘇百宏複合材料科技股份有限公司(原公司名稱:無錫百和織造股份有限公司)、東莞百宏實業有限公司、越南百宏責任有限公司,N
8411,福貞-KY,N/A,N/A,N
8422,可寧衛,N/A,N/A,ISO 50001
8429,金麗-KY,N/A,N/A,N
8438,昶昕,N/A,N/A,N
8442,威宏-KY,N/A,N/A,N
8443,阿瘦,N/A,N/A,N
8454,富邦媒,N/A,N/A,N
8462,柏文,N/A,N/A,N
8463,潤泰材,N/A,N/A,N
8464,億豐,N/A,N/A,N
8466,美吉吉-KY,N/A,N/A,N
8467,波力-KY,0.156000 ,2022年,中&#21326;人民共和&#22269;&#30005;力法
8473,山林水,N/A,N/A,N
8476,台境,N/A,N/A,N
8478,東哥遊艇,N/A,N/A,N
8481,政伸,0.028800 ,僅母公司,N
8482,商億-KY,N/A,N/A,N
8488,吉源-KY,N/A,N/A,N
8499,鼎炫-KY,N/A,N/A,N
8926,台汽電,N/A,N/A,N
8940,新天地,N/A,N/A,N
8996,高力,N/A,N/A,N
9802,鈺齊-KY,0.038633 ,台灣總部、中國和誠廠、柬埔寨齊鼎廠、越南鈺齊廠,N
9902,台火,N/A,N/A,N
9904,寶成,0.127419 ,本公司製鞋廠區,約有22%製鞋工廠，通過ISO 50001驗證。
9905,大華,N/A,N/A,N
9906,欣巴巴,N/A,N/A,N
9907,統一實,N/A,N/A,N
9908,大台北,N/A,N/A,ISO 50001
9910,豐泰,0.127179 ,包含合併財務報表之母子公司,N
9911,櫻花,N/A,N/A,N
9912,偉聯,N/A,N/A,N
9914,美利達,0.000000 ,僅母公司,N
9917,中保科,N/A,N/A,N
9918,欣天然,N/A,N/A,N
9919,康那香,N/A,N/A,N
9921,巨大,0.073300 ,巨大集團大中華區所有自行車生產據點,N
9924,福興,N/A,N/A,N
9925,新保,N/A,N/A,N
9926,新海,N/A,N/A,N
9927,泰銘,N/A,N/A,N
9928,中視,N/A,N/A,N
9929,秋雨,N/A,N/A,N
9930,中聯資源,N/A,N/A,ISO 50001
9931,欣高,N/A,N/A,N
9933,中鼎,0.020000 ,母公司總部大樓,AA1000
9934,成霖,N/A,N/A,N
9935,慶豐富,N/A,N/A,N
9937,全國,0.000000 ,涵蓋本公司所有營運據點及出租加油站予本公司之100%子公司埔祥開發(股)公司及上員(股)公司。,N
9938,百和,0.020438 ,僅母公司,ISO 50001
9939,宏全,N/A,N/A,N
9940,信義,0.030852 ,信義房屋股份有限公司,ISO50001 (預計2023Q3完成查證)
9941,裕融,0.000000 ,母公司+子公司新鑫、裕富數位,N
9942,茂順,N/A,N/A,N
9943,好樂迪,N/A,N/A,N
9944,新麗,N/A,N/A,N
9945,潤泰新,N/A,N/A,N
9946,三發地產,N/A,N/A,N
9955,佳龍,N/A,N/A,N
9958,世紀鋼,N/A,N/A,ISO 50001
